run_id,day_users,target_residents,feasible_archive,feasible_final,observed_status,pop_size,generations,code_sha,config_hash,site_data_hash,module_library_hash,campaign_id
capacity_d8_r8_s123,8,8,72,12,feasible_found,12,6,7f4e58df45552ed13206f17d29fb7325fc0229a031af76a25cff62ed9eb1baae,a0f171f84ed0fc1d95becbaba68b34c4b5254a79c25e818a3a56d1c25ab8abd1,c0176a8e7d07b6edd9ca666c81afedf635494e6a8a5c5a045a7ee9fb44eb82d9,61b9c8d3f724f630b2359ef156950c9013ad0008e3fa3b427ebb4cfae2f89748,v41-463e8d1eca6867a9
capacity_d8_r16_s123,8,16,65,12,feasible_found,12,6,7f4e58df45552ed13206f17d29fb7325fc0229a031af76a25cff62ed9eb1baae,a0f171f84ed0fc1d95becbaba68b34c4b5254a79c25e818a3a56d1c25ab8abd1,c0176a8e7d07b6edd9ca666c81afedf635494e6a8a5c5a045a7ee9fb44eb82d9,61b9c8d3f724f630b2359ef156950c9013ad0008e3fa3b427ebb4cfae2f89748,v41-463e8d1eca6867a9
capacity_d8_r24_s123,8,24,55,12,feasible_found,12,6,7f4e58df45552ed13206f17d29fb7325fc0229a031af76a25cff62ed9eb1baae,a0f171f84ed0fc1d95becbaba68b34c4b5254a79c25e818a3a56d1c25ab8abd1,c0176a8e7d07b6edd9ca666c81afedf635494e6a8a5c5a045a7ee9fb44eb82d9,61b9c8d3f724f630b2359ef156950c9013ad0008e3fa3b427ebb4cfae2f89748,v41-463e8d1eca6867a9
capacity_d8_r32_s123,8,32,46,12,feasible_found,12,6,7f4e58df45552ed13206f17d29fb7325fc0229a031af76a25cff62ed9eb1baae,a0f171f84ed0fc1d95becbaba68b34c4b5254a79c25e818a3a56d1c25ab8abd1,c0176a8e7d07b6edd9ca666c81afedf635494e6a8a5c5a045a7ee9fb44eb82d9,61b9c8d3f724f630b2359ef156950c9013ad0008e3fa3b427ebb4cfae2f89748,v41-463e8d1eca6867a9
capacity_d16_r8_s123,16,8,72,12,feasible_found,12,6,7f4e58df45552ed13206f17d29fb7325fc0229a031af76a25cff62ed9eb1baae,a0f171f84ed0fc1d95becbaba68b34c4b5254a79c25e818a3a56d1c25ab8abd1,c0176a8e7d07b6edd9ca666c81afedf635494e6a8a5c5a045a7ee9fb44eb82d9,61b9c8d3f724f630b2359ef156950c9013ad0008e3fa3b427ebb4cfae2f89748,v41-463e8d1eca6867a9
capacity_d16_r16_s123,16,16,65,12,feasible_found,12,6,7f4e58df45552ed13206f17d29fb7325fc0229a031af76a25cff62ed9eb1baae,a0f171f84ed0fc1d95becbaba68b34c4b5254a79c25e818a3a56d1c25ab8abd1,c0176a8e7d07b6edd9ca666c81afedf635494e6a8a5c5a045a7ee9fb44eb82d9,61b9c8d3f724f630b2359ef156950c9013ad0008e3fa3b427ebb4cfae2f89748,v41-463e8d1eca6867a9
capacity_d16_r24_s123,16,24,55,12,feasible_found,12,6,7f4e58df45552ed13206f17d29fb7325fc0229a031af76a25cff62ed9eb1baae,a0f171f84ed0fc1d95becbaba68b34c4b5254a79c25e818a3a56d1c25ab8abd1,c0176a8e7d07b6edd9ca666c81afedf635494e6a8a5c5a045a7ee9fb44eb82d9,61b9c8d3f724f630b2359ef156950c9013ad0008e3fa3b427ebb4cfae2f89748,v41-463e8d1eca6867a9
capacity_d16_r32_s123,16,32,46,12,feasible_found,12,6,7f4e58df45552ed13206f17d29fb7325fc0229a031af76a25cff62ed9eb1baae,a0f171f84ed0fc1d95becbaba68b34c4b5254a79c25e818a3a56d1c25ab8abd1,c0176a8e7d07b6edd9ca666c81afedf635494e6a8a5c5a045a7ee9fb44eb82d9,61b9c8d3f724f630b2359ef156950c9013ad0008e3fa3b427ebb4cfae2f89748,v41-463e8d1eca6867a9
capacity_d24_r8_s123,24,8,72,12,feasible_found,12,6,7f4e58df45552ed13206f17d29fb7325fc0229a031af76a25cff62ed9eb1baae,a0f171f84ed0fc1d95becbaba68b34c4b5254a79c25e818a3a56d1c25ab8abd1,c0176a8e7d07b6edd9ca666c81afedf635494e6a8a5c5a045a7ee9fb44eb82d9,61b9c8d3f724f630b2359ef156950c9013ad0008e3fa3b427ebb4cfae2f89748,v41-463e8d1eca6867a9
capacity_d24_r16_s123,24,16,65,12,feasible_found,12,6,7f4e58df45552ed13206f17d29fb7325fc0229a031af76a25cff62ed9eb1baae,a0f171f84ed0fc1d95becbaba68b34c4b5254a79c25e818a3a56d1c25ab8abd1,c0176a8e7d07b6edd9ca666c81afedf635494e6a8a5c5a045a7ee9fb44eb82d9,61b9c8d3f724f630b2359ef156950c9013ad0008e3fa3b427ebb4cfae2f89748,v41-463e8d1eca6867a9
capacity_d24_r24_s123,24,24,55,12,feasible_found,12,6,7f4e58df45552ed13206f17d29fb7325fc0229a031af76a25cff62ed9eb1baae,a0f171f84ed0fc1d95becbaba68b34c4b5254a79c25e818a3a56d1c25ab8abd1,c0176a8e7d07b6edd9ca666c81afedf635494e6a8a5c5a045a7ee9fb44eb82d9,61b9c8d3f724f630b2359ef156950c9013ad0008e3fa3b427ebb4cfae2f89748,v41-463e8d1eca6867a9
capacity_d24_r32_s123,24,32,46,12,feasible_found,12,6,7f4e58df45552ed13206f17d29fb7325fc0229a031af76a25cff62ed9eb1baae,a0f171f84ed0fc1d95becbaba68b34c4b5254a79c25e818a3a56d1c25ab8abd1,c0176a8e7d07b6edd9ca666c81afedf635494e6a8a5c5a045a7ee9fb44eb82d9,61b9c8d3f724f630b2359ef156950c9013ad0008e3fa3b427ebb4cfae2f89748,v41-463e8d1eca6867a9
capacity_d32_r8_s123,32,8,72,12,feasible_found,12,6,7f4e58df45552ed13206f17d29fb7325fc0229a031af76a25cff62ed9eb1baae,a0f171f84ed0fc1d95becbaba68b34c4b5254a79c25e818a3a56d1c25ab8abd1,c0176a8e7d07b6edd9ca666c81afedf635494e6a8a5c5a045a7ee9fb44eb82d9,61b9c8d3f724f630b2359ef156950c9013ad0008e3fa3b427ebb4cfae2f89748,v41-463e8d1eca6867a9
capacity_d32_r16_s123,32,16,65,12,feasible_found,12,6,7f4e58df45552ed13206f17d29fb7325fc0229a031af76a25cff62ed9eb1baae,a0f171f84ed0fc1d95becbaba68b34c4b5254a79c25e818a3a56d1c25ab8abd1,c0176a8e7d07b6edd9ca666c81afedf635494e6a8a5c5a045a7ee9fb44eb82d9,61b9c8d3f724f630b2359ef156950c9013ad0008e3fa3b427ebb4cfae2f89748,v41-463e8d1eca6867a9
capacity_d32_r24_s123,32,24,55,12,feasible_found,12,6,7f4e58df45552ed13206f17d29fb7325fc0229a031af76a25cff62ed9eb1baae,a0f171f84ed0fc1d95becbaba68b34c4b5254a79c25e818a3a56d1c25ab8abd1,c0176a8e7d07b6edd9ca666c81afedf635494e6a8a5c5a045a7ee9fb44eb82d9,61b9c8d3f724f630b2359ef156950c9013ad0008e3fa3b427ebb4cfae2f89748,v41-463e8d1eca6867a9
capacity_d32_r32_s123,32,32,46,12,feasible_found,12,6,7f4e58df45552ed13206f17d29fb7325fc0229a031af76a25cff62ed9eb1baae,a0f171f84ed0fc1d95becbaba68b34c4b5254a79c25e818a3a56d1c25ab8abd1,c0176a8e7d07b6edd9ca666c81afedf635494e6a8a5c5a045a7ee9fb44eb82d9,61b9c8d3f724f630b2359ef156950c9013ad0008e3fa3b427ebb4cfae2f89748,v41-463e8d1eca6867a9
capacity_d40_r8_s123,40,8,72,12,feasible_found,12,6,7f4e58df45552ed13206f17d29fb7325fc0229a031af76a25cff62ed9eb1baae,a0f171f84ed0fc1d95becbaba68b34c4b5254a79c25e818a3a56d1c25ab8abd1,c0176a8e7d07b6edd9ca666c81afedf635494e6a8a5c5a045a7ee9fb44eb82d9,61b9c8d3f724f630b2359ef156950c9013ad0008e3fa3b427ebb4cfae2f89748,v41-463e8d1eca6867a9
capacity_d40_r16_s123,40,16,65,12,feasible_found,12,6,7f4e58df45552ed13206f17d29fb7325fc0229a031af76a25cff62ed9eb1baae,a0f171f84ed0fc1d95becbaba68b34c4b5254a79c25e818a3a56d1c25ab8abd1,c0176a8e7d07b6edd9ca666c81afedf635494e6a8a5c5a045a7ee9fb44eb82d9,61b9c8d3f724f630b2359ef156950c9013ad0008e3fa3b427ebb4cfae2f89748,v41-463e8d1eca6867a9
capacity_d40_r24_s123,40,24,55,12,feasible_found,12,6,7f4e58df45552ed13206f17d29fb7325fc0229a031af76a25cff62ed9eb1baae,a0f171f84ed0fc1d95becbaba68b34c4b5254a79c25e818a3a56d1c25ab8abd1,c0176a8e7d07b6edd9ca666c81afedf635494e6a8a5c5a045a7ee9fb44eb82d9,61b9c8d3f724f630b2359ef156950c9013ad0008e3fa3b427ebb4cfae2f89748,v41-463e8d1eca6867a9
capacity_d40_r32_s123,40,32,46,12,feasible_found,12,6,7f4e58df45552ed13206f17d29fb7325fc0229a031af76a25cff62ed9eb1baae,a0f171f84ed0fc1d95becbaba68b34c4b5254a79c25e818a3a56d1c25ab8abd1,c0176a8e7d07b6edd9ca666c81afedf635494e6a8a5c5a045a7ee9fb44eb82d9,61b9c8d3f724f630b2359ef156950c9013ad0008e3fa3b427ebb4cfae2f89748,v41-463e8d1eca6867a9
capacity_d48_r8_s123,48,8,72,12,feasible_found,12,6,7f4e58df45552ed13206f17d29fb7325fc0229a031af76a25cff62ed9eb1baae,a0f171f84ed0fc1d95becbaba68b34c4b5254a79c25e818a3a56d1c25ab8abd1,c0176a8e7d07b6edd9ca666c81afedf635494e6a8a5c5a045a7ee9fb44eb82d9,61b9c8d3f724f630b2359ef156950c9013ad0008e3fa3b427ebb4cfae2f89748,v41-463e8d1eca6867a9
capacity_d48_r16_s123,48,16,67,12,feasible_found,12,6,7f4e58df45552ed13206f17d29fb7325fc0229a031af76a25cff62ed9eb1baae,a0f171f84ed0fc1d95becbaba68b34c4b5254a79c25e818a3a56d1c25ab8abd1,c0176a8e7d07b6edd9ca666c81afedf635494e6a8a5c5a045a7ee9fb44eb82d9,61b9c8d3f724f630b2359ef156950c9013ad0008e3fa3b427ebb4cfae2f89748,v41-463e8d1eca6867a9
capacity_d48_r24_s123,48,24,55,12,feasible_found,12,6,7f4e58df45552ed13206f17d29fb7325fc0229a031af76a25cff62ed9eb1baae,a0f171f84ed0fc1d95becbaba68b34c4b5254a79c25e818a3a56d1c25ab8abd1,c0176a8e7d07b6edd9ca666c81afedf635494e6a8a5c5a045a7ee9fb44eb82d9,61b9c8d3f724f630b2359ef156950c9013ad0008e3fa3b427ebb4cfae2f89748,v41-463e8d1eca6867a9
capacity_d48_r32_s123,48,32,42,12,feasible_found,12,6,7f4e58df45552ed13206f17d29fb7325fc0229a031af76a25cff62ed9eb1baae,a0f171f84ed0fc1d95becbaba68b34c4b5254a79c25e818a3a56d1c25ab8abd1,c0176a8e7d07b6edd9ca666c81afedf635494e6a8a5c5a045a7ee9fb44eb82d9,61b9c8d3f724f630b2359ef156950c9013ad0008e3fa3b427ebb4cfae2f89748,v41-463e8d1eca6867a9
