code,function,size,modularity_category,area_m2,program_composition,code_sha,config_hash,site_data_hash,module_library_hash,campaign_id
R4-S,R4,S,developmental,64.0,"[{""component"": ""personal_territory"", ""count"": 2, ""function_provenance"": ""[DESIGN HYPOTHESIS]"", ""count_provenance"": ""[DESIGN HYPOTHESIS]""}, {""component"": ""wash"", ""count"": 1, ""function_provenance"": ""[DESIGN HYPOTHESIS]"", ""count_provenance"": ""[DESIGN HYPOTHESIS]""}, {""component"": ""shared_domestic"", ""count"": 1, ""function_provenance"": ""[DESIGN HYPOTHESIS]"", ""count_provenance"": ""[DESIGN HYPOTHESIS]""}, {""component"": ""porch"", ""count"": 1, ""function_provenance"": ""[DESIGN HYPOTHESIS]"", ""count_provenance"": ""[DESIGN HYPOTHESIS]""}]",7f4e58df45552ed13206f17d29fb7325fc0229a031af76a25cff62ed9eb1baae,a0f171f84ed0fc1d95becbaba68b34c4b5254a79c25e818a3a56d1c25ab8abd1,c0176a8e7d07b6edd9ca666c81afedf635494e6a8a5c5a045a7ee9fb44eb82d9,61b9c8d3f724f630b2359ef156950c9013ad0008e3fa3b427ebb4cfae2f89748,v41-463e8d1eca6867a9
R4-M,R4,M,developmental,88.0,"[{""component"": ""personal_territory"", ""count"": 2, ""function_provenance"": ""[PA5 CORPUS]"", ""count_provenance"": ""[DESIGN HYPOTHESIS]""}, {""component"": ""wash"", ""count"": 2, ""function_provenance"": ""[PA5 CORPUS]"", ""count_provenance"": ""[DESIGN HYPOTHESIS]""}, {""component"": ""shared_domestic"", ""count"": 1, ""function_provenance"": ""[PA5 CORPUS]"", ""count_provenance"": ""[DESIGN HYPOTHESIS]""}, {""component"": ""retreat_edge"", ""count"": 1, ""function_provenance"": ""[PA5 CORPUS]"", ""count_provenance"": ""[DESIGN HYPOTHESIS]""}, {""component"": ""porch"", ""count"": 1, ""function_provenance"": ""[PA5 CORPUS]"", ""count_provenance"": ""[DESIGN HYPOTHESIS]""}]",7f4e58df45552ed13206f17d29fb7325fc0229a031af76a25cff62ed9eb1baae,a0f171f84ed0fc1d95becbaba68b34c4b5254a79c25e818a3a56d1c25ab8abd1,c0176a8e7d07b6edd9ca666c81afedf635494e6a8a5c5a045a7ee9fb44eb82d9,61b9c8d3f724f630b2359ef156950c9013ad0008e3fa3b427ebb4cfae2f89748,v41-463e8d1eca6867a9
R4-L,R4,L,developmental,120.0,"[{""component"": ""personal_territory"", ""count"": 3, ""function_provenance"": ""[DESIGN HYPOTHESIS]"", ""count_provenance"": ""[DESIGN HYPOTHESIS]""}, {""component"": ""wash"", ""count"": 2, ""function_provenance"": ""[DESIGN HYPOTHESIS]"", ""count_provenance"": ""[DESIGN HYPOTHESIS]""}, {""component"": ""shared_domestic"", ""count"": 2, ""function_provenance"": ""[DESIGN HYPOTHESIS]"", ""count_provenance"": ""[DESIGN HYPOTHESIS]""}, {""component"": ""retreat_edge"", ""count"": 2, ""function_provenance"": ""[DESIGN HYPOTHESIS]"", ""count_provenance"": ""[DESIGN HYPOTHESIS]""}, {""component"": ""porch"", ""count"": 2, ""function_provenance"": ""[DESIGN HYPOTHESIS]"", ""count_provenance"": ""[DESIGN HYPOTHESIS]""}]",7f4e58df45552ed13206f17d29fb7325fc0229a031af76a25cff62ed9eb1baae,a0f171f84ed0fc1d95becbaba68b34c4b5254a79c25e818a3a56d1c25ab8abd1,c0176a8e7d07b6edd9ca666c81afedf635494e6a8a5c5a045a7ee9fb44eb82d9,61b9c8d3f724f630b2359ef156950c9013ad0008e3fa3b427ebb4cfae2f89748,v41-463e8d1eca6867a9
A0-S,A0,S,developmental,30.0,"[{""component"": ""screened_reception"", ""count"": 1, ""function_provenance"": ""[DESIGN HYPOTHESIS]"", ""count_provenance"": ""[DESIGN HYPOTHESIS]""}, {""component"": ""waiting_bay"", ""count"": 1, ""function_provenance"": ""[DESIGN HYPOTHESIS]"", ""count_provenance"": ""[DESIGN HYPOTHESIS]""}, {""component"": ""orientation_point"", ""count"": 1, ""function_provenance"": ""[DESIGN HYPOTHESIS]"", ""count_provenance"": ""[DESIGN HYPOTHESIS]""}]",7f4e58df45552ed13206f17d29fb7325fc0229a031af76a25cff62ed9eb1baae,a0f171f84ed0fc1d95becbaba68b34c4b5254a79c25e818a3a56d1c25ab8abd1,c0176a8e7d07b6edd9ca666c81afedf635494e6a8a5c5a045a7ee9fb44eb82d9,61b9c8d3f724f630b2359ef156950c9013ad0008e3fa3b427ebb4cfae2f89748,v41-463e8d1eca6867a9
A0,A0,M,developmental,48.0,"[{""component"": ""screened_reception"", ""count"": 1, ""function_provenance"": ""[PA5 CORPUS]"", ""count_provenance"": ""[DESIGN HYPOTHESIS]""}, {""component"": ""waiting_bay"", ""count"": 2, ""function_provenance"": ""[PA5 CORPUS]"", ""count_provenance"": ""[DESIGN HYPOTHESIS]""}, {""component"": ""orientation_point"", ""count"": 1, ""function_provenance"": ""[PA5 CORPUS]"", ""count_provenance"": ""[DESIGN HYPOTHESIS]""}, {""component"": ""private_pause"", ""count"": 1, ""function_provenance"": ""[PA5 CORPUS]"", ""count_provenance"": ""[DESIGN HYPOTHESIS]""}]",7f4e58df45552ed13206f17d29fb7325fc0229a031af76a25cff62ed9eb1baae,a0f171f84ed0fc1d95becbaba68b34c4b5254a79c25e818a3a56d1c25ab8abd1,c0176a8e7d07b6edd9ca666c81afedf635494e6a8a5c5a045a7ee9fb44eb82d9,61b9c8d3f724f630b2359ef156950c9013ad0008e3fa3b427ebb4cfae2f89748,v41-463e8d1eca6867a9
B0-S,B0,S,developmental,48.0,"[{""component"": ""intake"", ""count"": 1, ""function_provenance"": ""[DESIGN HYPOTHESIS]"", ""count_provenance"": ""[DESIGN HYPOTHESIS]""}, {""component"": ""counselling"", ""count"": 1, ""function_provenance"": ""[DESIGN HYPOTHESIS]"", ""count_provenance"": ""[DESIGN HYPOTHESIS]""}]",7f4e58df45552ed13206f17d29fb7325fc0229a031af76a25cff62ed9eb1baae,a0f171f84ed0fc1d95becbaba68b34c4b5254a79c25e818a3a56d1c25ab8abd1,c0176a8e7d07b6edd9ca666c81afedf635494e6a8a5c5a045a7ee9fb44eb82d9,61b9c8d3f724f630b2359ef156950c9013ad0008e3fa3b427ebb4cfae2f89748,v41-463e8d1eca6867a9
B0,B0,M,developmental,80.0,"[{""component"": ""intake"", ""count"": 1, ""function_provenance"": ""[PA5 CORPUS]"", ""count_provenance"": ""[DESIGN HYPOTHESIS]""}, {""component"": ""counselling"", ""count"": 2, ""function_provenance"": ""[PA5 CORPUS]"", ""count_provenance"": ""[DESIGN HYPOTHESIS]""}, {""component"": ""safeguarding"", ""count"": 1, ""function_provenance"": ""[PA5 CORPUS]"", ""count_provenance"": ""[DESIGN HYPOTHESIS]""}, {""component"": ""staff_response"", ""count"": 1, ""function_provenance"": ""[PA5 CORPUS]"", ""count_provenance"": ""[DESIGN HYPOTHESIS]""}]",7f4e58df45552ed13206f17d29fb7325fc0229a031af76a25cff62ed9eb1baae,a0f171f84ed0fc1d95becbaba68b34c4b5254a79c25e818a3a56d1c25ab8abd1,c0176a8e7d07b6edd9ca666c81afedf635494e6a8a5c5a045a7ee9fb44eb82d9,61b9c8d3f724f630b2359ef156950c9013ad0008e3fa3b427ebb4cfae2f89748,v41-463e8d1eca6867a9
B0-L,B0,L,developmental,120.0,"[{""component"": ""intake"", ""count"": 2, ""function_provenance"": ""[DESIGN HYPOTHESIS]"", ""count_provenance"": ""[DESIGN HYPOTHESIS]""}, {""component"": ""counselling"", ""count"": 2, ""function_provenance"": ""[DESIGN HYPOTHESIS]"", ""count_provenance"": ""[DESIGN HYPOTHESIS]""}, {""component"": ""safeguarding"", ""count"": 1, ""function_provenance"": ""[DESIGN HYPOTHESIS]"", ""count_provenance"": ""[DESIGN HYPOTHESIS]""}, {""component"": ""staff_response"", ""count"": 1, ""function_provenance"": ""[DESIGN HYPOTHESIS]"", ""count_provenance"": ""[DESIGN HYPOTHESIS]""}, {""component"": ""quiet_room"", ""count"": 1, ""function_provenance"": ""[DESIGN HYPOTHESIS]"", ""count_provenance"": ""[DESIGN HYPOTHESIS]""}]",7f4e58df45552ed13206f17d29fb7325fc0229a031af76a25cff62ed9eb1baae,a0f171f84ed0fc1d95becbaba68b34c4b5254a79c25e818a3a56d1c25ab8abd1,c0176a8e7d07b6edd9ca666c81afedf635494e6a8a5c5a045a7ee9fb44eb82d9,61b9c8d3f724f630b2359ef156950c9013ad0008e3fa3b427ebb4cfae2f89748,v41-463e8d1eca6867a9
C0-S,C0,S,variational,80.0,"[{""component"": ""domestic_dining"", ""count"": 1, ""function_provenance"": ""[DESIGN HYPOTHESIS]"", ""count_provenance"": ""[DESIGN HYPOTHESIS]""}, {""component"": ""shared_everyday"", ""count"": 1, ""function_provenance"": ""[DESIGN HYPOTHESIS]"", ""count_provenance"": ""[DESIGN HYPOTHESIS]""}, {""component"": ""kitchen_interface"", ""count"": 1, ""function_provenance"": ""[DESIGN HYPOTHESIS]"", ""count_provenance"": ""[DESIGN HYPOTHESIS]""}]",7f4e58df45552ed13206f17d29fb7325fc0229a031af76a25cff62ed9eb1baae,a0f171f84ed0fc1d95becbaba68b34c4b5254a79c25e818a3a56d1c25ab8abd1,c0176a8e7d07b6edd9ca666c81afedf635494e6a8a5c5a045a7ee9fb44eb82d9,61b9c8d3f724f630b2359ef156950c9013ad0008e3fa3b427ebb4cfae2f89748,v41-463e8d1eca6867a9
C0,C0,M,developmental,120.0,"[{""component"": ""shared_dining"", ""count"": 1, ""function_provenance"": ""[PA5 CORPUS]"", ""count_provenance"": ""[DESIGN HYPOTHESIS]""}, {""component"": ""shared_everyday"", ""count"": 2, ""function_provenance"": ""[PA5 CORPUS]"", ""count_provenance"": ""[DESIGN HYPOTHESIS]""}, {""component"": ""kitchen_interface"", ""count"": 1, ""function_provenance"": ""[PA5 CORPUS]"", ""count_provenance"": ""[DESIGN HYPOTHESIS]""}, {""component"": ""outdoor_commons"", ""count"": 1, ""function_provenance"": ""[PA5 CORPUS]"", ""count_provenance"": ""[DESIGN HYPOTHESIS]""}]",7f4e58df45552ed13206f17d29fb7325fc0229a031af76a25cff62ed9eb1baae,a0f171f84ed0fc1d95becbaba68b34c4b5254a79c25e818a3a56d1c25ab8abd1,c0176a8e7d07b6edd9ca666c81afedf635494e6a8a5c5a045a7ee9fb44eb82d9,61b9c8d3f724f630b2359ef156950c9013ad0008e3fa3b427ebb4cfae2f89748,v41-463e8d1eca6867a9
C0-L,C0,L,developmental,168.0,"[{""component"": ""shared_dining"", ""count"": 2, ""function_provenance"": ""[DESIGN HYPOTHESIS]"", ""count_provenance"": ""[DESIGN HYPOTHESIS]""}, {""component"": ""shared_everyday"", ""count"": 2, ""function_provenance"": ""[DESIGN HYPOTHESIS]"", ""count_provenance"": ""[DESIGN HYPOTHESIS]""}, {""component"": ""kitchen_interface"", ""count"": 2, ""function_provenance"": ""[DESIGN HYPOTHESIS]"", ""count_provenance"": ""[DESIGN HYPOTHESIS]""}, {""component"": ""outdoor_commons"", ""count"": 1, ""function_provenance"": ""[DESIGN HYPOTHESIS]"", ""count_provenance"": ""[DESIGN HYPOTHESIS]""}]",7f4e58df45552ed13206f17d29fb7325fc0229a031af76a25cff62ed9eb1baae,a0f171f84ed0fc1d95becbaba68b34c4b5254a79c25e818a3a56d1c25ab8abd1,c0176a8e7d07b6edd9ca666c81afedf635494e6a8a5c5a045a7ee9fb44eb82d9,61b9c8d3f724f630b2359ef156950c9013ad0008e3fa3b427ebb4cfae2f89748,v41-463e8d1eca6867a9
H0-S,H0,S,variational,48.0,"[{""component"": ""tutorial_room"", ""count"": 1, ""function_provenance"": ""[DESIGN HYPOTHESIS]"", ""count_provenance"": ""[DESIGN HYPOTHESIS]""}, {""component"": ""quiet_study"", ""count"": 1, ""function_provenance"": ""[DESIGN HYPOTHESIS]"", ""count_provenance"": ""[DESIGN HYPOTHESIS]""}]",7f4e58df45552ed13206f17d29fb7325fc0229a031af76a25cff62ed9eb1baae,a0f171f84ed0fc1d95becbaba68b34c4b5254a79c25e818a3a56d1c25ab8abd1,c0176a8e7d07b6edd9ca666c81afedf635494e6a8a5c5a045a7ee9fb44eb82d9,61b9c8d3f724f630b2359ef156950c9013ad0008e3fa3b427ebb4cfae2f89748,v41-463e8d1eca6867a9
H0,H0,M,variational,64.0,"[{""component"": ""learning_room"", ""count"": 1, ""function_provenance"": ""[PA5 CORPUS]"", ""count_provenance"": ""[DESIGN HYPOTHESIS]""}, {""component"": ""quiet_study"", ""count"": 1, ""function_provenance"": ""[PA5 CORPUS]"", ""count_provenance"": ""[DESIGN HYPOTHESIS]""}, {""component"": ""resource_store"", ""count"": 1, ""function_provenance"": ""[PA5 CORPUS]"", ""count_provenance"": ""[DESIGN HYPOTHESIS]""}]",7f4e58df45552ed13206f17d29fb7325fc0229a031af76a25cff62ed9eb1baae,a0f171f84ed0fc1d95becbaba68b34c4b5254a79c25e818a3a56d1c25ab8abd1,c0176a8e7d07b6edd9ca666c81afedf635494e6a8a5c5a045a7ee9fb44eb82d9,61b9c8d3f724f630b2359ef156950c9013ad0008e3fa3b427ebb4cfae2f89748,v41-463e8d1eca6867a9
H0-L,H0,L,variational,100.0,"[{""component"": ""learning_room"", ""count"": 2, ""function_provenance"": ""[DESIGN HYPOTHESIS]"", ""count_provenance"": ""[DESIGN HYPOTHESIS]""}, {""component"": ""quiet_study"", ""count"": 2, ""function_provenance"": ""[DESIGN HYPOTHESIS]"", ""count_provenance"": ""[DESIGN HYPOTHESIS]""}, {""component"": ""resource_store"", ""count"": 1, ""function_provenance"": ""[DESIGN HYPOTHESIS]"", ""count_provenance"": ""[DESIGN HYPOTHESIS]""}]",7f4e58df45552ed13206f17d29fb7325fc0229a031af76a25cff62ed9eb1baae,a0f171f84ed0fc1d95becbaba68b34c4b5254a79c25e818a3a56d1c25ab8abd1,c0176a8e7d07b6edd9ca666c81afedf635494e6a8a5c5a045a7ee9fb44eb82d9,61b9c8d3f724f630b2359ef156950c9013ad0008e3fa3b427ebb4cfae2f89748,v41-463e8d1eca6867a9
J0-S,J0,S,variational,64.0,"[{""component"": ""craft_workshop"", ""count"": 1, ""function_provenance"": ""[DESIGN HYPOTHESIS]"", ""count_provenance"": ""[DESIGN HYPOTHESIS]""}, {""component"": ""tool_store"", ""count"": 1, ""function_provenance"": ""[DESIGN HYPOTHESIS]"", ""count_provenance"": ""[DESIGN HYPOTHESIS]""}]",7f4e58df45552ed13206f17d29fb7325fc0229a031af76a25cff62ed9eb1baae,a0f171f84ed0fc1d95becbaba68b34c4b5254a79c25e818a3a56d1c25ab8abd1,c0176a8e7d07b6edd9ca666c81afedf635494e6a8a5c5a045a7ee9fb44eb82d9,61b9c8d3f724f630b2359ef156950c9013ad0008e3fa3b427ebb4cfae2f89748,v41-463e8d1eca6867a9
J0,J0,M,variational,100.0,"[{""component"": ""workshop"", ""count"": 1, ""function_provenance"": ""[PA5 CORPUS]"", ""count_provenance"": ""[DESIGN HYPOTHESIS]""}, {""component"": ""production_bay"", ""count"": 1, ""function_provenance"": ""[PA5 CORPUS]"", ""count_provenance"": ""[DESIGN HYPOTHESIS]""}, {""component"": ""market_interface"", ""count"": 1, ""function_provenance"": ""[PA5 CORPUS]"", ""count_provenance"": ""[DESIGN HYPOTHESIS]""}]",7f4e58df45552ed13206f17d29fb7325fc0229a031af76a25cff62ed9eb1baae,a0f171f84ed0fc1d95becbaba68b34c4b5254a79c25e818a3a56d1c25ab8abd1,c0176a8e7d07b6edd9ca666c81afedf635494e6a8a5c5a045a7ee9fb44eb82d9,61b9c8d3f724f630b2359ef156950c9013ad0008e3fa3b427ebb4cfae2f89748,v41-463e8d1eca6867a9
J0-L,J0,L,variational,144.0,"[{""component"": ""workshop"", ""count"": 2, ""function_provenance"": ""[DESIGN HYPOTHESIS]"", ""count_provenance"": ""[DESIGN HYPOTHESIS]""}, {""component"": ""production_bay"", ""count"": 2, ""function_provenance"": ""[DESIGN HYPOTHESIS]"", ""count_provenance"": ""[DESIGN HYPOTHESIS]""}, {""component"": ""dedicated_store"", ""count"": 1, ""function_provenance"": ""[DESIGN HYPOTHESIS]"", ""count_provenance"": ""[DESIGN HYPOTHESIS]""}, {""component"": ""market_interface"", ""count"": 1, ""function_provenance"": ""[DESIGN HYPOTHESIS]"", ""count_provenance"": ""[DESIGN HYPOTHESIS]""}]",7f4e58df45552ed13206f17d29fb7325fc0229a031af76a25cff62ed9eb1baae,a0f171f84ed0fc1d95becbaba68b34c4b5254a79c25e818a3a56d1c25ab8abd1,c0176a8e7d07b6edd9ca666c81afedf635494e6a8a5c5a045a7ee9fb44eb82d9,61b9c8d3f724f630b2359ef156950c9013ad0008e3fa3b427ebb4cfae2f89748,v41-463e8d1eca6867a9
K0-S,K0,S,variational,64.0,"[{""component"": ""neighbourhood_room"", ""count"": 1, ""function_provenance"": ""[DESIGN HYPOTHESIS]"", ""count_provenance"": ""[DESIGN HYPOTHESIS]""}, {""component"": ""flexible_event_edge"", ""count"": 1, ""function_provenance"": ""[DESIGN HYPOTHESIS]"", ""count_provenance"": ""[DESIGN HYPOTHESIS]""}]",7f4e58df45552ed13206f17d29fb7325fc0229a031af76a25cff62ed9eb1baae,a0f171f84ed0fc1d95becbaba68b34c4b5254a79c25e818a3a56d1c25ab8abd1,c0176a8e7d07b6edd9ca666c81afedf635494e6a8a5c5a045a7ee9fb44eb82d9,61b9c8d3f724f630b2359ef156950c9013ad0008e3fa3b427ebb4cfae2f89748,v41-463e8d1eca6867a9
K0,K0,M,variational,144.0,"[{""component"": ""gathering_hall"", ""count"": 1, ""function_provenance"": ""[PA5 CORPUS]"", ""count_provenance"": ""[DESIGN HYPOTHESIS]""}, {""component"": ""event_support"", ""count"": 1, ""function_provenance"": ""[PA5 CORPUS]"", ""count_provenance"": ""[DESIGN HYPOTHESIS]""}, {""component"": ""community_edge"", ""count"": 1, ""function_provenance"": ""[PA5 CORPUS]"", ""count_provenance"": ""[DESIGN HYPOTHESIS]""}]",7f4e58df45552ed13206f17d29fb7325fc0229a031af76a25cff62ed9eb1baae,a0f171f84ed0fc1d95becbaba68b34c4b5254a79c25e818a3a56d1c25ab8abd1,c0176a8e7d07b6edd9ca666c81afedf635494e6a8a5c5a045a7ee9fb44eb82d9,61b9c8d3f724f630b2359ef156950c9013ad0008e3fa3b427ebb4cfae2f89748,v41-463e8d1eca6867a9
K0-L,K0,L,variational,196.0,"[{""component"": ""gathering_hall"", ""count"": 2, ""function_provenance"": ""[DESIGN HYPOTHESIS]"", ""count_provenance"": ""[DESIGN HYPOTHESIS]""}, {""component"": ""event_support"", ""count"": 2, ""function_provenance"": ""[DESIGN HYPOTHESIS]"", ""count_provenance"": ""[DESIGN HYPOTHESIS]""}, {""component"": ""community_edge"", ""count"": 1, ""function_provenance"": ""[DESIGN HYPOTHESIS]"", ""count_provenance"": ""[DESIGN HYPOTHESIS]""}]",7f4e58df45552ed13206f17d29fb7325fc0229a031af76a25cff62ed9eb1baae,a0f171f84ed0fc1d95becbaba68b34c4b5254a79c25e818a3a56d1c25ab8abd1,c0176a8e7d07b6edd9ca666c81afedf635494e6a8a5c5a045a7ee9fb44eb82d9,61b9c8d3f724f630b2359ef156950c9013ad0008e3fa3b427ebb4cfae2f89748,v41-463e8d1eca6867a9
I0-S,I0,S,variational,16.0,"[{""component"": ""individual_reflection"", ""count"": 1, ""function_provenance"": ""[DESIGN HYPOTHESIS]"", ""count_provenance"": ""[DESIGN HYPOTHESIS]""}, {""component"": ""quiet_edge"", ""count"": 1, ""function_provenance"": ""[DESIGN HYPOTHESIS]"", ""count_provenance"": ""[DESIGN HYPOTHESIS]""}]",7f4e58df45552ed13206f17d29fb7325fc0229a031af76a25cff62ed9eb1baae,a0f171f84ed0fc1d95becbaba68b34c4b5254a79c25e818a3a56d1c25ab8abd1,c0176a8e7d07b6edd9ca666c81afedf635494e6a8a5c5a045a7ee9fb44eb82d9,61b9c8d3f724f630b2359ef156950c9013ad0008e3fa3b427ebb4cfae2f89748,v41-463e8d1eca6867a9
I0,I0,M,variational,36.0,"[{""component"": ""reflection_room"", ""count"": 1, ""function_provenance"": ""[PA5 CORPUS]"", ""count_provenance"": ""[DESIGN HYPOTHESIS]""}, {""component"": ""quiet_edge"", ""count"": 1, ""function_provenance"": ""[PA5 CORPUS]"", ""count_provenance"": ""[DESIGN HYPOTHESIS]""}, {""component"": ""nature_interface"", ""count"": 1, ""function_provenance"": ""[PA5 CORPUS]"", ""count_provenance"": ""[DESIGN HYPOTHESIS]""}]",7f4e58df45552ed13206f17d29fb7325fc0229a031af76a25cff62ed9eb1baae,a0f171f84ed0fc1d95becbaba68b34c4b5254a79c25e818a3a56d1c25ab8abd1,c0176a8e7d07b6edd9ca666c81afedf635494e6a8a5c5a045a7ee9fb44eb82d9,61b9c8d3f724f630b2359ef156950c9013ad0008e3fa3b427ebb4cfae2f89748,v41-463e8d1eca6867a9
I0-L,I0,L,variational,64.0,"[{""component"": ""communal_prayer"", ""count"": 1, ""function_provenance"": ""[DESIGN HYPOTHESIS]"", ""count_provenance"": ""[DESIGN HYPOTHESIS]""}, {""component"": ""individual_reflection"", ""count"": 2, ""function_provenance"": ""[DESIGN HYPOTHESIS]"", ""count_provenance"": ""[DESIGN HYPOTHESIS]""}, {""component"": ""nature_interface"", ""count"": 1, ""function_provenance"": ""[DESIGN HYPOTHESIS]"", ""count_provenance"": ""[DESIGN HYPOTHESIS]""}]",7f4e58df45552ed13206f17d29fb7325fc0229a031af76a25cff62ed9eb1baae,a0f171f84ed0fc1d95becbaba68b34c4b5254a79c25e818a3a56d1c25ab8abd1,c0176a8e7d07b6edd9ca666c81afedf635494e6a8a5c5a045a7ee9fb44eb82d9,61b9c8d3f724f630b2359ef156950c9013ad0008e3fa3b427ebb4cfae2f89748,v41-463e8d1eca6867a9
L0,L0,S,variational,24.0,"[{""component"": ""decompression_threshold"", ""count"": 1, ""function_provenance"": ""[PA5 CORPUS]"", ""count_provenance"": ""[DESIGN HYPOTHESIS]""}, {""component"": ""orientation_point"", ""count"": 1, ""function_provenance"": ""[PA5 CORPUS]"", ""count_provenance"": ""[DESIGN HYPOTHESIS]""}]",7f4e58df45552ed13206f17d29fb7325fc0229a031af76a25cff62ed9eb1baae,a0f171f84ed0fc1d95becbaba68b34c4b5254a79c25e818a3a56d1c25ab8abd1,c0176a8e7d07b6edd9ca666c81afedf635494e6a8a5c5a045a7ee9fb44eb82d9,61b9c8d3f724f630b2359ef156950c9013ad0008e3fa3b427ebb4cfae2f89748,v41-463e8d1eca6867a9
L0-L,L0,M,variational,48.0,"[{""component"": ""decompression_threshold"", ""count"": 2, ""function_provenance"": ""[DESIGN HYPOTHESIS]"", ""count_provenance"": ""[DESIGN HYPOTHESIS]""}, {""component"": ""orientation_gallery"", ""count"": 1, ""function_provenance"": ""[DESIGN HYPOTHESIS]"", ""count_provenance"": ""[DESIGN HYPOTHESIS]""}, {""component"": ""screened_wait"", ""count"": 1, ""function_provenance"": ""[DESIGN HYPOTHESIS]"", ""count_provenance"": ""[DESIGN HYPOTHESIS]""}]",7f4e58df45552ed13206f17d29fb7325fc0229a031af76a25cff62ed9eb1baae,a0f171f84ed0fc1d95becbaba68b34c4b5254a79c25e818a3a56d1c25ab8abd1,c0176a8e7d07b6edd9ca666c81afedf635494e6a8a5c5a045a7ee9fb44eb82d9,61b9c8d3f724f630b2359ef156950c9013ad0008e3fa3b427ebb4cfae2f89748,v41-463e8d1eca6867a9
F0,F0,M,developmental,80.0,"[{""component"": ""kitchen"", ""count"": 1, ""function_provenance"": ""[PA5 CORPUS]"", ""count_provenance"": ""[DESIGN HYPOTHESIS]""}, {""component"": ""food_store"", ""count"": 1, ""function_provenance"": ""[PA5 CORPUS]"", ""count_provenance"": ""[DESIGN HYPOTHESIS]""}, {""component"": ""service_interface"", ""count"": 1, ""function_provenance"": ""[PA5 CORPUS]"", ""count_provenance"": ""[DESIGN HYPOTHESIS]""}]",7f4e58df45552ed13206f17d29fb7325fc0229a031af76a25cff62ed9eb1baae,a0f171f84ed0fc1d95becbaba68b34c4b5254a79c25e818a3a56d1c25ab8abd1,c0176a8e7d07b6edd9ca666c81afedf635494e6a8a5c5a045a7ee9fb44eb82d9,61b9c8d3f724f630b2359ef156950c9013ad0008e3fa3b427ebb4cfae2f89748,v41-463e8d1eca6867a9
F0-L,F0,L,developmental,120.0,"[{""component"": ""kitchen"", ""count"": 2, ""function_provenance"": ""[DESIGN HYPOTHESIS]"", ""count_provenance"": ""[DESIGN HYPOTHESIS]""}, {""component"": ""food_store"", ""count"": 2, ""function_provenance"": ""[DESIGN HYPOTHESIS]"", ""count_provenance"": ""[DESIGN HYPOTHESIS]""}, {""component"": ""service_interface"", ""count"": 1, ""function_provenance"": ""[DESIGN HYPOTHESIS]"", ""count_provenance"": ""[DESIGN HYPOTHESIS]""}, {""component"": ""staff_prep"", ""count"": 1, ""function_provenance"": ""[DESIGN HYPOTHESIS]"", ""count_provenance"": ""[DESIGN HYPOTHESIS]""}]",7f4e58df45552ed13206f17d29fb7325fc0229a031af76a25cff62ed9eb1baae,a0f171f84ed0fc1d95becbaba68b34c4b5254a79c25e818a3a56d1c25ab8abd1,c0176a8e7d07b6edd9ca666c81afedf635494e6a8a5c5a045a7ee9fb44eb82d9,61b9c8d3f724f630b2359ef156950c9013ad0008e3fa3b427ebb4cfae2f89748,v41-463e8d1eca6867a9
M0,M0,M,developmental,48.0,"[{""component"": ""maintenance"", ""count"": 1, ""function_provenance"": ""[PA5 CORPUS]"", ""count_provenance"": ""[DESIGN HYPOTHESIS]""}, {""component"": ""waste_hold"", ""count"": 1, ""function_provenance"": ""[PA5 CORPUS]"", ""count_provenance"": ""[DESIGN HYPOTHESIS]""}, {""component"": ""utility"", ""count"": 1, ""function_provenance"": ""[PA5 CORPUS]"", ""count_provenance"": ""[DESIGN HYPOTHESIS]""}]",7f4e58df45552ed13206f17d29fb7325fc0229a031af76a25cff62ed9eb1baae,a0f171f84ed0fc1d95becbaba68b34c4b5254a79c25e818a3a56d1c25ab8abd1,c0176a8e7d07b6edd9ca666c81afedf635494e6a8a5c5a045a7ee9fb44eb82d9,61b9c8d3f724f630b2359ef156950c9013ad0008e3fa3b427ebb4cfae2f89748,v41-463e8d1eca6867a9
M0-L,M0,L,developmental,80.0,"[{""component"": ""maintenance"", ""count"": 2, ""function_provenance"": ""[DESIGN HYPOTHESIS]"", ""count_provenance"": ""[DESIGN HYPOTHESIS]""}, {""component"": ""waste_hold"", ""count"": 1, ""function_provenance"": ""[DESIGN HYPOTHESIS]"", ""count_provenance"": ""[DESIGN HYPOTHESIS]""}, {""component"": ""utility"", ""count"": 2, ""function_provenance"": ""[DESIGN HYPOTHESIS]"", ""count_provenance"": ""[DESIGN HYPOTHESIS]""}, {""component"": ""service_yard"", ""count"": 1, ""function_provenance"": ""[DESIGN HYPOTHESIS]"", ""count_provenance"": ""[DESIGN HYPOTHESIS]""}]",7f4e58df45552ed13206f17d29fb7325fc0229a031af76a25cff62ed9eb1baae,a0f171f84ed0fc1d95becbaba68b34c4b5254a79c25e818a3a56d1c25ab8abd1,c0176a8e7d07b6edd9ca666c81afedf635494e6a8a5c5a045a7ee9fb44eb82d9,61b9c8d3f724f630b2359ef156950c9013ad0008e3fa3b427ebb4cfae2f89748,v41-463e8d1eca6867a9
