run_id,kind,seed,concurrent_day_users,target_residents,pop_size,generations,feasible_final,final_candidates,archive_count,all_pareto_size,final_pareto_size,distinct_signatures,search_space_collapse,runtime_s,code_sha,config_hash,site_data_hash,module_library_hash,campaign_id
main_s42,main,42,32,,32,16,32,32,544,213,32,431,False,12.16,7f4e58df45552ed13206f17d29fb7325fc0229a031af76a25cff62ed9eb1baae,a0f171f84ed0fc1d95becbaba68b34c4b5254a79c25e818a3a56d1c25ab8abd1,c0176a8e7d07b6edd9ca666c81afedf635494e6a8a5c5a045a7ee9fb44eb82d9,61b9c8d3f724f630b2359ef156950c9013ad0008e3fa3b427ebb4cfae2f89748,v41-463e8d1eca6867a9
main_s7,main,7,32,,32,16,32,32,544,136,32,373,False,11.43,7f4e58df45552ed13206f17d29fb7325fc0229a031af76a25cff62ed9eb1baae,a0f171f84ed0fc1d95becbaba68b34c4b5254a79c25e818a3a56d1c25ab8abd1,c0176a8e7d07b6edd9ca666c81afedf635494e6a8a5c5a045a7ee9fb44eb82d9,61b9c8d3f724f630b2359ef156950c9013ad0008e3fa3b427ebb4cfae2f89748,v41-463e8d1eca6867a9
main_s123,main,123,32,,32,16,32,32,544,142,32,409,False,13.34,7f4e58df45552ed13206f17d29fb7325fc0229a031af76a25cff62ed9eb1baae,a0f171f84ed0fc1d95becbaba68b34c4b5254a79c25e818a3a56d1c25ab8abd1,c0176a8e7d07b6edd9ca666c81afedf635494e6a8a5c5a045a7ee9fb44eb82d9,61b9c8d3f724f630b2359ef156950c9013ad0008e3fa3b427ebb4cfae2f89748,v41-463e8d1eca6867a9
day48_s42,day48,42,48,,32,16,32,32,544,213,32,430,False,12.29,7f4e58df45552ed13206f17d29fb7325fc0229a031af76a25cff62ed9eb1baae,a0f171f84ed0fc1d95becbaba68b34c4b5254a79c25e818a3a56d1c25ab8abd1,c0176a8e7d07b6edd9ca666c81afedf635494e6a8a5c5a045a7ee9fb44eb82d9,61b9c8d3f724f630b2359ef156950c9013ad0008e3fa3b427ebb4cfae2f89748,v41-463e8d1eca6867a9
day48_s7,day48,7,48,,32,16,32,32,544,136,32,373,False,12.13,7f4e58df45552ed13206f17d29fb7325fc0229a031af76a25cff62ed9eb1baae,a0f171f84ed0fc1d95becbaba68b34c4b5254a79c25e818a3a56d1c25ab8abd1,c0176a8e7d07b6edd9ca666c81afedf635494e6a8a5c5a045a7ee9fb44eb82d9,61b9c8d3f724f630b2359ef156950c9013ad0008e3fa3b427ebb4cfae2f89748,v41-463e8d1eca6867a9
capacity_d8_r8_s123,capacity,123,8,8,12,6,12,12,84,48,12,70,False,1.87,7f4e58df45552ed13206f17d29fb7325fc0229a031af76a25cff62ed9eb1baae,a0f171f84ed0fc1d95becbaba68b34c4b5254a79c25e818a3a56d1c25ab8abd1,c0176a8e7d07b6edd9ca666c81afedf635494e6a8a5c5a045a7ee9fb44eb82d9,61b9c8d3f724f630b2359ef156950c9013ad0008e3fa3b427ebb4cfae2f89748,v41-463e8d1eca6867a9
capacity_d8_r16_s123,capacity,123,8,16,12,6,12,12,84,43,12,55,False,2.0,7f4e58df45552ed13206f17d29fb7325fc0229a031af76a25cff62ed9eb1baae,a0f171f84ed0fc1d95becbaba68b34c4b5254a79c25e818a3a56d1c25ab8abd1,c0176a8e7d07b6edd9ca666c81afedf635494e6a8a5c5a045a7ee9fb44eb82d9,61b9c8d3f724f630b2359ef156950c9013ad0008e3fa3b427ebb4cfae2f89748,v41-463e8d1eca6867a9
capacity_d8_r24_s123,capacity,123,8,24,12,6,12,12,84,37,12,50,False,2.34,7f4e58df45552ed13206f17d29fb7325fc0229a031af76a25cff62ed9eb1baae,a0f171f84ed0fc1d95becbaba68b34c4b5254a79c25e818a3a56d1c25ab8abd1,c0176a8e7d07b6edd9ca666c81afedf635494e6a8a5c5a045a7ee9fb44eb82d9,61b9c8d3f724f630b2359ef156950c9013ad0008e3fa3b427ebb4cfae2f89748,v41-463e8d1eca6867a9
capacity_d8_r32_s123,capacity,123,8,32,12,6,12,12,84,34,12,39,False,2.35,7f4e58df45552ed13206f17d29fb7325fc0229a031af76a25cff62ed9eb1baae,a0f171f84ed0fc1d95becbaba68b34c4b5254a79c25e818a3a56d1c25ab8abd1,c0176a8e7d07b6edd9ca666c81afedf635494e6a8a5c5a045a7ee9fb44eb82d9,61b9c8d3f724f630b2359ef156950c9013ad0008e3fa3b427ebb4cfae2f89748,v41-463e8d1eca6867a9
capacity_d16_r8_s123,capacity,123,16,8,12,6,12,12,84,48,12,70,False,1.84,7f4e58df45552ed13206f17d29fb7325fc0229a031af76a25cff62ed9eb1baae,a0f171f84ed0fc1d95becbaba68b34c4b5254a79c25e818a3a56d1c25ab8abd1,c0176a8e7d07b6edd9ca666c81afedf635494e6a8a5c5a045a7ee9fb44eb82d9,61b9c8d3f724f630b2359ef156950c9013ad0008e3fa3b427ebb4cfae2f89748,v41-463e8d1eca6867a9
capacity_d16_r16_s123,capacity,123,16,16,12,6,12,12,84,43,12,55,False,1.97,7f4e58df45552ed13206f17d29fb7325fc0229a031af76a25cff62ed9eb1baae,a0f171f84ed0fc1d95becbaba68b34c4b5254a79c25e818a3a56d1c25ab8abd1,c0176a8e7d07b6edd9ca666c81afedf635494e6a8a5c5a045a7ee9fb44eb82d9,61b9c8d3f724f630b2359ef156950c9013ad0008e3fa3b427ebb4cfae2f89748,v41-463e8d1eca6867a9
capacity_d16_r24_s123,capacity,123,16,24,12,6,12,12,84,37,12,50,False,2.36,7f4e58df45552ed13206f17d29fb7325fc0229a031af76a25cff62ed9eb1baae,a0f171f84ed0fc1d95becbaba68b34c4b5254a79c25e818a3a56d1c25ab8abd1,c0176a8e7d07b6edd9ca666c81afedf635494e6a8a5c5a045a7ee9fb44eb82d9,61b9c8d3f724f630b2359ef156950c9013ad0008e3fa3b427ebb4cfae2f89748,v41-463e8d1eca6867a9
capacity_d16_r32_s123,capacity,123,16,32,12,6,12,12,84,34,12,39,False,2.48,7f4e58df45552ed13206f17d29fb7325fc0229a031af76a25cff62ed9eb1baae,a0f171f84ed0fc1d95becbaba68b34c4b5254a79c25e818a3a56d1c25ab8abd1,c0176a8e7d07b6edd9ca666c81afedf635494e6a8a5c5a045a7ee9fb44eb82d9,61b9c8d3f724f630b2359ef156950c9013ad0008e3fa3b427ebb4cfae2f89748,v41-463e8d1eca6867a9
capacity_d24_r8_s123,capacity,123,24,8,12,6,12,12,84,48,12,70,False,1.85,7f4e58df45552ed13206f17d29fb7325fc0229a031af76a25cff62ed9eb1baae,a0f171f84ed0fc1d95becbaba68b34c4b5254a79c25e818a3a56d1c25ab8abd1,c0176a8e7d07b6edd9ca666c81afedf635494e6a8a5c5a045a7ee9fb44eb82d9,61b9c8d3f724f630b2359ef156950c9013ad0008e3fa3b427ebb4cfae2f89748,v41-463e8d1eca6867a9
capacity_d24_r16_s123,capacity,123,24,16,12,6,12,12,84,43,12,55,False,1.97,7f4e58df45552ed13206f17d29fb7325fc0229a031af76a25cff62ed9eb1baae,a0f171f84ed0fc1d95becbaba68b34c4b5254a79c25e818a3a56d1c25ab8abd1,c0176a8e7d07b6edd9ca666c81afedf635494e6a8a5c5a045a7ee9fb44eb82d9,61b9c8d3f724f630b2359ef156950c9013ad0008e3fa3b427ebb4cfae2f89748,v41-463e8d1eca6867a9
capacity_d24_r24_s123,capacity,123,24,24,12,6,12,12,84,37,12,50,False,2.38,7f4e58df45552ed13206f17d29fb7325fc0229a031af76a25cff62ed9eb1baae,a0f171f84ed0fc1d95becbaba68b34c4b5254a79c25e818a3a56d1c25ab8abd1,c0176a8e7d07b6edd9ca666c81afedf635494e6a8a5c5a045a7ee9fb44eb82d9,61b9c8d3f724f630b2359ef156950c9013ad0008e3fa3b427ebb4cfae2f89748,v41-463e8d1eca6867a9
capacity_d24_r32_s123,capacity,123,24,32,12,6,12,12,84,34,12,39,False,2.35,7f4e58df45552ed13206f17d29fb7325fc0229a031af76a25cff62ed9eb1baae,a0f171f84ed0fc1d95becbaba68b34c4b5254a79c25e818a3a56d1c25ab8abd1,c0176a8e7d07b6edd9ca666c81afedf635494e6a8a5c5a045a7ee9fb44eb82d9,61b9c8d3f724f630b2359ef156950c9013ad0008e3fa3b427ebb4cfae2f89748,v41-463e8d1eca6867a9
capacity_d32_r8_s123,capacity,123,32,8,12,6,12,12,84,48,12,70,False,1.82,7f4e58df45552ed13206f17d29fb7325fc0229a031af76a25cff62ed9eb1baae,a0f171f84ed0fc1d95becbaba68b34c4b5254a79c25e818a3a56d1c25ab8abd1,c0176a8e7d07b6edd9ca666c81afedf635494e6a8a5c5a045a7ee9fb44eb82d9,61b9c8d3f724f630b2359ef156950c9013ad0008e3fa3b427ebb4cfae2f89748,v41-463e8d1eca6867a9
capacity_d32_r16_s123,capacity,123,32,16,12,6,12,12,84,43,12,55,False,2.01,7f4e58df45552ed13206f17d29fb7325fc0229a031af76a25cff62ed9eb1baae,a0f171f84ed0fc1d95becbaba68b34c4b5254a79c25e818a3a56d1c25ab8abd1,c0176a8e7d07b6edd9ca666c81afedf635494e6a8a5c5a045a7ee9fb44eb82d9,61b9c8d3f724f630b2359ef156950c9013ad0008e3fa3b427ebb4cfae2f89748,v41-463e8d1eca6867a9
capacity_d32_r24_s123,capacity,123,32,24,12,6,12,12,84,37,12,50,False,2.36,7f4e58df45552ed13206f17d29fb7325fc0229a031af76a25cff62ed9eb1baae,a0f171f84ed0fc1d95becbaba68b34c4b5254a79c25e818a3a56d1c25ab8abd1,c0176a8e7d07b6edd9ca666c81afedf635494e6a8a5c5a045a7ee9fb44eb82d9,61b9c8d3f724f630b2359ef156950c9013ad0008e3fa3b427ebb4cfae2f89748,v41-463e8d1eca6867a9
capacity_d32_r32_s123,capacity,123,32,32,12,6,12,12,84,34,12,39,False,2.36,7f4e58df45552ed13206f17d29fb7325fc0229a031af76a25cff62ed9eb1baae,a0f171f84ed0fc1d95becbaba68b34c4b5254a79c25e818a3a56d1c25ab8abd1,c0176a8e7d07b6edd9ca666c81afedf635494e6a8a5c5a045a7ee9fb44eb82d9,61b9c8d3f724f630b2359ef156950c9013ad0008e3fa3b427ebb4cfae2f89748,v41-463e8d1eca6867a9
capacity_d40_r8_s123,capacity,123,40,8,12,6,12,12,84,48,12,70,False,1.94,7f4e58df45552ed13206f17d29fb7325fc0229a031af76a25cff62ed9eb1baae,a0f171f84ed0fc1d95becbaba68b34c4b5254a79c25e818a3a56d1c25ab8abd1,c0176a8e7d07b6edd9ca666c81afedf635494e6a8a5c5a045a7ee9fb44eb82d9,61b9c8d3f724f630b2359ef156950c9013ad0008e3fa3b427ebb4cfae2f89748,v41-463e8d1eca6867a9
capacity_d40_r16_s123,capacity,123,40,16,12,6,12,12,84,43,12,55,False,1.96,7f4e58df45552ed13206f17d29fb7325fc0229a031af76a25cff62ed9eb1baae,a0f171f84ed0fc1d95becbaba68b34c4b5254a79c25e818a3a56d1c25ab8abd1,c0176a8e7d07b6edd9ca666c81afedf635494e6a8a5c5a045a7ee9fb44eb82d9,61b9c8d3f724f630b2359ef156950c9013ad0008e3fa3b427ebb4cfae2f89748,v41-463e8d1eca6867a9
capacity_d40_r24_s123,capacity,123,40,24,12,6,12,12,84,37,12,50,False,2.36,7f4e58df45552ed13206f17d29fb7325fc0229a031af76a25cff62ed9eb1baae,a0f171f84ed0fc1d95becbaba68b34c4b5254a79c25e818a3a56d1c25ab8abd1,c0176a8e7d07b6edd9ca666c81afedf635494e6a8a5c5a045a7ee9fb44eb82d9,61b9c8d3f724f630b2359ef156950c9013ad0008e3fa3b427ebb4cfae2f89748,v41-463e8d1eca6867a9
capacity_d40_r32_s123,capacity,123,40,32,12,6,12,12,84,34,12,39,False,2.39,7f4e58df45552ed13206f17d29fb7325fc0229a031af76a25cff62ed9eb1baae,a0f171f84ed0fc1d95becbaba68b34c4b5254a79c25e818a3a56d1c25ab8abd1,c0176a8e7d07b6edd9ca666c81afedf635494e6a8a5c5a045a7ee9fb44eb82d9,61b9c8d3f724f630b2359ef156950c9013ad0008e3fa3b427ebb4cfae2f89748,v41-463e8d1eca6867a9
capacity_d48_r8_s123,capacity,123,48,8,12,6,12,12,84,48,12,70,False,1.83,7f4e58df45552ed13206f17d29fb7325fc0229a031af76a25cff62ed9eb1baae,a0f171f84ed0fc1d95becbaba68b34c4b5254a79c25e818a3a56d1c25ab8abd1,c0176a8e7d07b6edd9ca666c81afedf635494e6a8a5c5a045a7ee9fb44eb82d9,61b9c8d3f724f630b2359ef156950c9013ad0008e3fa3b427ebb4cfae2f89748,v41-463e8d1eca6867a9
capacity_d48_r16_s123,capacity,123,48,16,12,6,12,12,84,44,12,57,False,1.99,7f4e58df45552ed13206f17d29fb7325fc0229a031af76a25cff62ed9eb1baae,a0f171f84ed0fc1d95becbaba68b34c4b5254a79c25e818a3a56d1c25ab8abd1,c0176a8e7d07b6edd9ca666c81afedf635494e6a8a5c5a045a7ee9fb44eb82d9,61b9c8d3f724f630b2359ef156950c9013ad0008e3fa3b427ebb4cfae2f89748,v41-463e8d1eca6867a9
capacity_d48_r24_s123,capacity,123,48,24,12,6,12,12,84,37,12,50,False,2.31,7f4e58df45552ed13206f17d29fb7325fc0229a031af76a25cff62ed9eb1baae,a0f171f84ed0fc1d95becbaba68b34c4b5254a79c25e818a3a56d1c25ab8abd1,c0176a8e7d07b6edd9ca666c81afedf635494e6a8a5c5a045a7ee9fb44eb82d9,61b9c8d3f724f630b2359ef156950c9013ad0008e3fa3b427ebb4cfae2f89748,v41-463e8d1eca6867a9
capacity_d48_r32_s123,capacity,123,48,32,12,6,12,12,84,30,12,33,False,2.33,7f4e58df45552ed13206f17d29fb7325fc0229a031af76a25cff62ed9eb1baae,a0f171f84ed0fc1d95becbaba68b34c4b5254a79c25e818a3a56d1c25ab8abd1,c0176a8e7d07b6edd9ca666c81afedf635494e6a8a5c5a045a7ee9fb44eb82d9,61b9c8d3f724f630b2359ef156950c9013ad0008e3fa3b427ebb4cfae2f89748,v41-463e8d1eca6867a9
