target_day_users,target_residents,seed,reachable
8,8,42,False
8,8,7,False
8,12,42,False
8,12,7,False
8,16,42,False
8,16,7,False
8,20,42,False
8,20,7,False
8,24,42,False
8,24,7,False
8,28,42,False
8,28,7,False
8,32,42,False
8,32,7,False
16,8,42,False
16,8,7,False
16,12,42,False
16,12,7,False
16,16,42,False
16,16,7,False
16,20,42,False
16,20,7,False
16,24,42,False
16,24,7,False
16,28,42,False
16,28,7,False
16,32,42,False
16,32,7,False
24,8,42,False
24,8,7,False
24,12,42,False
24,12,7,False
24,16,42,False
24,16,7,False
24,20,42,False
24,20,7,False
24,24,42,False
24,24,7,False
24,28,42,False
24,28,7,False
24,32,42,False
24,32,7,False
32,8,42,False
32,8,7,False
32,12,42,False
32,12,7,False
32,16,42,False
32,16,7,False
32,20,42,False
32,20,7,False
32,24,42,False
32,24,7,False
32,28,42,False
32,28,7,False
32,32,42,False
32,32,7,False
40,8,42,False
40,8,7,False
40,12,42,False
40,12,7,False
40,16,42,False
40,16,7,False
40,20,42,False
40,20,7,False
40,24,42,False
40,24,7,False
40,28,42,False
40,28,7,False
40,32,42,False
40,32,7,False
48,8,42,False
48,8,7,False
48,12,42,False
48,12,7,False
48,16,42,False
48,16,7,False
48,20,42,True
48,20,7,False
48,24,42,False
48,24,7,False
48,28,42,False
48,28,7,False
48,32,42,False
48,32,7,False
