tier,seed,target_day_users,r4_count,target_residents,reachable,feasible_in_stratum,feasible_total,site_response,access_clarity,landscape_quality,stacking_efficiency,exposure_gradient,phaseability,service_efficiency,climate_daylight,residents,day_users,staff,gfa,footprint,landscape_frac,floors,n_instances,stacked_pairs
2,42,8,2,8,False,0,0,,,,,,,,,,,,,,,,,
2,7,8,2,8,False,0,0,,,,,,,,,,,,,,,,,
2,42,8,3,12,False,0,0,,,,,,,,,,,,,,,,,
2,7,8,3,12,False,0,0,,,,,,,,,,,,,,,,,
2,42,8,4,16,False,0,0,,,,,,,,,,,,,,,,,
2,7,8,4,16,False,0,0,,,,,,,,,,,,,,,,,
2,42,8,5,20,False,0,0,,,,,,,,,,,,,,,,,
2,7,8,5,20,False,0,0,,,,,,,,,,,,,,,,,
2,42,8,6,24,False,0,0,,,,,,,,,,,,,,,,,
2,7,8,6,24,False,0,0,,,,,,,,,,,,,,,,,
2,42,8,7,28,False,0,0,,,,,,,,,,,,,,,,,
2,7,8,7,28,False,0,0,,,,,,,,,,,,,,,,,
2,42,8,8,32,False,0,0,,,,,,,,,,,,,,,,,
2,7,8,8,32,False,0,0,,,,,,,,,,,,,,,,,
2,42,16,2,8,False,0,0,,,,,,,,,,,,,,,,,
2,7,16,2,8,False,0,0,,,,,,,,,,,,,,,,,
2,42,16,3,12,False,0,0,,,,,,,,,,,,,,,,,
2,7,16,3,12,False,0,0,,,,,,,,,,,,,,,,,
2,42,16,4,16,False,0,0,,,,,,,,,,,,,,,,,
2,7,16,4,16,False,0,0,,,,,,,,,,,,,,,,,
2,42,16,5,20,False,0,0,,,,,,,,,,,,,,,,,
2,7,16,5,20,False,0,0,,,,,,,,,,,,,,,,,
2,42,16,6,24,False,0,0,,,,,,,,,,,,,,,,,
2,7,16,6,24,False,0,0,,,,,,,,,,,,,,,,,
2,42,16,7,28,False,0,0,,,,,,,,,,,,,,,,,
2,7,16,7,28,False,0,0,,,,,,,,,,,,,,,,,
2,42,16,8,32,False,0,0,,,,,,,,,,,,,,,,,
2,7,16,8,32,False,0,0,,,,,,,,,,,,,,,,,
2,42,24,2,8,False,0,0,,,,,,,,,,,,,,,,,
2,7,24,2,8,False,0,0,,,,,,,,,,,,,,,,,
2,42,24,3,12,False,0,0,,,,,,,,,,,,,,,,,
2,7,24,3,12,False,0,0,,,,,,,,,,,,,,,,,
2,42,24,4,16,False,0,0,,,,,,,,,,,,,,,,,
2,7,24,4,16,False,0,0,,,,,,,,,,,,,,,,,
2,42,24,5,20,False,0,0,,,,,,,,,,,,,,,,,
2,7,24,5,20,False,0,0,,,,,,,,,,,,,,,,,
2,42,24,6,24,False,0,0,,,,,,,,,,,,,,,,,
2,7,24,6,24,False,0,0,,,,,,,,,,,,,,,,,
2,42,24,7,28,False,0,0,,,,,,,,,,,,,,,,,
2,7,24,7,28,False,0,0,,,,,,,,,,,,,,,,,
2,42,24,8,32,False,0,0,,,,,,,,,,,,,,,,,
2,7,24,8,32,False,0,0,,,,,,,,,,,,,,,,,
2,42,32,2,8,False,0,0,,,,,,,,,,,,,,,,,
2,7,32,2,8,False,0,0,,,,,,,,,,,,,,,,,
2,42,32,3,12,False,0,0,,,,,,,,,,,,,,,,,
2,7,32,3,12,False,0,0,,,,,,,,,,,,,,,,,
2,42,32,4,16,False,0,0,,,,,,,,,,,,,,,,,
2,7,32,4,16,False,0,0,,,,,,,,,,,,,,,,,
2,42,32,5,20,False,0,0,,,,,,,,,,,,,,,,,
2,7,32,5,20,False,0,0,,,,,,,,,,,,,,,,,
2,42,32,6,24,False,0,0,,,,,,,,,,,,,,,,,
2,7,32,6,24,False,0,0,,,,,,,,,,,,,,,,,
2,42,32,7,28,False,0,0,,,,,,,,,,,,,,,,,
2,7,32,7,28,False,0,0,,,,,,,,,,,,,,,,,
2,42,32,8,32,False,0,0,,,,,,,,,,,,,,,,,
2,7,32,8,32,False,0,0,,,,,,,,,,,,,,,,,
2,42,40,2,8,False,0,0,,,,,,,,,,,,,,,,,
2,7,40,2,8,False,0,0,,,,,,,,,,,,,,,,,
2,42,40,3,12,False,0,0,,,,,,,,,,,,,,,,,
2,7,40,3,12,False,0,0,,,,,,,,,,,,,,,,,
2,42,40,4,16,False,0,0,,,,,,,,,,,,,,,,,
2,7,40,4,16,False,0,0,,,,,,,,,,,,,,,,,
2,42,40,5,20,False,0,0,,,,,,,,,,,,,,,,,
2,7,40,5,20,False,0,0,,,,,,,,,,,,,,,,,
2,42,40,6,24,False,0,0,,,,,,,,,,,,,,,,,
2,7,40,6,24,False,0,0,,,,,,,,,,,,,,,,,
2,42,40,7,28,False,0,0,,,,,,,,,,,,,,,,,
2,7,40,7,28,False,0,0,,,,,,,,,,,,,,,,,
2,42,40,8,32,False,0,0,,,,,,,,,,,,,,,,,
2,7,40,8,32,False,0,0,,,,,,,,,,,,,,,,,
2,42,48,2,8,False,0,1,,,,,,,,,,,,,,,,,
2,7,48,2,8,False,0,1,,,,,,,,,,,,,,,,,
2,42,48,3,12,False,0,1,,,,,,,,,,,,,,,,,
2,7,48,3,12,False,0,1,,,,,,,,,,,,,,,,,
2,42,48,4,16,False,0,1,,,,,,,,,,,,,,,,,
2,7,48,4,16,False,0,1,,,,,,,,,,,,,,,,,
2,42,48,5,20,True,1,1,0.3333333333333333,0.6348216392099687,0.29902922694363493,0.5,1.0,0.6333333333333333,0.4872990936011734,1.0,20.0,44.0,11.0,726.0,726.0,0.72,1.0,12.0,7.0
2,7,48,5,20,False,0,1,,,,,,,,,,,,,,,,,
2,42,48,6,24,False,0,1,,,,,,,,,,,,,,,,,
2,7,48,6,24,False,0,1,,,,,,,,,,,,,,,,,
2,42,48,7,28,False,0,1,,,,,,,,,,,,,,,,,
2,7,48,7,28,False,0,1,,,,,,,,,,,,,,,,,
2,42,48,8,32,False,0,1,,,,,,,,,,,,,,,,,
2,7,48,8,32,False,0,1,,,,,,,,,,,,,,,,,
