code,function_label,size_class,modularity_category,area_m2,max_floors,capacity_residents,capacity_day_users,capacity_staff,privacy_level,access_type,repeatable,stackable_above,stackable_below,rotation_policy,evidence_status
A0,Arrival,M,developmental,48.0,1,0,20,2,1,public+service,False,False,False,full,[PA5 CORPUS]
A0-S,Arrival,S,developmental,30.0,1,0,12,1,1,public+service,False,False,False,full,[DESIGN HYPOTHESIS]
B0,Care,M,developmental,80.0,1,0,8,4,2,public+service,False,False,False,orthogonal,[PA5 CORPUS]
B0-L,Care,L,developmental,120.0,1,0,14,6,2,public+service,False,False,False,orthogonal,[DESIGN HYPOTHESIS]
B0-S,Care,S,developmental,48.0,1,0,4,2,3,public+service,False,False,False,orthogonal,[DESIGN HYPOTHESIS]
C0,Commons,L,developmental,120.0,1,0,32,3,2,public+service,False,False,False,orthogonal,[PA5 CORPUS]
C0-L,Commons,L,developmental,168.0,1,0,48,5,2,public+service,False,False,False,orthogonal,[DESIGN HYPOTHESIS]
C0-S,Commons,S,variational,80.0,1,0,16,2,2,public+service,False,False,False,orthogonal,[DESIGN HYPOTHESIS]
F0,Service,M,developmental,80.0,1,0,0,4,1,public+service,False,False,False,orthogonal,[PA5 CORPUS]
F0-L,Service,L,developmental,120.0,1,0,0,6,1,public+service,False,False,False,orthogonal,[DESIGN HYPOTHESIS]
H0,Learning,M,variational,64.0,1,0,16,2,2,public+service,False,True,True,orthogonal,[PA5 CORPUS]
H0-L,Learning,L,variational,100.0,1,0,24,3,2,public+service,False,True,True,orthogonal,[DESIGN HYPOTHESIS]
H0-S,Learning,S,variational,48.0,1,0,8,1,2,public+service,False,True,True,orthogonal,[DESIGN HYPOTHESIS]
I0,Reflection,S,variational,36.0,1,0,8,0,3,public,False,True,True,orthogonal,[PA5 CORPUS]
I0-L,Reflection,M,variational,64.0,1,0,16,0,3,public,False,True,True,orthogonal,[DESIGN HYPOTHESIS]
I0-S,Reflection,S,variational,16.0,1,0,4,0,4,public,False,True,True,orthogonal,[DESIGN HYPOTHESIS]
J0,Livelihood,L,variational,100.0,1,0,12,2,2,public+service,False,False,False,orthogonal,[PA5 CORPUS]
J0-L,Livelihood,L,variational,144.0,1,0,20,3,2,public+service,False,False,False,orthogonal,[DESIGN HYPOTHESIS]
J0-S,Livelihood,S,variational,64.0,1,0,6,1,2,public+service,False,False,False,orthogonal,[DESIGN HYPOTHESIS]
K0,Community,L,variational,144.0,1,0,40,2,1,public+service,False,False,False,orthogonal,[PA5 CORPUS]
K0-L,Community,L,variational,196.0,1,0,56,3,1,public+service,False,False,False,orthogonal,[DESIGN HYPOTHESIS]
K0-S,Community,S,variational,64.0,1,0,16,1,1,public+service,False,False,False,orthogonal,[DESIGN HYPOTHESIS]
L0,Transition,S,variational,24.0,1,0,6,0,2,public,False,False,False,orthogonal,[PA5 CORPUS]
L0-L,Transition,M,variational,48.0,1,0,12,0,2,public,False,False,False,orthogonal,[DESIGN HYPOTHESIS]
M0,Maintenance,M,developmental,48.0,1,0,0,2,1,public+service,False,False,False,orthogonal,[PA5 CORPUS]
M0-L,Maintenance,L,developmental,80.0,1,0,0,3,1,public+service,False,False,False,orthogonal,[DESIGN HYPOTHESIS]
R4-L,Domestic,L,repeatable,120.0,1,6,0,0,3,public+service,True,False,False,orthogonal,[DESIGN HYPOTHESIS]
R4-M,Domestic,M,repeatable,88.0,1,4,0,0,3,public+service,True,False,False,orthogonal,[PA5 CORPUS]
R4-S,Domestic,S,repeatable,64.0,1,4,0,0,3,public+service,True,False,False,orthogonal,[PA5 CORPUS / DESIGN HYPOTHESIS]
