obj_F1_safeguarding,obj_F2_privacy_agency,obj_F3_everyday_life,obj_F4_service_separation,obj_F5_site_efficiency,obj_F6_adaptability,obj_F7_domestic_scale,obj_F8_community_connection,obj_F9_landscape_buffer,g_n_R4,g_has_H0,g_has_J0,g_has_K0,g_has_I0,g_has_L0,g_public_intensity,g_floors_C0,g_floors_H0,g_landscape_frac,g_service_depth,g_buffer_depth,g_reserve_area,n_R4,residents,day_users,gfa,footprint,landscape_frac,rank,cv,soft_cv,feasible,seed
0.3584,0.1667,0.1678,0.0042,0.284,0.1972,0.729,1.0,0.5963,2.0,0.0,0.0,0.0,0.0,0.0,2.0,1.0,2.0,0.3848840007568835,10.702323777723986,23.631605189354538,264.7401102453369,2,8,8,841,840.6,0.385,0,0.0,0.0,True,42
0.354,0.0,0.1702,0.0086,0.4143,0.2989,0.7092,0.3333,0.3215,2.0,1.0,1.0,1.0,1.0,0.0,2.0,1.0,2.0,0.4993605152243723,10.801919139104543,23.631605189354538,266.07412931378815,2,8,32,1335,1226.2,0.499,0,0.0,0.0,True,42
0.3281,0.0,0.2978,0.1134,0.4143,0.5805,0.276,0.0,0.4079,2.0,1.0,1.0,1.0,1.0,0.0,1.0,2.0,2.0,0.4633837847276282,9.81335790532196,21.601027567894405,114.02246196481809,2,8,32,1485,1226.2,0.463,0,0.0,0.0,True,42
0.3181,0.0,0.2872,0.1368,0.3912,0.3697,0.0683,0.3333,0.1002,3.0,1.0,1.0,0.0,0.0,0.0,2.0,2.0,2.0,0.5499201639708875,9.631991763483416,21.718654345464053,156.28426325668374,3,12,24,1417,1158.1,0.55,0,0.0,0.0,True,42
0.3237,0.0,0.3317,0.0577,0.4318,0.2086,0.1169,0.0,0.1411,3.0,1.0,1.0,1.0,0.0,0.0,1.0,2.0,2.0,0.5328859352116941,9.79347309758311,21.600493245889567,258.62829409771473,3,12,32,1537,1278.2,0.533,0,0.0,0.0,True,42
0.2761,0.0,0.3449,0.0936,0.284,0.348,0.2013,1.0,0.4262,2.0,0.0,0.0,0.0,0.0,0.0,1.0,2.0,2.0,0.455737146714703,10.711534037242044,21.961401986279913,183.33283399651492,2,8,8,991,840.6,0.456,0,0.0,0.0,True,42
0.1931,0.0,0.2366,0.0077,0.3326,0.5256,0.7993,0.6667,0.3852,2.0,1.0,0.0,0.0,1.0,0.0,2.0,2.0,2.0,0.4728468489613689,9.811489115991773,21.94117609220572,121.18550397247132,2,8,16,1243,984.6,0.473,0,0.0,2.687,True,42
0.1275,0.0,0.3544,0.0153,0.3205,0.2517,0.3586,1.0,0.2209,2.0,1.0,0.0,0.0,0.0,0.0,1.0,2.0,2.0,0.5412969584200622,10.401237442082042,21.464458109472375,254.06619529918407,2,8,16,1207,948.6,0.541,0,0.0,3.215,True,42
0.2302,0.0,0.3329,0.0267,0.4143,0.6143,0.6241,0.0,0.4983,2.0,1.0,1.0,1.0,1.0,0.0,1.0,2.0,2.0,0.4257270385254662,10.714241833961683,21.933128235728677,95.76673740173928,2,8,32,1485,1226.2,0.426,0,0.0,5.527,True,42
0.3691,0.1667,0.3456,0.0465,0.3205,0.2239,0.4834,0.6667,0.6091,2.0,1.0,0.0,0.0,0.0,0.0,2.0,2.0,1.0,0.3795212390756522,9.647273802572768,21.927072114387233,269.1128255280501,2,8,16,1099,948.6,0.38,0,0.0,6.105,True,42
0.2369,0.0,0.4,0.0099,0.3137,0.0915,0.0,1.0,0.2225,3.0,0.0,0.0,0.0,0.0,0.0,2.0,2.0,1.0,0.4989722901825761,9.811489115991773,21.94117609220572,265.5825035231651,3,12,8,1079,928.6,0.499,0,0.0,9.513,True,42
0.3446,0.0,0.1542,0.0113,0.3737,0.4568,0.7068,0.3333,0.597,2.0,1.0,1.0,0.0,1.0,0.0,2.0,1.0,2.0,0.38456564407414984,10.700563369619475,21.909247462259188,170.59403205651878,2,8,24,1215,1106.1,0.385,0,0.0,9.593,True,42
0.1692,0.1667,0.394,0.0381,0.284,0.4514,0.1346,1.0,0.6807,2.0,0.0,0.0,0.0,0.0,0.0,2.0,1.0,2.0,0.3497177998328089,9.659727854086448,21.830021345828357,127.50195293275081,2,8,8,841,840.6,0.35,0,0.0,10.39,True,42
0.3175,0.0,0.3283,0.0035,0.325,0.2462,0.6602,0.6667,0.5498,2.0,0.0,1.0,0.0,0.0,0.0,1.0,1.0,2.0,0.4042525970624169,10.70228442598236,24.253855586855693,257.07752647900674,2,8,16,963,962.1,0.404,0,0.0,14.017,True,42
0.4281,0.0,0.3644,0.0844,0.3372,0.2739,0.1977,0.6667,0.2151,2.0,0.0,1.0,0.0,1.0,0.0,1.0,1.0,2.0,0.5437210448217297,9.670834625285977,21.694163878813942,257.0776460867592,2,8,16,999,998.1,0.544,0,0.0,19.429,True,42
0.3829,0.0,0.3433,0.0556,0.3853,0.2967,0.4155,0.3333,0.2151,2.0,1.0,1.0,0.0,0.0,1.0,0.0,2.0,2.0,0.5437210448217297,9.662166569735,21.694391563709814,257.0776460867592,2,8,24,1399,1140.4,0.544,0,0.0,5.897,True,42
0.2855,0.0,0.4,0.1284,0.3205,0.4343,0.1414,0.6667,0.5539,2.0,1.0,0.0,0.0,0.0,0.0,2.0,2.0,2.0,0.4025507172808253,9.631991763483416,21.718654345464053,155.47099491336814,2,8,16,1207,948.6,0.403,0,0.0,0.0,True,42
0.3276,0.0,0.178,0.0125,0.3205,0.5046,0.5901,0.6667,0.2981,2.0,1.0,0.0,0.0,0.0,0.0,1.0,2.0,2.0,0.5091129911528448,10.802232048685429,23.671678540862832,117.49927603831301,2,8,16,1207,948.6,0.509,0,0.0,0.0,True,42
0.3602,0.0,0.1546,0.0066,0.3778,0.4738,0.7041,0.3333,0.597,2.0,0.0,1.0,1.0,1.0,0.0,2.0,1.0,2.0,0.38456564407414984,10.700563369619475,20.72602854686188,161.41792710302127,2,8,24,1119,1118.2,0.385,0,0.0,10.869,True,42
0.3006,0.0,0.3072,0.0577,0.4143,0.3065,0.2384,0.0,0.2411,2.0,1.0,1.0,1.0,1.0,0.0,1.0,2.0,1.0,0.5328859352116941,9.79347309758311,23.542071038042266,262.0053063024612,2,8,32,1377,1226.2,0.533,0,0.0,0.0,True,42
0.3155,0.0,0.4,0.16,0.284,0.3958,0.1391,1.0,0.2409,2.0,0.0,0.0,0.0,0.0,0.0,2.0,2.0,2.0,0.5329604642770558,9.684950232259467,23.78445565743133,157.50509434855206,2,8,8,991,840.6,0.533,0,0.0,0.0,True,42
0.1443,0.1667,0.3983,0.0236,0.325,0.4102,0.1191,1.0,0.6515,2.0,0.0,1.0,0.0,0.0,0.0,2.0,1.0,2.0,0.3618728443973157,9.659727854086448,20.505823073685754,168.469202119715,2,8,16,963,962.1,0.362,0,0.0,11.201,True,42
0.1515,0.0,0.388,0.0297,0.2961,0.2392,0.1585,1.0,0.3357,2.0,0.0,0.0,0.0,1.0,0.0,2.0,2.0,1.0,0.49345874627043346,10.234080354236188,21.832476811167293,260.83894408219163,2,8,8,1027,876.6,0.493,0,0.0,9.361,True,42
0.2489,0.0,0.2697,0.0088,0.3326,0.2825,0.7368,0.6667,0.3852,2.0,1.0,0.0,0.0,1.0,0.0,2.0,2.0,2.0,0.4728468489613689,9.741739560014818,21.94117609220572,252.4490608594345,2,8,16,1243,984.6,0.473,0,0.0,0.0,True,42
0.344,0.0,0.2959,0.0916,0.4143,0.5848,0.3027,0.0,0.4037,2.0,1.0,1.0,1.0,1.0,0.0,1.0,2.0,2.0,0.46511043546369535,9.806074849128173,21.83174105626932,111.72672285923053,2,8,32,1485,1226.2,0.465,0,0.0,0.0,True,42
0.1934,0.0,0.3202,0.0079,0.3564,0.5575,0.0,1.0,0.3351,2.0,1.0,0.0,0.0,1.0,1.0,2.0,1.0,2.0,0.49371035492099125,9.820236054716219,21.917612188273154,116.21279199638768,2,8,16,1163,1054.9,0.494,0,0.0,13.632,True,42
0.3271,0.0,0.3607,0.0723,0.3137,0.0991,0.0919,1.0,0.415,3.0,0.0,0.0,0.0,0.0,0.0,2.0,2.0,2.0,0.4187664624995416,10.779450509698579,21.49568289008236,261.49903106917816,3,12,8,1079,928.6,0.419,0,0.0,0.0,True,42
0.3697,0.0,0.1979,0.0137,0.3543,0.4448,0.3943,0.6667,0.1887,3.0,0.0,0.0,1.0,0.0,0.0,1.0,2.0,2.0,0.513046828537662,10.802232048685429,23.647730290713373,97.30339418170409,3,12,16,1199,1048.8,0.513,0,0.0,0.0,True,42
0.1698,0.0,0.2294,0.0273,0.284,0.2005,0.6929,1.0,0.3231,2.0,0.0,0.0,0.0,0.0,0.0,2.0,2.0,1.0,0.4986983633447062,10.220747909382812,21.915207350715566,262.9940317490138,2,8,8,991,840.6,0.499,0,0.0,6.317,True,42
0.4004,0.0,0.2418,0.0397,0.3615,0.5482,0.6437,0.3333,0.2887,2.0,1.0,1.0,0.0,0.0,0.0,1.0,1.0,2.0,0.513046828537662,10.802232048685429,21.977771695100436,108.97504449373213,2,8,24,1179,1070.1,0.513,0,0.0,6.724,True,42
0.3237,0.0,0.3317,0.0577,0.4318,0.2086,0.1169,0.0,0.1411,3.0,1.0,1.0,1.0,0.0,0.0,1.0,2.0,2.0,0.5328859352116941,9.79347309758311,21.600493245889567,258.62829409771473,3,12,32,1537,1278.2,0.533,0,0.0,0.0,True,42
0.3504,0.0,0.2724,0.0138,0.3442,0.5698,0.6659,0.6667,0.2887,2.0,1.0,0.0,0.0,0.0,1.0,2.0,1.0,2.0,0.513046828537662,10.802026542156836,23.647730290713373,97.30339418170409,2,8,16,1127,1018.9,0.513,0,0.0,16.092,True,42
0.1356,0.0,0.3382,0.0262,0.3205,0.2437,0.3499,1.0,0.2749,2.0,1.0,0.0,0.0,0.0,0.0,1.0,2.0,2.0,0.5187922180763009,10.401237442082042,21.464458109472375,258.40998911912425,2,8,16,1207,948.6,0.519,0,0.0,2.801,True,42
0.2004,0.0,0.2503,0.0127,0.325,0.3944,0.6667,1.0,0.3797,2.0,0.0,1.0,0.0,0.0,0.0,2.0,1.0,2.0,0.4751395677055501,9.710186879484777,23.809395102349143,177.0073957692173,2,8,16,963,962.1,0.475,0,0.0,24.743,True,42
0.1691,0.1667,0.3937,0.0192,0.3205,0.4858,0.1347,1.0,0.6807,2.0,1.0,0.0,0.0,0.0,0.0,2.0,1.0,2.0,0.3497177998328089,9.659727854086448,21.834837309682307,127.66569432311749,2,8,16,1057,948.6,0.35,0,0.0,10.365,True,42
0.3001,0.0,0.3613,0.1104,0.3912,0.1863,0.0184,0.3333,0.454,3.0,1.0,1.0,0.0,0.0,0.0,1.0,2.0,2.0,0.402514389653164,9.91674372247015,21.914150435361865,255.28297643586822,3,12,24,1417,1158.1,0.403,0,0.0,12.489,True,42
0.334,0.0,0.1838,0.015,0.3732,0.2771,0.7224,0.3333,0.5163,2.0,1.0,0.0,1.0,1.0,0.0,1.0,2.0,2.0,0.4182060776369731,9.674151172265844,23.59818696592928,267.6651789233648,2,8,24,1363,1104.8,0.418,0,0.0,0.0,True,42
0.3855,0.0,0.2177,0.0708,0.3615,0.4526,0.1419,0.3333,0.2496,2.0,1.0,1.0,0.0,0.0,0.0,2.0,1.0,2.0,0.5293175829987027,9.74165520675494,21.9528176501126,160.59161347288693,2,8,24,1179,1070.1,0.529,0,0.0,4.83,True,42
0.2714,0.0,0.3636,0.1001,0.3669,0.1764,0.0154,0.6667,0.1411,3.0,0.0,1.0,0.0,1.0,0.0,1.0,2.0,2.0,0.5328859352116941,10.798766177237423,21.948688733130595,260.67734677997584,3,12,16,1237,1086.1,0.533,0,0.0,6.015,True,42
0.348,0.0,0.3509,0.0414,0.4034,0.1957,0.0,0.3333,0.5774,3.0,1.0,1.0,0.0,1.0,0.0,2.0,2.0,2.0,0.35107840251030276,9.663659438068729,21.90788417902825,265.5598014043904,3,12,24,1453,1194.1,0.351,0,0.0,0.0,True,42
0.1846,0.0,0.3332,0.0297,0.3372,0.4606,0.658,0.6667,0.4983,2.0,0.0,1.0,0.0,1.0,0.0,1.0,2.0,2.0,0.4257270385254662,10.736799931246521,21.933128235728677,156.2891109739024,2,8,16,1149,998.1,0.426,0,0.0,0.223,True,42
0.1861,0.1667,0.3236,0.0452,0.3205,0.2531,0.4793,0.6667,0.6275,2.0,1.0,0.0,0.0,0.0,0.0,2.0,2.0,2.0,0.37189341458212444,9.652388928268563,21.961253838537406,253.31095753620355,2,8,16,1207,948.6,0.372,0,0.0,9.586,True,42
0.3538,0.0,0.1598,0.0076,0.3488,0.5256,0.7979,0.6667,0.3225,2.0,0.0,1.0,0.0,0.0,1.0,2.0,1.0,2.0,0.4989722901825761,10.687576617540909,21.93952233931989,121.18550397247132,2,8,16,1033,1032.4,0.499,0,0.0,12.401,True,42
0.1521,0.0,0.2465,0.0529,0.3077,0.2449,0.5477,1.0,0.341,2.0,0.0,0.0,0.0,0.0,1.0,2.0,1.0,2.0,0.4912308976195873,9.81445195500473,21.93989625586291,257.78099526381897,2,8,8,911,910.9,0.491,0,0.0,33.53,True,42
0.2217,0.0,0.4,0.0772,0.3853,0.4538,0.1132,0.3333,0.4311,2.0,1.0,1.0,0.0,0.0,1.0,2.0,1.0,2.0,0.45371284938533146,10.785370528576195,23.91013237386921,172.21214804206133,2,8,24,1249,1140.4,0.454,0,0.0,16.634,True,42
0.2557,0.0,0.2892,0.0492,0.3609,0.4522,0.4138,0.6667,0.201,2.0,0.0,1.0,0.0,1.0,1.0,2.0,2.0,2.0,0.5495802552130086,10.625647915716629,21.492698996648638,173.07542425665045,2,8,16,1219,1068.4,0.55,0,0.0,0.0,True,42
0.3081,0.0,0.3277,0.0803,0.3137,0.1074,0.1431,1.0,0.1558,3.0,0.0,0.0,0.0,0.0,0.0,1.0,1.0,2.0,0.5267338705537952,9.608014768153957,21.49849402184636,257.00903474442566,3,12,8,929,928.6,0.527,0,0.0,0.0,True,42
0.3187,0.0,0.2869,0.101,0.3137,0.1144,0.1118,1.0,0.4884,3.0,0.0,0.0,0.0,0.0,0.0,2.0,2.0,2.0,0.3881544069079365,10.71633606453324,21.95459355665373,253.2369171582239,3,12,8,1079,928.6,0.388,0,0.0,0.158,True,42
0.3286,0.0,0.2518,0.138,0.3502,0.3356,0.0502,0.6667,0.4707,3.0,1.0,0.0,0.0,0.0,0.0,2.0,2.0,2.0,0.39552937841250785,9.606015009593754,21.718654345464053,156.28426325668374,3,12,16,1295,1036.6,0.396,0,0.0,0.0,True,42
0.3046,0.0,0.3137,0.0553,0.3912,0.3386,0.2104,0.3333,0.1035,3.0,1.0,1.0,0.0,0.0,0.0,0.0,2.0,2.0,0.548533262417073,10.625647915716629,21.41918652407458,173.07542425665045,3,12,24,1417,1158.1,0.549,0,0.0,0.0,True,42
0.4061,0.0,0.3946,0.1151,0.3615,0.2739,0.1944,0.3333,0.2151,2.0,1.0,1.0,0.0,0.0,0.0,1.0,1.0,2.0,0.5437210448217297,9.658752429000815,21.70164941302851,257.0776460867592,2,8,24,1179,1070.1,0.544,0,0.0,6.509,True,42
0.1628,0.0,0.3106,0.025,0.2961,0.2885,0.5656,1.0,0.5831,2.0,0.0,0.0,0.0,1.0,0.0,2.0,1.0,2.0,0.3903574710804499,9.804010377860779,21.97649218020514,234.2365048786585,2,8,8,877,876.6,0.39,0,0.0,9.836,True,42
0.1917,0.0,0.2402,0.004,0.3326,0.5256,0.7977,1.0,0.3852,2.0,1.0,0.0,0.0,1.0,0.0,2.0,1.0,2.0,0.4728468489613689,9.811489115991773,21.94117609220572,121.18550397247132,2,8,16,1093,984.6,0.473,0,0.0,4.112,True,42
0.3359,0.0,0.2679,0.0538,0.3442,0.4118,0.4681,0.6667,0.2276,2.0,1.0,0.0,0.0,0.0,1.0,2.0,1.0,2.0,0.5384851262227467,10.79183234309156,23.10598738198828,182.6320845902986,2,8,16,1127,1018.9,0.538,0,0.0,0.0,True,42
0.2072,0.1667,0.3308,0.0598,0.284,0.2184,0.502,1.0,0.6321,2.0,0.0,0.0,0.0,0.0,0.0,2.0,2.0,2.0,0.3699602807736615,9.652388928268563,21.95434774284497,253.29316439362526,2,8,8,991,840.6,0.37,0,0.0,5.558,True,42
0.1894,0.1667,0.3371,0.0621,0.284,0.1878,0.3827,1.0,0.6094,2.0,0.0,0.0,0.0,0.0,0.0,2.0,2.0,2.0,0.3794076509404584,8.086778380263148,21.925572262476024,269.8387664998128,2,8,8,991,840.6,0.379,0,0.0,3.037,True,42
0.3472,0.0,0.4,0.1232,0.4021,0.4538,0.0382,0.0,0.4255,2.0,1.0,1.0,1.0,0.0,0.0,2.0,1.0,2.0,0.4560394639748852,10.785370528576195,23.91013237386921,172.21214804206133,2,8,32,1299,1190.2,0.456,0,0.0,0.0,True,42
0.3428,0.0,0.3402,0.1287,0.3205,0.4136,0.0869,0.6667,0.4108,2.0,1.0,0.0,0.0,0.0,0.0,2.0,2.0,1.0,0.46215030968733456,9.267344388610631,21.4519941243981,166.640056807544,2,8,16,1099,948.6,0.462,0,0.0,0.0,True,42
0.329,0.0,0.1917,0.0875,0.3326,0.517,0.3189,0.6667,0.4417,2.0,1.0,0.0,0.0,1.0,0.0,1.0,2.0,2.0,0.44928851337593456,17.61767045655402,20.59800187031808,125.82077841325071,2,8,16,1243,984.6,0.449,0,0.0,22.877,True,42
0.2809,0.1667,0.2048,0.0042,0.284,0.1972,0.4885,1.0,0.5952,2.0,0.0,0.0,0.0,0.0,0.0,2.0,2.0,2.0,0.3853538724559282,10.701510577204926,21.488553309138332,264.7401102453369,2,8,8,991,840.6,0.385,0,0.0,0.316,True,42
0.2004,0.0,0.2434,0.0088,0.3326,0.3162,0.7124,1.0,0.5831,2.0,1.0,0.0,0.0,1.0,0.0,1.0,2.0,2.0,0.3903574710804499,9.804010377860779,21.97649218020514,234.2365048786585,2,8,16,1243,984.6,0.39,0,0.0,11.734,True,42
0.2669,0.0,0.2774,0.0103,0.3326,0.4605,0.7161,0.6667,0.2536,2.0,1.0,0.0,0.0,1.0,0.0,2.0,2.0,2.0,0.5276511089885326,9.674096708219615,23.59697556841691,156.3515020399975,2,8,16,1243,984.6,0.528,0,0.0,0.0,True,42
0.2384,0.0,0.3918,0.1057,0.284,0.2148,0.238,1.0,0.554,2.0,0.0,0.0,0.0,0.0,0.0,2.0,1.0,2.0,0.402514389653164,9.83080045161756,21.912766513681742,255.28297643586822,2,8,8,841,840.6,0.403,0,0.0,9.545,True,42
0.3671,0.0,0.259,0.0638,0.3611,0.5324,0.528,0.3333,0.2981,2.0,1.0,0.0,1.0,0.0,0.0,1.0,2.0,2.0,0.5091129911528448,9.614311994136559,23.671678540862832,117.49927603831301,2,8,24,1327,1068.8,0.509,0,0.0,1.327,True,42
0.41,0.1667,0.3344,0.0216,0.3205,0.2239,0.4305,0.6667,0.6091,2.0,1.0,0.0,0.0,0.0,0.0,2.0,2.0,2.0,0.3795212390756522,9.647273802572768,21.92571627779779,269.1128255280501,2,8,16,1207,948.6,0.38,0,0.0,6.151,True,42
0.2249,0.0,0.3564,0.0925,0.3372,0.2591,0.4381,0.6667,0.5954,2.0,0.0,1.0,0.0,1.0,0.0,1.0,1.0,2.0,0.3852543238014762,10.465841773065447,21.965402536102978,265.06955615298557,2,8,16,999,998.1,0.385,0,0.0,0.0,True,42
0.1692,0.0,0.2274,0.0273,0.325,0.2352,0.6897,0.6667,0.3196,2.0,0.0,1.0,0.0,0.0,0.0,2.0,2.0,2.0,0.5001531820450478,10.622921569341543,19.65423506963048,262.9940317490138,2,8,16,1113,962.1,0.5,0,0.0,6.17,True,42
0.2459,0.0,0.3945,0.1093,0.284,0.2086,0.2224,1.0,0.2585,2.0,0.0,0.0,0.0,0.0,0.0,1.0,2.0,2.0,0.5256244495175612,10.393504059203435,21.459166895408668,258.6134459723228,2,8,8,991,840.6,0.526,0,0.0,7.39,True,42
0.1611,0.0,0.3849,0.0308,0.3372,0.267,0.1707,0.6667,0.2313,2.0,0.0,1.0,0.0,1.0,0.0,2.0,2.0,2.0,0.5369716251458801,10.798956597936481,21.832476811167293,260.83894408219163,2,8,16,1149,998.1,0.537,0,0.0,9.021,True,42
0.3454,0.0,0.3421,0.1304,0.284,0.3789,0.0888,1.0,0.4262,2.0,0.0,0.0,0.0,0.0,0.0,2.0,2.0,2.0,0.455737146714703,10.711534037242044,21.961401986279913,166.640056807544,2,8,8,991,840.6,0.456,0,0.0,0.0,True,42
0.1398,0.0,0.3793,0.0754,0.3205,0.2437,0.2145,1.0,0.2867,2.0,1.0,0.0,0.0,0.0,0.0,2.0,2.0,2.0,0.5138886831821341,10.401237442082042,21.482489805407702,258.40998911912425,2,8,16,1207,948.6,0.514,0,0.0,12.359,True,42
0.302,0.1667,0.2472,0.0126,0.284,0.4699,0.5785,1.0,0.5877,2.0,0.0,0.0,0.0,0.0,0.0,1.0,2.0,2.0,0.3884742785413815,10.807366076418095,21.974104583152855,117.49927603831301,2,8,8,991,840.6,0.388,0,0.0,0.0,True,42
0.232,0.1667,0.3246,0.0321,0.3611,0.2579,0.082,0.3333,0.5618,2.0,1.0,0.0,1.0,0.0,0.0,2.0,1.0,2.0,0.39926999954100706,9.956546370979716,22.950132072236492,265.74350807885264,2,8,24,1177,1068.8,0.399,0,0.0,20.277,True,42
0.3319,0.0,0.3677,0.0507,0.284,0.3493,0.3527,1.0,0.2276,2.0,0.0,0.0,0.0,0.0,0.0,1.0,2.0,2.0,0.5384851262227467,10.75836119703179,23.10598738198828,182.6320845902986,2,8,8,991,840.6,0.538,0,0.0,0.0,True,42
0.1856,0.0,0.2423,0.0038,0.3205,0.2401,0.7329,1.0,0.3591,2.0,1.0,0.0,0.0,0.0,0.0,2.0,1.0,2.0,0.4837198240003965,10.702323777723986,23.674304761936988,260.367279853453,2,8,16,1057,948.6,0.484,0,0.0,20.36,True,42
0.2641,0.0,0.3661,0.0475,0.3205,0.4017,0.402,0.6667,0.5168,2.0,1.0,0.0,0.0,0.0,0.0,2.0,2.0,2.0,0.41798390962807985,10.625647915716629,21.492698996648638,173.07542425665045,2,8,16,1207,948.6,0.418,0,0.0,0.0,True,42
0.1641,0.1667,0.3483,0.0658,0.3611,0.263,0.4638,0.3333,0.5757,2.0,1.0,0.0,1.0,0.0,0.0,2.0,1.0,2.0,0.39343838757072774,10.721424226720114,21.901152330444653,262.98996680234734,2,8,24,1177,1068.8,0.393,0,0.0,4.74,True,42
0.2887,0.0,0.3017,0.0086,0.3656,0.4302,0.0572,0.3333,0.539,2.0,0.0,1.0,1.0,0.0,0.0,2.0,1.0,2.0,0.4087598839956971,10.780406628240508,23.825838126550217,172.70690260585437,2,8,24,1083,1082.2,0.409,0,0.0,9.613,True,42
0.4246,0.0,0.3643,0.0966,0.284,0.2114,0.197,1.0,0.2151,2.0,0.0,0.0,0.0,0.0,0.0,1.0,1.0,2.0,0.5437210448217297,9.670834625285977,21.70164941302851,257.0776460867592,2,8,8,841,840.6,0.544,0,0.0,8.513,True,42
0.2943,0.0,0.2998,0.0086,0.284,0.3677,0.0555,1.0,0.554,2.0,0.0,0.0,0.0,0.0,0.0,2.0,1.0,2.0,0.402514389653164,9.823916409739637,21.919501901512128,172.70690260585437,2,8,8,841,840.6,0.403,0,0.0,12.367,True,42
0.3072,0.0,0.3728,0.1218,0.2961,0.2396,0.1544,1.0,0.4163,2.0,0.0,0.0,0.0,1.0,0.0,2.0,2.0,2.0,0.4598611756795549,9.266251622134966,21.94868798314744,260.59107401118877,2,8,8,1027,876.6,0.46,0,0.0,0.0,True,42
0.2405,0.0,0.2795,0.0832,0.3548,0.1345,0.2179,1.0,0.581,3.0,0.0,1.0,0.0,0.0,0.0,2.0,2.0,1.0,0.34957774478011266,17.671231921305065,17.537316077145572,264.84517450825473,3,12,16,1201,1050.1,0.35,0,0.0,3.795,True,7
0.2469,0.1667,0.2571,0.0763,0.284,0.197,0.0459,1.0,0.681,2.0,0.0,0.0,0.0,0.0,0.0,2.0,2.0,1.0,0.3495717525893049,15.691413508888639,17.537316077145572,264.84517450825473,2,8,8,991,840.6,0.35,0,0.0,5.444,True,7
0.3154,0.0,0.3142,0.011,0.3077,0.2327,0.0,1.0,0.3713,2.0,0.0,0.0,0.0,0.0,1.0,2.0,2.0,2.0,0.4786453663508796,18.24215032944868,10.660935012255143,264.3304790736486,2,8,8,1061,910.9,0.479,0,0.0,5.733,True,7
0.1926,0.0,0.2127,0.0621,0.284,0.393,0.2751,1.0,0.3016,2.0,0.0,0.0,0.0,0.0,0.0,1.0,2.0,2.0,0.5076493840264407,17.601181686874256,18.786126692888423,159.0438766146332,2,8,8,991,840.6,0.508,0,0.0,7.05,True,7
0.2695,0.0,0.3609,0.0065,0.4034,0.2112,0.5417,0.3333,0.105,3.0,1.0,1.0,0.0,1.0,0.0,2.0,2.0,1.0,0.547925588380862,17.31509549769826,13.229702419690646,257.21902931959534,3,12,24,1345,1194.1,0.548,0,0.0,7.84,True,7
0.262,0.0,0.3596,0.1436,0.3259,0.1313,0.0,1.0,0.1585,3.0,0.0,0.0,0.0,1.0,0.0,2.0,2.0,1.0,0.5256446722340817,18.172036104448125,10.44919826229724,266.59230710131726,3,12,8,1115,964.6,0.526,0,0.0,11.374,True,7
0.3872,0.0,0.4,0.0034,0.284,0.1926,0.3916,1.0,0.2124,2.0,0.0,0.0,0.0,0.0,0.0,2.0,1.0,1.0,0.5448162528374477,19.062158462026645,10.406069520107934,267.2711668856432,2,8,8,841,840.6,0.545,0,0.0,21.373,True,7
0.288,0.0,0.353,0.0081,0.3259,0.1347,0.4973,1.0,0.1001,3.0,0.0,0.0,0.0,1.0,0.0,2.0,1.0,1.0,0.549949634765877,15.724592053888571,13.091939869540223,264.7610921974474,3,12,8,965,964.6,0.55,0,0.0,22.984,True,7
0.3942,0.1667,0.277,0.0739,0.284,0.2016,0.0,1.0,0.7757,2.0,0.0,0.0,0.0,0.0,0.0,2.0,1.0,1.0,0.3101180278287794,16.08331700450793,13.206106246962054,262.3733170794732,2,8,8,841,840.6,0.31,0,0.0,24.014,True,7
0.4302,0.0,0.3022,0.0126,0.284,0.3915,0.0,1.0,0.4111,2.0,0.0,0.0,0.0,0.0,0.0,2.0,2.0,1.0,0.4620519601511846,15.66369976528637,18.781901160353343,159.85682074248427,2,8,8,991,840.6,0.462,0,0.0,24.621,True,7
0.2675,0.0,0.2574,0.0709,0.3853,0.4883,0.0028,0.6667,0.2274,2.0,1.0,1.0,0.0,0.0,1.0,2.0,2.0,2.0,0.5386012440659819,15.734146163363398,12.988737625782155,153.61652875045166,2,8,24,1399,1140.4,0.539,0,0.0,26.595,True,7
0.2979,0.0,0.4,0.0033,0.3326,0.2603,0.6735,0.6667,0.2001,2.0,1.0,0.0,0.0,1.0,0.0,2.0,1.0,1.0,0.549949634765877,16.030656385731067,13.048693565332673,264.42352361258435,2,8,16,985,984.6,0.55,0,0.0,34.684,True,7
0.1393,0.0,0.3368,0.0067,0.3502,0.1284,0.5311,0.6667,0.151,3.0,1.0,0.0,0.0,0.0,0.0,2.0,2.0,1.0,0.528744130440016,17.315629958744278,10.516185772697204,268.1890216459827,3,12,16,1187,1036.6,0.529,0,0.0,37.464,True,7
0.1585,0.0,0.4,0.0071,0.3137,0.0833,0.4765,1.0,0.1508,3.0,0.0,0.0,0.0,0.0,0.0,2.0,2.0,2.0,0.5288319499314992,17.50859538090152,13.36089702733166,269.9990403584752,3,12,8,1079,928.6,0.529,0,0.0,37.859,True,7
0.2818,0.1667,0.141,0.0104,0.3205,0.2658,0.447,0.6667,0.7319,2.0,1.0,0.0,0.0,0.0,0.0,2.0,2.0,1.0,0.3283597012812984,19.194482588435577,13.1702326695483,246.48397653391686,2,8,16,1099,948.6,0.328,0,0.0,38.099,True,7
0.2611,0.0,0.3909,0.0347,0.3077,0.2417,0.3535,1.0,0.3345,2.0,0.0,0.0,0.0,0.0,1.0,2.0,2.0,2.0,0.49396028927126223,17.909030894657885,17.542538296957005,259.4811236946602,2,8,8,1061,910.9,0.494,0,0.0,41.875,True,7
0.255,0.0,0.2774,0.0477,0.4272,0.2317,0.1909,1.0,0.1362,3.0,1.0,1.0,0.0,1.0,1.0,2.0,2.0,2.0,0.5349338508825403,17.418106083880694,13.012466470477262,259.12206782763326,3,12,24,1523,1264.4,0.535,0,0.0,43.431,True,7
0.2394,0.0,0.3361,0.0022,0.3502,0.1882,0.3047,1.0,0.2576,3.0,1.0,0.0,0.0,0.0,0.0,2.0,1.0,2.0,0.4843296627541561,8.147528380616208,11.095201944169283,235.8499132852845,3,12,16,1145,1036.6,0.484,0,0.0,80.028,True,7
0.2784,0.1667,0.2711,0.0084,0.284,0.4065,0.0,1.0,0.7707,2.0,0.0,0.0,0.0,0.0,0.0,2.0,2.0,1.0,0.312217619769637,16.923981478496408,14.874837816442943,151.73988554616272,2,8,8,991,840.6,0.312,0,0.0,18.969,True,7
0.3124,0.0,0.2887,0.0099,0.3912,0.3804,0.4551,0.3333,0.2576,3.0,1.0,1.0,0.0,0.0,0.0,1.0,1.0,2.0,0.48433744820422836,15.676307601230565,10.469396879537442,150.51916221265174,3,12,24,1267,1158.1,0.484,0,0.0,32.465,True,7
0.22,0.0,0.1891,0.0148,0.3326,0.2903,0.6498,0.6667,0.7525,2.0,1.0,0.0,0.0,1.0,0.0,2.0,1.0,1.0,0.3197768550114051,15.819345173381974,13.021470844310938,248.2188298389641,2,8,16,985,984.6,0.32,0,0.0,42.78,True,7
0.2241,0.0,0.2473,0.0898,0.4034,0.1969,0.2218,1.0,0.6477,3.0,1.0,1.0,0.0,1.0,0.0,2.0,2.0,1.0,0.32180883774802976,16.149460838899763,17.52296046565728,264.91828774727435,3,12,24,1345,1194.1,0.322,0,0.0,41.859,True,7
0.2316,0.0,0.2201,0.0882,0.3442,0.4655,0.213,0.6667,0.2274,2.0,1.0,0.0,0.0,0.0,1.0,2.0,2.0,2.0,0.5386012440659819,15.734146163363398,12.988737625782155,153.61652875045166,2,8,16,1277,1018.9,0.539,0,0.0,35.564,True,7
0.1457,0.0,0.2337,0.0604,0.2961,0.2543,0.4289,1.0,0.6846,2.0,0.0,0.0,0.0,1.0,0.0,2.0,2.0,1.0,0.348099847325851,17.884261630076217,17.063982826845354,252.66068325030054,2,8,8,1027,876.6,0.348,0,0.0,43.32,True,7
0.2889,0.0,0.3497,0.1094,0.3137,0.0896,0.0,1.0,0.5472,3.0,0.0,0.0,0.0,0.0,0.0,2.0,2.0,2.0,0.36367109158987176,8.218565417855118,10.463803700805457,266.591972974093,3,12,8,1079,928.6,0.364,0,0.0,12.154,True,7
0.1561,0.0,0.3633,0.0413,0.3375,0.1256,0.4783,1.0,0.1631,3.0,0.0,0.0,0.0,0.0,1.0,2.0,2.0,2.0,0.5237106355077794,17.521232944534802,16.95650432361528,269.692981026818,3,12,8,1149,998.9,0.524,0,0.0,61.286,True,7
0.2867,0.0,0.2902,0.0232,0.284,0.1981,0.0,1.0,0.4391,2.0,0.0,0.0,0.0,0.0,0.0,2.0,1.0,2.0,0.45036466244157863,17.744056790629312,10.217759431803435,264.2814047956979,2,8,8,841,840.6,0.45,0,0.0,23.559,True,7
0.3165,0.0,0.3824,0.0358,0.3375,0.1436,0.1146,1.0,0.1104,3.0,0.0,0.0,0.0,0.0,1.0,2.0,2.0,1.0,0.5456805624743589,17.43359145847279,17.07219253008563,259.9695376273178,3,12,8,1149,998.9,0.546,0,0.0,40.577,True,7
0.255,0.0,0.2774,0.0477,0.4272,0.2317,0.1909,1.0,0.1362,3.0,1.0,1.0,0.0,1.0,1.0,2.0,2.0,2.0,0.5349338508825403,17.418106083880694,13.012466470477262,259.12206782763326,3,12,24,1523,1264.4,0.535,0,0.0,43.431,True,7
0.339,0.0,0.1689,0.0096,0.3326,0.3068,0.4028,1.0,0.2379,2.0,1.0,0.0,0.0,1.0,0.0,2.0,2.0,1.0,0.5341895788838875,17.553093706299578,13.302310687329221,239.3044450378326,2,8,16,1135,984.6,0.534,0,0.0,14.454,True,7
0.1727,0.1667,0.2937,0.0447,0.3246,0.2338,0.373,0.6667,0.6917,2.0,0.0,0.0,1.0,0.0,0.0,1.0,2.0,1.0,0.3451172555169886,17.516072756023828,16.527646228753895,263.73302411922776,2,8,16,1111,960.8,0.345,0,0.0,11.765,True,7
0.2979,0.0,0.4,0.0033,0.3326,0.2603,0.6735,0.6667,0.2001,2.0,1.0,0.0,0.0,1.0,0.0,2.0,1.0,1.0,0.549949634765877,16.030656385731067,13.048693565332673,264.42352361258435,2,8,16,985,984.6,0.55,0,0.0,34.684,True,7
0.1962,0.0,0.2477,0.0869,0.3199,0.2581,0.2479,1.0,0.7693,2.0,0.0,0.0,0.0,1.0,1.0,2.0,2.0,1.0,0.3127737242418481,17.034674533478594,17.43585679185195,265.60960753111726,2,8,8,1097,946.9,0.313,0,0.0,41.574,True,7
0.2539,0.0,0.3063,0.0264,0.3615,0.4741,0.1852,0.3333,0.3576,2.0,1.0,1.0,0.0,0.0,0.0,2.0,2.0,2.0,0.4843296627541561,9.960165128327866,10.469396879537442,148.9876949909601,2,8,24,1329,1070.1,0.484,0,0.0,50.007,True,7
0.2806,0.0,0.3526,0.0916,0.2961,0.4586,0.0,1.0,0.2002,2.0,0.0,0.0,0.0,1.0,0.0,1.0,1.0,2.0,0.5499261769039586,15.718595887749881,10.286550592775177,142.37465985542858,2,8,8,877,876.6,0.55,0,0.0,63.694,True,7
0.374,0.0,0.4,0.007,0.3372,0.2643,0.6234,0.6667,0.2639,2.0,0.0,1.0,0.0,1.0,0.0,2.0,2.0,1.0,0.5233864166909694,18.559708888014477,10.235325107053155,262.2875492848501,2,8,16,1149,998.1,0.523,0,0.0,14.291,True,7
0.2495,0.0,0.3172,0.0554,0.3737,0.2791,0.3777,0.3333,0.7205,2.0,1.0,1.0,0.0,1.0,0.0,2.0,2.0,2.0,0.3331400953673216,15.690894423645608,17.896571443843666,266.57134035687676,2,8,24,1365,1106.1,0.333,0,0.0,63.387,True,7
0.2388,0.0,0.285,0.1015,0.3137,0.095,0.2214,1.0,0.5712,3.0,0.0,0.0,0.0,0.0,0.0,2.0,2.0,1.0,0.3536494202031211,15.273826043412605,17.595052519221714,263.69379268224634,3,12,8,1079,928.6,0.354,0,0.0,10.961,True,7
0.2631,0.0,0.3584,0.132,0.3137,0.0904,0.0,1.0,0.1584,3.0,0.0,0.0,0.0,0.0,0.0,2.0,2.0,1.0,0.5256682341444703,18.172213348188315,10.33292852239899,266.17189662664975,3,12,8,1079,928.6,0.526,0,0.0,12.453,True,7
0.2572,0.0,0.3309,0.0117,0.3624,0.2163,0.5751,0.6667,0.628,3.0,1.0,0.0,0.0,1.0,0.0,2.0,2.0,1.0,0.32998669359411986,17.499219967500924,13.23999391974982,239.12545096180162,3,12,16,1223,1072.6,0.33,0,0.0,49.231,True,7
0.274,0.0,0.1514,0.0352,0.3205,0.2338,0.4609,0.6667,0.3344,2.0,1.0,0.0,0.0,0.0,0.0,2.0,2.0,2.0,0.4939842005937323,17.511073419856174,18.73645232540275,263.75524496294383,2,8,16,1207,948.6,0.494,0,0.0,18.374,True,7
0.2518,0.0,0.2981,0.0819,0.3785,0.3646,0.1025,1.0,0.1084,3.0,0.0,1.0,0.0,0.0,1.0,2.0,2.0,1.0,0.5464962842081038,15.339342804709553,17.595052519221714,159.01179459743008,3,12,16,1271,1120.4,0.546,0,0.0,22.228,True,7
0.1911,0.0,0.3006,0.1194,0.3259,0.1313,0.1634,1.0,0.1585,3.0,0.0,0.0,0.0,1.0,0.0,2.0,2.0,1.0,0.5256446722340817,18.183522415570078,10.44919826229724,266.59230710131726,3,12,8,1115,964.6,0.526,0,0.0,10.151,True,7
0.4178,0.0,0.163,0.013,0.3205,0.2366,0.0,1.0,0.4129,2.0,1.0,0.0,0.0,0.0,0.0,2.0,2.0,1.0,0.4613083306934257,15.66542783911843,11.668945758508267,262.23290078316745,2,8,16,1099,948.6,0.461,0,0.0,29.789,True,7
0.1811,0.0,0.1793,0.0564,0.3737,0.3526,0.2977,0.3333,0.7205,2.0,1.0,1.0,0.0,1.0,0.0,2.0,2.0,2.0,0.3331400953673216,15.690894423645608,17.896571443843666,226.87215202184623,2,8,24,1365,1106.1,0.333,0,0.0,65.186,True,7
0.1898,0.0,0.1959,0.0402,0.3737,0.3161,0.2757,0.6667,0.7458,2.0,1.0,1.0,0.0,1.0,0.0,2.0,2.0,1.0,0.3226041339591484,8.027867930245819,12.250295978611636,246.5972294474083,2,8,24,1257,1106.1,0.323,0,0.0,43.017,True,7
0.2151,0.0,0.2462,0.1114,0.3502,0.1483,0.1728,1.0,0.1235,3.0,1.0,0.0,0.0,0.0,0.0,2.0,1.0,1.0,0.5402048377030304,15.832632645900235,12.974479656392392,257.39269948243026,3,12,16,1037,1036.6,0.54,0,0.0,10.56,True,7
0.2453,0.0,0.2575,0.0756,0.284,0.4126,0.0525,1.0,0.3909,2.0,0.0,0.0,0.0,0.0,0.0,2.0,1.0,2.0,0.4704627379176679,17.77867701601823,17.48821366367093,148.46974940280217,2,8,8,841,840.6,0.47,0,0.0,28.932,True,7
0.2906,0.0,0.3767,0.0764,0.3496,0.1665,0.1545,1.0,0.1085,3.0,0.0,0.0,0.0,1.0,1.0,2.0,1.0,1.0,0.5464426197975574,15.711401717426641,13.066869006290712,265.9854732010427,3,12,8,1035,1034.9,0.546,0,0.0,50.527,True,7
0.2943,0.0,0.2644,0.067,0.3488,0.2685,0.0,0.6667,0.2084,2.0,0.0,1.0,0.0,0.0,1.0,1.0,2.0,1.0,0.5464962842081038,15.339342804709553,12.11869394930675,260.0024922670187,2,8,16,1183,1032.4,0.546,0,0.0,39.598,True,7
0.3087,0.0,0.2719,0.0316,0.3137,0.0973,0.2942,1.0,0.1479,3.0,0.0,0.0,0.0,0.0,0.0,2.0,2.0,2.0,0.5300298409266786,8.302143870916026,13.24370262531413,262.43768130986035,3,12,8,1079,928.6,0.53,0,0.0,11.429,True,7
0.3341,0.0,0.2511,0.0237,0.3375,0.1356,0.0406,1.0,0.2805,3.0,0.0,0.0,0.0,0.0,1.0,1.0,1.0,2.0,0.4747745785144273,17.872642111217772,11.044204280854498,264.2814047956979,3,12,8,999,998.9,0.475,0,0.0,43.739,True,7
0.3671,0.0,0.2868,0.0035,0.2961,0.2796,0.5516,1.0,0.238,2.0,0.0,0.0,0.0,1.0,0.0,2.0,2.0,1.0,0.5341544180774271,15.706273738349093,13.302403752025189,238.99976905054044,2,8,8,1027,876.6,0.534,0,0.0,23.1,True,7
0.2147,0.0,0.2495,0.0667,0.3669,0.3629,0.3318,1.0,0.2076,3.0,0.0,1.0,0.0,1.0,0.0,2.0,2.0,1.0,0.5051672133647954,17.60804740070059,19.952472334991104,159.93719999832416,3,12,16,1237,1086.1,0.505,0,0.0,20.162,True,7
0.2018,0.0,0.1932,0.0388,0.3326,0.2875,0.2395,0.6667,0.2404,2.0,1.0,0.0,0.0,1.0,0.0,2.0,2.0,1.0,0.5331537463449867,17.367996533060467,19.029795144411878,249.7718429346643,2,8,16,1135,984.6,0.533,0,0.0,41.908,True,7
0.2578,0.0,0.296,0.022,0.3137,0.3023,0.1522,1.0,0.6707,3.0,0.0,0.0,0.0,0.0,0.0,2.0,1.0,1.0,0.312217619769637,16.939059180455814,13.379239764072382,151.73988554616272,3,12,8,929,928.6,0.312,0,0.0,19.545,True,7
0.1428,0.0,0.3329,0.0078,0.3912,0.1624,0.5238,0.3333,0.151,3.0,1.0,1.0,0.0,0.0,0.0,2.0,1.0,1.0,0.528744130440016,17.315629958744278,11.130620605637226,268.1890216459827,3,12,24,1159,1158.1,0.529,0,0.0,33.372,True,7
0.2625,0.0,0.2594,0.0713,0.325,0.4353,0.013,0.6667,0.2274,2.0,0.0,1.0,0.0,0.0,0.0,2.0,2.0,2.0,0.5386032826598445,15.734146163363398,10.20491097906709,154.95187326953237,2,8,16,1113,962.1,0.539,0,0.0,8.733,True,7
0.2914,0.0,0.2795,0.092,0.284,0.4272,0.0,1.0,0.4378,2.0,0.0,0.0,0.0,0.0,0.0,1.0,2.0,2.0,0.45090102304761326,17.511258633898862,10.286550592775177,140.5393879582227,2,8,8,991,840.6,0.451,0,0.0,29.177,True,7
0.2752,0.0,0.2924,0.0463,0.3137,0.1169,0.2028,1.0,0.5571,3.0,0.0,0.0,0.0,0.0,0.0,2.0,1.0,2.0,0.35952555404966635,17.599618207829934,12.861323954356319,251.88597354902498,3,12,8,929,928.6,0.36,0,0.0,46.963,True,7
0.4006,0.0,0.2598,0.0031,0.325,0.2533,0.6463,0.6667,0.2575,2.0,0.0,1.0,0.0,0.0,0.0,2.0,2.0,1.0,0.526045933067997,17.508217905355544,17.43730090800037,253.20939684298904,2,8,16,1113,962.1,0.526,0,0.0,15.085,True,7
0.2034,0.0,0.2303,0.073,0.3137,0.1033,0.3252,1.0,0.1076,3.0,0.0,0.0,0.0,0.0,0.0,2.0,1.0,1.0,0.5468213679467641,15.53021091475561,17.527299613004697,259.230585915224,3,12,8,929,928.6,0.547,0,0.0,31.025,True,7
0.3697,0.0,0.2004,0.0035,0.3737,0.3296,0.5053,0.6667,0.2339,2.0,1.0,1.0,0.0,1.0,0.0,1.0,2.0,1.0,0.5358548453819221,15.706273738349093,13.314698173117707,239.3044450378326,2,8,24,1257,1106.1,0.536,0,0.0,18.754,True,7
0.2719,0.1667,0.1765,0.0144,0.3205,0.2626,0.6467,0.6667,0.7563,2.0,1.0,0.0,0.0,0.0,0.0,2.0,1.0,1.0,0.3181911777412391,19.10730575871007,16.81421190127271,248.18764691653675,2,8,16,949,948.6,0.318,0,0.0,38.969,True,7
0.1843,0.0,0.1811,0.0468,0.3077,0.2422,0.2832,1.0,0.3684,2.0,0.0,0.0,0.0,0.0,1.0,2.0,2.0,2.0,0.47985154301280036,17.909412237808997,17.527299613004697,259.230585915224,2,8,8,1061,910.9,0.48,0,0.0,36.149,True,7
0.2131,0.1667,0.2416,0.0525,0.284,0.4119,0.1668,1.0,0.738,2.0,0.0,0.0,0.0,0.0,0.0,2.0,2.0,1.0,0.3258397309585897,17.649551665022845,18.5246139558462,148.7992706296941,2,8,8,991,840.6,0.326,0,0.0,15.295,True,7
0.427,0.0,0.4,0.006,0.325,0.2422,0.6031,0.6667,0.2202,2.0,0.0,1.0,0.0,0.0,0.0,2.0,1.0,1.0,0.5415888218607121,15.53534207164854,13.176922702301718,259.2165475398186,2,8,16,963,962.1,0.542,0,0.0,26.464,True,7
0.3078,0.1667,0.2026,0.0621,0.284,0.1948,0.3376,1.0,0.6553,2.0,0.0,0.0,0.0,0.0,0.0,1.0,2.0,2.0,0.36028530608452325,8.053241404345936,13.077952906506175,266.0810982126102,2,8,8,991,840.6,0.36,0,0.0,18.509,True,7
0.2841,0.0,0.1532,0.0127,0.3205,0.4484,0.3855,0.6667,0.3512,2.0,1.0,0.0,0.0,0.0,0.0,2.0,1.0,2.0,0.4869890830417062,17.499219967500924,10.489920601208489,147.85760897492517,2,8,16,1057,948.6,0.487,0,0.0,28.202,True,7
0.3273,0.0,0.3135,0.01,0.3375,0.1378,0.1387,1.0,0.581,3.0,0.0,0.0,0.0,0.0,1.0,2.0,2.0,1.0,0.34957541688711974,17.841325082930382,10.078321444109429,263.08977273972874,3,12,8,1149,998.9,0.35,0,0.0,27.043,True,7
0.1884,0.0,0.2436,0.0195,0.3259,0.1286,0.4196,1.0,0.614,3.0,0.0,0.0,0.0,1.0,0.0,1.0,2.0,2.0,0.33583303778495394,17.406660461296788,13.241972687945209,268.05943669866394,3,12,8,1115,964.6,0.336,0,0.0,13.781,True,7
0.2184,0.0,0.2998,0.0561,0.3624,0.1825,0.2614,0.6667,0.5873,3.0,1.0,0.0,0.0,1.0,0.0,2.0,1.0,2.0,0.346948859617666,17.658117884028318,17.12134270100692,257.35819977152516,3,12,16,1181,1072.6,0.347,0,0.0,35.748,True,7
0.2056,0.0,0.2269,0.0554,0.3137,0.1033,0.3349,1.0,0.5866,3.0,0.0,0.0,0.0,0.0,0.0,2.0,2.0,2.0,0.3472555482895639,15.283616219417942,17.527299613004697,259.230585915224,3,12,8,1079,928.6,0.347,0,0.0,30.611,True,7
0.2538,0.0,0.3474,0.003,0.3861,0.2267,0.5314,0.6667,0.6142,3.0,1.0,0.0,0.0,1.0,1.0,2.0,1.0,2.0,0.33574628366314146,17.591065969009783,13.094722983463305,248.80998639254338,3,12,16,1251,1142.9,0.336,0,0.0,71.266,True,7
0.3482,0.0,0.2422,0.0538,0.3669,0.1704,0.0794,1.0,0.5942,3.0,0.0,1.0,0.0,1.0,0.0,2.0,1.0,1.0,0.3441029209549576,17.609194074805366,12.241900516739202,263.8969272795521,3,12,16,1087,1086.1,0.344,0,0.0,16.962,True,7
0.2574,0.0,0.3017,0.0341,0.3375,0.3391,0.0862,1.0,0.1084,3.0,0.0,0.0,0.0,0.0,1.0,2.0,2.0,1.0,0.5464962842081038,15.641773186115602,13.267651551109648,154.39930617992022,3,12,8,1149,998.9,0.546,0,0.0,31.019,True,7
0.2677,0.0,0.3227,0.1172,0.374,0.1693,0.0,1.0,0.1307,3.0,1.0,0.0,0.0,0.0,1.0,2.0,2.0,2.0,0.537220394373113,17.678170667215234,13.11115347791648,264.49862475870475,3,12,16,1365,1106.9,0.537,0,0.0,25.665,True,7
0.209,0.0,0.2788,0.1056,0.3259,0.1285,0.238,1.0,0.1581,3.0,0.0,0.0,0.0,1.0,0.0,2.0,2.0,1.0,0.5257972947841673,17.51166942901783,18.772553344018682,268.1230623960638,3,12,8,1115,964.6,0.526,0,0.0,9.939,True,7
0.1788,0.0,0.2827,0.0099,0.284,0.3981,0.3164,1.0,0.2356,2.0,0.0,0.0,0.0,0.0,0.0,2.0,1.0,1.0,0.5351651585357254,17.499219967500924,13.726529740820911,156.2694122270118,2,8,8,841,840.6,0.535,0,0.0,20.521,True,7
0.3846,0.1667,0.3961,0.0034,0.284,0.1926,0.6031,1.0,0.7093,2.0,0.0,0.0,0.0,0.0,0.0,2.0,2.0,1.0,0.3377785168896063,19.070260963518628,18.894081543006095,267.26901809212933,2,8,8,991,840.6,0.338,0,0.0,22.382,True,7
0.3336,0.0,0.3512,0.0076,0.3615,0.2908,0.2529,0.3333,0.3499,2.0,1.0,1.0,0.0,0.0,0.0,2.0,2.0,1.0,0.4875584908309044,9.875151341853794,10.469396879537442,247.95339162034702,2,8,24,1221,1070.1,0.488,0,0.0,35.898,True,7
0.166,0.0,0.2073,0.0527,0.2961,0.2422,0.3502,1.0,0.6656,2.0,0.0,0.0,0.0,1.0,0.0,3.0,1.0,1.0,0.35601018753958713,17.671231921305065,10.165301667753884,259.23890390002134,2,8,8,877,876.6,0.356,0,0.0,8.756,True,7
0.2598,0.0,0.1444,0.0346,0.3205,0.2338,0.5074,1.0,0.3394,2.0,1.0,0.0,0.0,0.0,0.0,2.0,2.0,2.0,0.49191770747499225,17.508530570403277,12.682546045920581,263.75524496294383,2,8,16,1207,948.6,0.492,0,0.0,22.046,True,7
0.2621,0.0,0.3592,0.1434,0.3137,0.0896,0.0,1.0,0.1585,3.0,0.0,0.0,0.0,0.0,0.0,2.0,2.0,1.0,0.5256446722340817,18.171078759510266,10.44919826229724,266.59230710131726,3,12,8,1079,928.6,0.526,0,0.0,11.355,True,7
0.3761,0.1667,0.2851,0.0172,0.284,0.4049,0.0,1.0,0.7707,2.0,0.0,0.0,0.0,0.0,0.0,2.0,2.0,2.0,0.312217619769637,16.939059180455814,13.379239764072382,152.6054234397339,2,8,8,991,840.6,0.312,0,0.0,19.712,True,7
0.2745,0.0,0.3092,0.0837,0.3785,0.1776,0.0351,1.0,0.1084,3.0,0.0,1.0,0.0,0.0,1.0,2.0,2.0,1.0,0.5464962842081038,15.339342804709553,17.595052519221714,260.0024922670187,3,12,16,1271,1120.4,0.546,0,0.0,17.251,True,7
0.3865,0.0,0.3947,0.0034,0.284,0.1926,0.5901,1.0,0.3805,2.0,0.0,0.0,0.0,0.0,0.0,2.0,1.0,2.0,0.4747786810147954,19.062158462026645,10.406069520107934,267.2711668856432,2,8,8,841,840.6,0.475,0,0.0,21.708,True,7
0.241,0.0,0.2701,0.0846,0.3548,0.1345,0.1739,1.0,0.5648,3.0,0.0,1.0,0.0,0.0,0.0,2.0,2.0,1.0,0.35635116173185655,15.232405822340189,17.537316077145572,264.84517450825473,3,12,16,1201,1050.1,0.356,0,0.0,0.0,True,7
0.2096,0.0,0.1977,0.013,0.3205,0.4237,0.1676,0.6667,0.3512,2.0,1.0,0.0,0.0,0.0,0.0,1.0,1.0,2.0,0.4869890830417062,18.4213977371054,10.4648584492021,161.20149528550493,2,8,16,1057,948.6,0.487,0,0.0,39.46,True,7
0.4008,0.1667,0.3085,0.0066,0.3077,0.2294,0.0,1.0,0.6798,2.0,0.0,0.0,0.0,0.0,1.0,1.0,1.0,1.0,0.350068064468433,9.874674521282778,13.245720027037883,266.10117014824965,2,8,8,911,910.9,0.35,0,0.0,27.849,True,7
0.2199,0.0,0.2678,0.0347,0.3137,0.2932,0.3588,1.0,0.6174,3.0,0.0,0.0,0.0,0.0,0.0,2.0,2.0,2.0,0.3344253169967425,8.302012695154225,13.241972687945209,156.6730827109911,3,12,8,1079,928.6,0.334,0,0.0,7.198,True,7
0.2076,0.1667,0.2369,0.0347,0.284,0.2075,0.1784,1.0,0.7174,2.0,0.0,0.0,0.0,0.0,0.0,3.0,1.0,2.0,0.3344253169967425,8.302012695154225,13.241972687945209,259.1859729215161,2,8,8,841,840.6,0.334,0,0.0,7.6,True,7
0.3861,0.1667,0.1889,0.0034,0.3205,0.2273,0.5904,0.6667,0.7086,2.0,1.0,0.0,0.0,0.0,0.0,2.0,2.0,1.0,0.33807476776868817,19.070260963518628,16.429667040632673,267.26901809212933,2,8,16,1099,948.6,0.338,0,0.0,22.925,True,7
0.3035,0.0,0.2102,0.0871,0.3624,0.1824,0.2874,1.0,0.1183,3.0,1.0,0.0,0.0,1.0,0.0,2.0,2.0,1.0,0.5423622520533843,15.832632645900235,12.974479656392392,257.3861628700893,3,12,16,1223,1072.6,0.542,0,0.0,7.579,True,7
0.2804,0.0,0.344,0.1244,0.3137,0.0904,0.0,1.0,0.1306,3.0,0.0,0.0,0.0,0.0,0.0,2.0,2.0,2.0,0.5372473196530707,18.144764203250528,10.33292852239899,266.17651879027244,3,12,8,1079,928.6,0.537,0,0.0,12.439,True,7
0.2431,0.0,0.1919,0.0091,0.3205,0.547,0.0,0.6667,0.4788,2.0,1.0,0.0,0.0,0.0,0.0,1.0,1.0,1.0,0.43382218024195734,18.234772828151854,19.792751486788617,94.62463904915957,2,8,16,949,948.6,0.434,0,0.0,0.0,True,123
0.3666,0.0,0.1475,0.0089,0.3205,0.4712,0.0,0.6667,0.4788,2.0,1.0,0.0,0.0,0.0,0.0,3.0,1.0,2.0,0.43382218024195734,18.233980438702726,19.792751486788617,135.54327929209558,2,8,16,1057,948.6,0.434,0,0.0,11.658,True,123
0.2309,0.0,0.4,0.0073,0.4327,0.3577,0.2498,0.3333,0.0577,4.0,1.0,0.0,1.0,1.0,0.0,1.0,1.0,1.0,0.5259533743792054,18.237745205975145,16.232196072635357,139.12291384776523,4,16,24,1281,1280.8,0.526,0,0.0,17.275,True,123
0.2298,0.0,0.4,0.0124,0.3434,0.2408,0.3012,1.0,0.0047,4.0,0.0,0.0,0.0,0.0,0.0,3.0,1.0,2.0,0.5480323701075067,18.14323576706018,19.7497218210465,139.94327506639493,4,16,8,1017,1016.6,0.548,0,0.0,20.537,True,123
0.2262,0.0,0.4,0.0053,0.3496,0.4235,0.2282,1.0,0.6047,3.0,0.0,0.0,0.0,1.0,1.0,1.0,1.0,1.0,0.33970363307927043,18.24736666050833,19.742700594488976,127.24109949995929,3,12,8,1035,1034.9,0.34,0,0.0,25.372,True,123
0.1868,0.0,0.38,0.0065,0.4318,0.4253,0.4122,0.0,0.3453,3.0,1.0,1.0,1.0,0.0,0.0,1.0,1.0,1.0,0.44777473830978376,18.233194859338234,19.92119788368643,141.59000752865205,3,12,32,1279,1278.2,0.448,0,0.0,28.269,True,123
0.4381,0.0,0.2156,0.0065,0.3205,0.481,0.0,0.6667,0.4788,2.0,1.0,0.0,0.0,0.0,0.0,1.0,2.0,1.0,0.43382739749103605,17.72440588933657,20.92213654227344,130.2568065188315,2,8,16,1099,948.6,0.434,0,0.0,31.334,True,123
0.1448,0.1667,0.4,0.003,0.284,0.416,0.4444,1.0,0.6305,2.0,0.0,0.0,0.0,0.0,0.0,3.0,1.0,1.0,0.3706192361069972,18.232563908338705,19.972606058138854,146.62233957816966,2,8,8,841,840.6,0.371,0,0.0,32.567,True,123
0.1895,0.0,0.2514,0.0038,0.3326,0.4916,0.6574,1.0,0.672,2.0,1.0,0.0,0.0,1.0,0.0,3.0,1.0,1.0,0.3533321516456227,19.491031891407637,21.76528856633561,139.55878601470238,2,8,16,985,984.6,0.353,0,0.0,47.449,True,123
0.2161,0.1667,0.263,0.0043,0.3442,0.4925,0.6402,1.0,0.6462,2.0,1.0,0.0,0.0,0.0,1.0,3.0,1.0,1.0,0.36409522459959565,19.048234005625975,19.964363884659097,139.02886573849838,2,8,16,1019,1018.9,0.364,0,0.0,47.649,True,123
0.2755,0.0,0.3387,0.0049,0.3326,0.46,0.1784,1.0,0.2377,2.0,1.0,0.0,0.0,1.0,0.0,3.0,1.0,1.0,0.5342943284183503,18.23560845549267,19.574169701367875,156.57663606425763,2,8,16,985,984.6,0.534,0,0.0,48.61,True,123
0.1212,0.0,0.4,0.0049,0.2961,0.553,0.1696,1.0,0.4433,2.0,0.0,0.0,0.0,1.0,0.0,2.0,2.0,1.0,0.4486170191487995,18.10433802301583,19.53768184812036,91.40662144854261,2,8,8,1027,876.6,0.449,0,0.0,54.405,True,123
0.1544,0.0,0.2833,0.0095,0.3737,0.6048,0.4653,0.6667,0.2614,2.0,1.0,1.0,0.0,1.0,0.0,3.0,1.0,1.0,0.5244254555737325,18.235385448277835,19.733407305289926,90.69181483981001,2,8,24,1107,1106.1,0.524,0,0.0,56.002,True,123
0.3695,0.0,0.2978,0.0012,0.3442,0.5131,0.391,1.0,0.4856,2.0,1.0,0.0,0.0,0.0,1.0,3.0,2.0,2.0,0.43101335280963715,18.303144213129997,19.84414378291348,127.90454249443941,2,8,16,1277,1018.9,0.431,0,0.0,62.701,True,123
0.315,0.0,0.3471,0.0057,0.3326,0.5112,0.0,1.0,0.7344,2.0,1.0,0.0,0.0,1.0,0.0,3.0,2.0,1.0,0.3273280781097162,18.236635642368473,19.831890627586127,128.9301569340885,2,8,16,1135,984.6,0.327,0,0.0,100.002,True,123
0.23,0.0,0.2343,0.0102,0.3326,0.5761,0.0,0.6667,0.4788,2.0,1.0,0.0,0.0,1.0,0.0,1.0,1.0,1.0,0.43382218024195734,18.23477439080589,19.792751486788617,93.92034375049616,2,8,16,985,984.6,0.434,0,0.0,0.0,True,123
0.2543,0.0,0.3205,0.0089,0.3912,0.4081,0.0,0.3333,0.3788,3.0,1.0,1.0,0.0,0.0,0.0,3.0,1.0,1.0,0.43382218024195734,18.23320037539433,19.792751486788617,135.54033034224958,3,12,24,1159,1158.1,0.434,0,0.0,9.133,True,123
0.2623,0.0,0.4,0.0251,0.3434,0.2084,0.1163,1.0,0.0382,4.0,0.0,0.0,0.0,0.0,0.0,1.0,1.0,2.0,0.5340899525991591,18.23563517571759,19.907808241894372,157.46676157643273,4,16,8,1017,1016.6,0.534,0,0.0,3.431,True,123
0.2309,0.0,0.4,0.0073,0.4327,0.3577,0.2498,0.3333,0.0577,4.0,1.0,0.0,1.0,1.0,0.0,1.0,1.0,1.0,0.5259533743792054,18.237745205975145,16.232196072635357,139.12291384776523,4,16,24,1281,1280.8,0.526,0,0.0,17.275,True,123
0.4328,0.0,0.3028,0.0778,0.3442,0.5705,0.0,0.6667,0.2507,2.0,1.0,0.0,0.0,0.0,1.0,1.0,2.0,1.0,0.5288716483499297,12.826344828200604,17.738748951702817,96.92101883038757,2,8,16,1169,1018.9,0.529,0,0.0,55.068,True,123
0.2083,0.0,0.4,0.0333,0.3672,0.2791,0.2916,1.0,0.1174,4.0,0.0,0.0,0.0,0.0,1.0,3.0,1.0,2.0,0.501076572981284,18.173613536633766,20.945738981253932,143.8336472657198,4,16,8,1087,1086.9,0.501,0,0.0,16.873,True,123
0.3972,0.0,0.4,0.0103,0.284,0.4408,0.0,1.0,0.2046,2.0,0.0,0.0,0.0,0.0,0.0,3.0,1.0,2.0,0.5480757400489958,18.304673186873803,19.784285676364156,133.2417882372085,2,8,8,841,840.6,0.548,0,0.0,3.798,True,123
0.1515,0.0,0.247,0.0605,0.3205,0.46,0.5043,1.0,0.2979,2.0,1.0,0.0,0.0,0.0,0.0,1.0,1.0,2.0,0.5091992083102737,18.23369618180305,19.74870493673101,141.60958958143377,2,8,16,1057,948.6,0.509,0,0.0,50.659,True,123
0.4313,0.0,0.3557,0.007,0.3564,0.5935,0.0,0.6667,0.3032,2.0,1.0,0.0,0.0,1.0,1.0,1.0,1.0,1.0,0.5070145744755249,12.826344828200604,27.299027719280584,96.77525563934617,2,8,16,1055,1054.9,0.507,0,0.0,70.307,True,123
0.3573,0.0,0.3622,0.004,0.3737,0.5365,0.0,0.6667,0.2946,2.0,1.0,1.0,0.0,1.0,0.0,1.0,2.0,1.0,0.5105863247556878,18.21329671605362,17.381551265807172,127.54380811548249,2,8,24,1257,1106.1,0.511,0,0.0,54.718,True,123
0.2793,0.0,0.3693,0.0295,0.3799,0.3073,0.0649,0.6667,0.0946,4.0,1.0,0.0,0.0,0.0,0.0,3.0,2.0,2.0,0.5105863247556878,18.21329671605362,17.381551265807172,128.58015774870626,4,16,16,1383,1124.6,0.511,0,0.0,34.051,True,123
0.3475,0.0,0.1884,0.0097,0.3205,0.4539,0.0,1.0,0.4832,2.0,1.0,0.0,0.0,0.0,0.0,3.0,2.0,1.0,0.4320113498033918,18.30347555882967,20.917502347713523,144.8995228310328,2,8,16,1099,948.6,0.432,0,0.0,51.735,True,123
0.2031,0.0,0.4,0.0029,0.2961,0.4323,0.5756,1.0,0.6373,2.0,0.0,0.0,0.0,1.0,0.0,3.0,1.0,1.0,0.36780858189442656,17.704247559002376,20.894043856010686,156.57663606425763,2,8,8,877,876.6,0.368,0,0.0,37.815,True,123
0.2808,0.0,0.4,0.0455,0.3434,0.2469,0.0376,1.0,0.0299,4.0,0.0,0.0,0.0,0.0,0.0,1.0,1.0,2.0,0.5375336933905417,18.24871838743357,19.53910779101678,136.64827000406137,4,16,8,1017,1016.6,0.538,0,0.0,3.217,True,123
0.219,0.0,0.3815,0.009,0.421,0.4017,0.2946,1.0,0.062,4.0,1.0,1.0,0.0,0.0,0.0,1.0,1.0,1.0,0.524150744875468,18.235602209152002,19.502069611184837,98.07544409448252,4,16,24,1247,1246.1,0.524,0,0.0,67.607,True,123
0.1863,0.0,0.4,0.0499,0.3434,0.2338,0.3623,1.0,0.1174,4.0,0.0,0.0,0.0,0.0,0.0,3.0,1.0,2.0,0.501076572981284,18.173613536633766,20.945738981253932,143.77074051511931,4,16,8,1017,1016.6,0.501,0,0.0,19.727,True,123
0.1616,0.0,0.3264,0.0105,0.4034,0.4521,0.3811,1.0,0.1874,3.0,1.0,1.0,0.0,1.0,0.0,2.0,1.0,1.0,0.5135780024480134,18.236635642368473,20.527537367447064,127.09377661299634,3,12,24,1195,1194.1,0.514,0,0.0,82.977,True,123
0.196,0.0,0.4,0.0221,0.3434,0.2285,0.326,1.0,0.4281,4.0,0.0,0.0,0.0,0.0,0.0,1.0,1.0,1.0,0.37164358415976817,18.23226850353553,19.972606058138854,146.62233957816966,4,16,8,1017,1016.6,0.372,0,0.0,2.907,True,123
0.2145,0.0,0.4,0.0092,0.3326,0.5555,0.0241,0.6667,0.5538,2.0,1.0,0.0,0.0,1.0,0.0,3.0,2.0,1.0,0.4025810319596474,13.003429939510331,17.376336880978023,105.00721508768575,2,8,16,1135,984.6,0.403,0,0.0,98.055,True,123
0.1265,0.0,0.2472,0.0068,0.3205,0.4747,0.4594,1.0,0.463,2.0,1.0,0.0,0.0,0.0,0.0,3.0,2.0,2.0,0.44042563539607626,18.180550075521506,19.9193122179136,133.66689994795757,2,8,16,1207,948.6,0.44,0,0.0,48.203,True,123
0.2891,0.0,0.4,0.0101,0.284,0.3972,0.0,1.0,0.2284,2.0,0.0,0.0,0.0,0.0,0.0,3.0,1.0,2.0,0.5381801937823932,18.239747977454115,19.53910779101678,156.76131601238225,2,8,8,841,840.6,0.538,0,0.0,39.783,True,123
0.2484,0.0,0.4,0.029,0.3137,0.3444,0.1444,1.0,0.1932,3.0,0.0,0.0,0.0,0.0,0.0,3.0,1.0,1.0,0.5111786451655271,18.213465546375083,17.381551265807172,129.04683668320783,3,12,8,929,928.6,0.511,0,0.0,47.14,True,123
0.3322,0.0,0.4,0.0046,0.3502,0.3784,0.1035,1.0,0.138,3.0,1.0,0.0,0.0,0.0,0.0,1.0,1.0,1.0,0.534179800000374,18.52537114619208,19.731106085573927,133.1694641360179,3,12,16,1037,1036.6,0.534,0,0.0,36.733,True,123
0.1735,0.0,0.302,0.0056,0.3205,0.4225,0.3166,1.0,0.4453,2.0,1.0,0.0,0.0,0.0,0.0,1.0,2.0,1.0,0.44780869277319013,18.233084165109865,19.691215806955274,161.82544338643578,2,8,16,1099,948.6,0.448,0,0.0,52.949,True,123
0.2606,0.0,0.1968,0.0072,0.3205,0.4582,0.0,0.6667,0.4817,2.0,1.0,0.0,0.0,0.0,0.0,1.0,1.0,1.0,0.4326436082623447,18.304147429670042,20.917502347713523,142.58545658907926,2,8,16,949,948.6,0.433,0,0.0,0.0,True,123
0.2519,0.0,0.4,0.0251,0.3434,0.2089,0.1652,1.0,0.0194,4.0,0.0,0.0,0.0,0.0,0.0,1.0,2.0,2.0,0.5419229122192419,18.23563517571759,19.907808241894372,157.2075385720101,4,16,8,1167,1016.6,0.542,0,0.0,5.332,True,123
0.2203,0.0,0.2791,0.0029,0.3442,0.5775,0.5838,1.0,0.4517,2.0,1.0,0.0,0.0,0.0,1.0,2.0,1.0,1.0,0.4451118857153954,18.205367293560045,21.07618410980623,93.15084937940327,2,8,16,1019,1018.9,0.445,0,0.0,56.814,True,123
0.1939,0.0,0.3684,0.0078,0.4145,0.5128,0.3669,0.3333,0.3453,3.0,1.0,0.0,1.0,0.0,1.0,1.0,1.0,1.0,0.44777473830978376,18.233194859338234,19.92119788368643,94.32793157582373,3,12,24,1227,1227.0,0.448,0,0.0,29.308,True,123
0.2338,0.0,0.4,0.0194,0.4037,0.3259,0.3612,0.6667,0.0297,4.0,1.0,0.0,0.0,0.0,1.0,3.0,1.0,1.0,0.5376383184676021,19.04990530111206,21.725446613635683,139.02886573849838,4,16,16,1195,1194.9,0.538,0,0.0,15.928,True,123
0.3739,0.0,0.1546,0.0089,0.3205,0.4714,0.0,0.6667,0.4788,2.0,1.0,0.0,0.0,0.0,0.0,3.0,2.0,2.0,0.4338219406114215,18.233980438702726,19.792751486788617,135.43030025453857,2,8,16,1207,948.6,0.434,0,0.0,11.657,True,123
0.1768,0.1667,0.4,0.0048,0.3077,0.4866,0.3058,1.0,0.7047,2.0,0.0,0.0,0.0,0.0,1.0,1.0,2.0,1.0,0.33970363307927043,18.24736666050833,19.568307332310688,127.24109949995929,2,8,8,1061,910.9,0.34,0,0.0,49.299,True,123
0.2333,0.0,0.3449,0.0044,0.3624,0.4016,0.4899,1.0,0.5718,3.0,1.0,0.0,0.0,1.0,0.0,1.0,1.0,1.0,0.3534012792620057,19.540246356694805,21.732498054018286,139.02886573849838,3,12,16,1073,1072.6,0.353,0,0.0,36.857,True,123
0.255,0.0,0.4,0.0148,0.3372,0.4857,0.4012,0.6667,0.3174,2.0,0.0,1.0,0.0,1.0,0.0,1.0,1.0,1.0,0.501076572981284,18.173613536633766,20.945738981253932,142.73439088189554,2,8,16,999,998.1,0.501,0,0.0,47.988,True,123
0.1726,0.0,0.3929,0.02,0.3799,0.2918,0.4692,0.6667,0.4043,4.0,1.0,0.0,0.0,0.0,0.0,3.0,2.0,2.0,0.38155425180036967,18.16921797542719,19.754237052168456,136.96492624973047,4,16,16,1383,1124.6,0.382,0,0.0,17.657,True,123
0.2316,0.0,0.4,0.0283,0.3967,0.2934,0.1904,0.6667,0.0641,4.0,0.0,1.0,0.0,1.0,0.0,1.0,1.0,1.0,0.5233088001860339,17.719683239845104,20.944303264342942,156.58513697524873,4,16,16,1175,1174.1,0.523,0,0.0,6.611,True,123
0.2229,0.0,0.3673,0.0103,0.3921,0.3378,0.2193,1.0,0.1737,4.0,1.0,0.0,0.0,1.0,0.0,3.0,2.0,1.0,0.4776350039149865,18.235543380830155,20.554213430644737,132.5865226785757,4,16,16,1311,1160.6,0.478,0,0.0,65.038,True,123
0.1581,0.1667,0.3635,0.0146,0.3205,0.4874,0.2061,1.0,0.6834,2.0,1.0,0.0,0.0,0.0,0.0,3.0,1.0,2.0,0.3485813295342759,18.408608109585447,19.541104399519256,126.79672879950283,2,8,16,1057,948.6,0.349,0,0.0,93.11,True,123
0.1756,0.0,0.4,0.011,0.3375,0.3791,0.2421,1.0,0.2115,3.0,0.0,0.0,0.0,0.0,1.0,3.0,1.0,1.0,0.5035380733023523,18.03656230521662,19.51253781765309,132.78711983294488,3,12,8,999,998.9,0.504,0,0.0,30.959,True,123
0.2206,0.0,0.4,0.1011,0.3434,0.2474,0.2636,1.0,0.0405,4.0,0.0,0.0,0.0,0.0,0.0,1.0,1.0,1.0,0.5331361922315303,18.303188115258216,19.745086658337936,136.399993087441,4,16,8,1017,1016.6,0.533,0,0.0,20.51,True,123
0.2176,0.0,0.4,0.0243,0.384,0.2833,0.2907,0.6667,0.0352,4.0,0.0,0.0,1.0,0.0,0.0,1.0,1.0,1.0,0.5353451188113826,18.233194859338234,19.92119788368643,141.59000752865205,4,16,16,1137,1136.8,0.535,0,0.0,9.117,True,123
0.2946,0.0,0.4,0.0056,0.3502,0.3656,0.1836,1.0,0.138,3.0,1.0,0.0,0.0,0.0,0.0,1.0,1.0,1.0,0.534179800000374,18.152938157031972,19.749160500067205,140.0839716315869,3,12,16,1037,1036.6,0.534,0,0.0,34.855,True,123
0.2803,0.0,0.3996,0.0056,0.3912,0.3675,0.1301,0.3333,0.3484,3.0,1.0,1.0,0.0,0.0,0.0,1.0,1.0,2.0,0.4465157141951871,18.23563517571759,19.907808241894372,157.46676157643273,3,12,24,1267,1158.1,0.447,0,0.0,23.418,True,123
0.1878,0.0,0.4,0.0138,0.3967,0.3401,0.3339,0.6667,0.0822,4.0,0.0,1.0,0.0,1.0,0.0,1.0,1.0,2.0,0.5157534395541997,18.23286055238945,16.699581871922913,131.3538885361362,4,16,16,1175,1174.1,0.516,0,0.0,8.347,True,123
0.2072,0.0,0.3531,0.0039,0.3861,0.3845,0.4079,1.0,0.6059,3.0,1.0,0.0,0.0,1.0,1.0,1.0,2.0,1.0,0.339222430732319,18.24736666050833,19.6992465274886,163.62056290549452,3,12,16,1293,1142.9,0.339,0,0.0,38.223,True,123
0.183,0.0,0.2909,0.0044,0.3853,0.5239,0.4173,1.0,0.4519,2.0,1.0,1.0,0.0,0.0,1.0,0.0,1.0,1.0,0.44505730582384245,19.208896592619297,20.940570361531854,134.3751387521682,2,8,24,1141,1140.4,0.445,0,0.0,52.138,True,123
0.1372,0.0,0.2582,0.0031,0.3564,0.5454,0.4795,1.0,0.4395,2.0,1.0,0.0,0.0,1.0,1.0,1.0,2.0,1.0,0.4502081880851986,18.235618275935824,19.84414378291348,122.75709294010821,2,8,16,1205,1054.9,0.45,0,0.0,57.891,True,123
0.2209,0.0,0.3372,0.0243,0.4205,0.4087,0.2504,0.3333,0.2453,4.0,1.0,0.0,1.0,0.0,0.0,1.0,1.0,1.0,0.44780869277319013,18.233084165109865,19.92289513283807,94.32793157582373,4,16,24,1245,1244.8,0.448,0,0.0,9.424,True,123
0.1674,0.0,0.3143,0.0022,0.3326,0.4993,0.5656,0.6667,0.3359,2.0,1.0,0.0,0.0,1.0,0.0,1.0,1.0,1.0,0.4933918176182802,18.237882966974468,21.15754745813149,135.39989663901173,2,8,16,985,984.6,0.493,0,0.0,36.564,True,123
0.3664,0.0,0.1562,0.0107,0.3205,0.4712,0.0,0.6667,0.4788,2.0,1.0,0.0,0.0,0.0,0.0,1.0,1.0,1.0,0.43382218024195734,18.3193995639806,19.792751486788617,135.54327929209558,2,8,16,949,948.6,0.434,0,0.0,11.792,True,123
0.215,0.0,0.3549,0.0256,0.3799,0.2538,0.2723,0.6667,0.2353,4.0,1.0,0.0,0.0,0.0,0.0,1.0,1.0,2.0,0.45196503962165285,18.23563517571759,19.9093407450998,157.46676157643273,4,16,16,1233,1124.6,0.452,0,0.0,7.0,True,123
0.2162,0.0,0.3427,0.0047,0.3624,0.3565,0.5235,1.0,0.3696,3.0,1.0,0.0,0.0,1.0,0.0,1.0,2.0,1.0,0.4376630605731682,18.426151503483823,19.697281972088504,163.38786468777138,3,12,16,1223,1072.6,0.438,0,0.0,36.397,True,123
0.1827,0.0,0.2909,0.0044,0.3853,0.5989,0.4174,1.0,0.4519,2.0,1.0,1.0,0.0,0.0,1.0,2.0,1.0,2.0,0.44505730582384245,18.236526233162262,19.232804415110472,93.84592190415509,2,8,24,1249,1140.4,0.445,0,0.0,52.547,True,123
0.2754,0.1667,0.2745,0.0733,0.3615,0.4876,0.3272,0.3333,0.6049,2.0,1.0,1.0,0.0,0.0,0.0,3.0,1.0,1.0,0.3812945427703415,18.30438869922533,20.84309559573702,141.7186255920986,2,8,24,1071,1070.1,0.381,0,0.0,45.911,True,123
0.1686,0.1667,0.3231,0.0055,0.3205,0.4841,0.4331,1.0,0.6386,2.0,1.0,0.0,0.0,0.0,0.0,3.0,1.0,1.0,0.3672544644995962,18.26272315877378,19.810376607739013,128.61074731723394,2,8,16,949,948.6,0.367,0,0.0,93.804,True,123
0.1372,0.0,0.2582,0.0031,0.3564,0.5454,0.4795,1.0,0.4395,2.0,1.0,0.0,0.0,1.0,1.0,1.0,1.0,1.0,0.4502081880851986,18.235618275935824,19.84414378291348,122.75709294010821,2,8,16,1055,1054.9,0.45,0,0.0,57.891,True,123
0.2366,0.1667,0.2288,0.0982,0.3615,0.4673,0.3754,0.3333,0.6049,2.0,1.0,1.0,0.0,0.0,0.0,3.0,1.0,1.0,0.3812945427703415,18.30438869922533,20.917549253243585,152.66502115560687,2,8,24,1071,1070.1,0.381,0,0.0,45.959,True,123
0.1768,0.1667,0.4,0.0048,0.3077,0.4866,0.3058,1.0,0.7047,2.0,0.0,0.0,0.0,0.0,1.0,1.0,2.0,1.0,0.33970363307927043,18.24736666050833,19.568307332310688,127.24109949995929,2,8,8,1061,910.9,0.34,0,0.0,49.299,True,123
0.2495,0.0,0.2241,0.0092,0.3205,0.4446,0.0,0.6667,0.4788,2.0,1.0,0.0,0.0,0.0,0.0,3.0,1.0,1.0,0.43382218024195734,18.3116072643786,19.792751486788617,149.93252604476052,2,8,16,949,948.6,0.434,0,0.0,0.0,True,123
0.1538,0.0,0.4,0.0043,0.3199,0.5227,0.217,1.0,0.2424,2.0,0.0,0.0,0.0,1.0,1.0,1.0,1.0,1.0,0.5323319847227671,18.235618275935824,19.84261127970805,122.75709294010821,2,8,8,947,946.9,0.532,0,0.0,56.501,True,123
0.1706,0.0,0.4,0.0023,0.284,0.4203,0.6208,1.0,0.3114,2.0,0.0,0.0,0.0,0.0,0.0,1.0,1.0,1.0,0.5035847149096645,18.263256603672254,20.91727793552496,144.31432309467783,2,8,8,841,840.6,0.504,0,0.0,42.079,True,123
0.209,0.0,0.3409,0.0044,0.3502,0.4552,0.5368,1.0,0.3695,3.0,1.0,0.0,0.0,0.0,0.0,1.0,1.0,1.0,0.4377050716424511,18.426151503483823,19.697281972088504,91.69389751622666,3,12,16,1037,1036.6,0.438,0,0.0,37.391,True,123
0.1708,0.0,0.3199,0.0027,0.3326,0.5807,0.5435,1.0,0.4422,2.0,1.0,0.0,0.0,1.0,0.0,2.0,2.0,1.0,0.4490858226764471,18.263256603672254,20.961635802838124,91.40825346467004,2,8,16,1135,984.6,0.449,0,0.0,47.449,True,123
0.1722,0.0,0.3175,0.0021,0.3326,0.4992,0.5552,0.6667,0.3359,2.0,1.0,0.0,0.0,1.0,0.0,1.0,1.0,1.0,0.4933918176182802,18.237882966974468,21.15754745813149,135.43063531442837,2,8,16,985,984.6,0.493,0,0.0,36.564,True,123
0.3006,0.0,0.3934,0.0032,0.3502,0.3749,0.202,1.0,0.3817,3.0,1.0,0.0,0.0,0.0,0.0,1.0,1.0,1.0,0.4326360514229685,18.30552283295487,20.95214706486097,135.02929732491882,3,12,16,1037,1036.6,0.433,0,0.0,39.502,True,123
0.3015,0.0,0.3922,0.0092,0.3799,0.3025,0.1402,0.6667,0.4765,4.0,1.0,0.0,0.0,0.0,0.0,0.0,1.0,1.0,0.3514607141454541,19.503576717225844,21.74590470401742,131.20863665309534,4,16,16,1125,1124.6,0.351,0,0.0,11.823,True,123
0.178,0.0,0.4,0.0275,0.3137,0.3239,0.4409,1.0,0.2174,3.0,0.0,0.0,0.0,0.0,0.0,3.0,1.0,1.0,0.501076572981284,18.237596166223014,20.945738981253932,140.08066996831988,3,12,8,929,928.6,0.501,0,0.0,34.19,True,123
0.3707,0.0,0.1711,0.0089,0.3205,0.4714,0.0,0.6667,0.4784,2.0,1.0,0.0,0.0,0.0,0.0,3.0,2.0,1.0,0.4340139552038867,18.233980438702726,20.893069711659223,135.43030025453857,2,8,16,1099,948.6,0.434,0,0.0,10.523,True,123
0.1617,0.0,0.4,0.0106,0.2961,0.5547,0.0961,1.0,0.6207,2.0,0.0,0.0,0.0,1.0,0.0,1.0,2.0,1.0,0.3746941393101129,18.26311380820665,19.54744073525569,90.44111079271163,2,8,8,1027,876.6,0.375,0,0.0,38.463,True,123
0.1886,0.0,0.3888,0.0069,0.415,0.515,0.3102,0.6667,0.3517,3.0,1.0,1.0,0.0,0.0,1.0,2.0,1.0,2.0,0.4451118857153954,18.205367293560045,19.277715479507478,93.15084937940327,3,12,24,1337,1228.4,0.445,0,0.0,33.863,True,123
0.2072,0.0,0.335,0.0057,0.3624,0.4016,0.4657,1.0,0.5638,3.0,1.0,0.0,0.0,1.0,0.0,1.0,1.0,1.0,0.35675157390406287,18.267824216564456,22.093310938074,139.02886573849838,3,12,16,1073,1072.6,0.357,0,0.0,33.038,True,123
0.1934,0.0,0.2031,0.0161,0.284,0.4482,0.6239,1.0,0.2518,2.0,0.0,0.0,0.0,0.0,0.0,3.0,1.0,1.0,0.5284144661848972,19.271801675649495,21.804856282881868,129.2175409856387,2,8,8,841,840.6,0.528,0,0.0,0.0,True,2024
0.2302,0.0,0.3752,0.0563,0.3912,0.1973,0.3417,0.6667,0.1,3.0,1.0,1.0,0.0,0.0,0.0,3.0,1.0,1.0,0.5499845017046239,11.706281904996063,21.802001615797302,249.39277360261266,3,12,24,1159,1158.1,0.55,0,0.0,0.0,True,2024
0.1064,0.0,0.2575,0.0268,0.3326,0.5246,0.4643,0.6667,0.2247,2.0,1.0,0.0,0.0,1.0,0.0,2.0,1.0,1.0,0.5397205278580827,19.265405054514872,21.80643003481578,121.6987750402056,2,8,16,985,984.6,0.54,0,0.0,0.0,True,2024
0.2246,0.1667,0.1614,0.061,0.3615,0.3232,0.1951,0.3333,0.7684,2.0,1.0,1.0,0.0,0.0,0.0,3.0,1.0,1.0,0.31317168208288093,10.006787798077312,21.800255600106667,230.47141623367577,2,8,24,1071,1070.1,0.313,0,0.0,0.0,True,2024
0.2769,0.0,0.4,0.0875,0.3548,0.1986,0.0944,0.6667,0.5239,3.0,0.0,1.0,0.0,0.0,0.0,2.0,1.0,1.0,0.37336435215913244,11.430659710761976,21.801333694382343,230.25516367032338,3,12,16,1051,1050.1,0.373,0,0.0,0.0,True,2024
0.3617,0.1667,0.2028,0.005,0.3205,0.2423,0.152,0.6667,0.7684,2.0,1.0,0.0,0.0,0.0,0.0,3.0,1.0,1.0,0.31317168208288093,10.006787798077312,21.903262977361635,259.15281222651186,2,8,16,949,948.6,0.313,0,0.0,0.0,True,2024
0.2321,0.0,0.3572,0.0507,0.2961,0.2461,0.1685,1.0,0.2247,2.0,0.0,0.0,0.0,1.0,0.0,2.0,1.0,1.0,0.5397205278580827,9.47311309074993,21.80198965291928,257.0821175371249,2,8,8,877,876.6,0.54,0,0.0,0.845,True,2024
0.3782,0.1667,0.224,0.0044,0.3615,0.4802,0.7805,0.3333,0.6235,2.0,1.0,1.0,0.0,0.0,0.0,2.0,1.0,2.0,0.3735272311666278,8.128586805434951,22.040147791561612,145.69485888545506,2,8,24,1179,1070.1,0.374,0,0.0,2.352,True,2024
0.2583,0.0,0.4,0.039,0.3137,0.0833,0.1385,1.0,0.1483,3.0,0.0,0.0,0.0,0.0,0.0,2.0,1.0,2.0,0.5298860566550848,10.10750080666272,21.803014017877373,269.9925782463554,3,12,8,929,928.6,0.53,0,0.0,2.75,True,2024
0.4021,0.1667,0.3224,0.0028,0.325,0.246,0.7602,0.6667,0.785,2.0,0.0,1.0,0.0,0.0,0.0,3.0,1.0,2.0,0.3062493566914096,19.876467665735383,21.786141544182982,257.13499880297763,2,8,16,963,962.1,0.306,0,0.0,6.184,True,2024
0.2984,0.0,0.2746,0.0159,0.3502,0.1261,0.0,0.6667,0.1017,3.0,1.0,0.0,0.0,0.0,0.0,3.0,1.0,1.0,0.5492881303624595,15.124060425703837,21.80761621975377,269.4088130548189,3,12,16,1037,1036.6,0.549,0,0.0,9.102,True,2024
0.3104,0.0,0.3392,0.0003,0.284,0.4787,0.3131,1.0,0.5076,2.0,0.0,0.0,0.0,0.0,0.0,3.0,1.0,1.0,0.4218431380400709,19.911911704436044,21.846774950705885,112.74008517444338,2,8,8,841,840.6,0.422,0,0.0,9.557,True,2024
0.1734,0.0,0.2559,0.1053,0.3205,0.523,0.3782,0.6667,0.4313,2.0,1.0,0.0,0.0,0.0,0.0,3.0,1.0,1.0,0.4536448035297173,19.797236243078395,22.066118397193893,107.56816399742644,2,8,16,949,948.6,0.454,0,0.0,9.983,True,2024
0.1911,0.0,0.3058,0.016,0.3737,0.5781,0.2892,0.3333,0.4606,2.0,1.0,1.0,0.0,1.0,0.0,2.0,1.0,1.0,0.4414064644624792,8.265161763391273,21.752910362188498,105.09716628813638,2,8,24,1107,1106.1,0.441,0,0.0,12.17,True,2024
0.1923,0.0,0.3528,0.0832,0.3974,0.5543,0.2314,0.3333,0.6021,2.0,1.0,1.0,0.0,1.0,1.0,2.0,1.0,1.0,0.3824771173931359,19.496429286128517,21.804737352161986,128.19998235548152,2,8,24,1177,1176.4,0.382,0,0.0,17.08,True,2024
0.19,0.0,0.1318,0.047,0.3564,0.2895,0.2537,0.6667,0.2299,2.0,1.0,0.0,0.0,1.0,1.0,2.0,1.0,1.0,0.5375426069789295,9.10059236337217,21.171208575412567,260.93259934963623,2,8,16,1055,1054.9,0.538,0,0.0,17.504,True,2024
0.1657,0.0,0.2294,0.072,0.3615,0.2899,0.3423,0.3333,0.2,2.0,1.0,1.0,0.0,0.0,0.0,2.0,1.0,1.0,0.5499845017046239,10.844588948623418,21.90755044787345,248.44512184042168,2,8,24,1071,1070.1,0.55,0,0.0,5.853,True,2024
0.2548,0.0,0.1602,0.0535,0.3853,0.2794,0.0603,0.3333,0.2541,2.0,1.0,1.0,0.0,0.0,1.0,2.0,1.0,2.0,0.5274390415214759,18.38652004294395,21.804821925815954,266.4004844492364,2,8,24,1249,1140.4,0.527,0,0.0,23.208,True,2024
0.2082,0.0,0.2794,0.0128,0.3912,0.397,0.3087,0.6667,0.5324,3.0,1.0,1.0,0.0,0.0,0.0,1.0,2.0,1.0,0.36985251563404625,15.156269629844047,22.04820701295378,141.55026627912423,3,12,24,1309,1158.1,0.37,0,0.0,8.321,True,2024
0.2058,0.0,0.3024,0.005,0.3442,0.5527,0.7303,0.6667,0.4735,2.0,1.0,0.0,0.0,0.0,1.0,3.0,1.0,2.0,0.4360292121920024,19.172965889040672,22.03797624844504,106.55275076635054,2,8,16,1127,1018.9,0.436,0,0.0,42.305,True,2024
0.2217,0.0,0.3836,0.0706,0.3548,0.3595,0.3318,0.6667,0.1116,3.0,0.0,1.0,0.0,0.0,0.0,3.0,1.0,2.0,0.5451794697691627,11.760233251724589,22.054465046125234,143.39308185991206,3,12,16,1051,1050.1,0.545,0,0.0,8.004,True,2024
0.2713,0.0,0.3398,0.0349,0.3077,0.2233,0.1214,1.0,0.2388,2.0,0.0,0.0,0.0,0.0,1.0,2.0,1.0,2.0,0.5338365610767574,19.61907798427863,21.769098565286296,269.4126522676932,2,8,8,911,910.9,0.534,0,0.0,0.0,True,2024
0.2183,0.0,0.2138,0.0051,0.3367,0.5508,0.7085,0.6667,0.2164,2.0,0.0,0.0,1.0,1.0,0.0,3.0,1.0,1.0,0.5431604609212615,19.302870041553607,22.736536815560353,107.56118052482331,2,8,16,997,996.8,0.543,0,0.0,12.364,True,2024
0.2828,0.0,0.2403,0.0219,0.3624,0.174,0.0165,0.6667,0.1523,3.0,1.0,0.0,0.0,1.0,0.0,3.0,1.0,2.0,0.5282166465967024,18.865002607518395,21.901004303025775,261.9677806389371,3,12,16,1181,1072.6,0.528,0,0.0,0.0,True,2024
0.2864,0.0,0.2671,0.0135,0.374,0.4197,0.0189,0.6667,0.1017,3.0,1.0,0.0,0.0,0.0,1.0,3.0,1.0,1.0,0.5492881303624595,19.272205499272765,21.80761621975377,129.26454618070997,3,12,16,1107,1106.9,0.549,0,0.0,24.297,True,2024
0.3155,0.1667,0.3347,0.0046,0.284,0.1944,0.1508,1.0,0.6239,2.0,0.0,0.0,0.0,0.0,0.0,2.0,1.0,1.0,0.37336435215913244,19.56614058300478,21.90434107163731,266.28903549689846,2,8,8,841,840.6,0.373,0,0.0,8.226,True,2024
0.2061,0.1667,0.1368,0.0269,0.3615,0.5036,0.2664,0.3333,0.7649,2.0,1.0,1.0,0.0,0.0,0.0,3.0,1.0,1.0,0.31461388208219154,19.39338272972987,21.903712875796565,133.08266434647078,2,8,24,1071,1070.1,0.315,0,0.0,8.375,True,2024
0.2061,0.0,0.2468,0.0944,0.284,0.1875,0.4346,1.0,0.431,2.0,0.0,0.0,0.0,0.0,0.0,3.0,1.0,1.0,0.45376987147043746,10.058611289263954,21.80304247335482,269.98139468616745,2,8,8,841,840.6,0.454,0,0.0,4.902,True,2024
0.2824,0.0,0.2043,0.0882,0.2961,0.2283,0.1734,1.0,0.2017,2.0,0.0,0.0,0.0,1.0,0.0,2.0,1.0,1.0,0.5492881303624595,11.503154952143342,21.799713480846656,266.69266067941396,2,8,8,877,876.6,0.549,0,0.0,0.0,True,2024
0.1416,0.0,0.1784,0.0566,0.3737,0.2796,0.6648,0.3333,0.7699,2.0,1.0,1.0,0.0,1.0,0.0,3.0,1.0,1.0,0.3125561482313244,10.076190867810979,22.192707706098513,266.3095439291111,2,8,24,1107,1106.1,0.313,0,0.0,4.587,True,2024
0.2049,0.0,0.2334,0.0428,0.3246,0.525,0.4246,0.6667,0.2253,2.0,0.0,0.0,1.0,0.0,0.0,3.0,1.0,1.0,0.5394625490230334,19.800462951518533,21.799086256203754,106.51093919255851,2,8,16,961,960.8,0.539,0,0.0,0.0,True,2024
0.1285,0.0,0.2712,0.0616,0.3488,0.2689,0.4334,0.6667,0.268,2.0,0.0,1.0,0.0,0.0,1.0,1.0,2.0,1.0,0.5216766372808461,12.013779656373487,21.772173192352966,259.7939737348645,2,8,16,1183,1032.4,0.522,0,0.0,25.69,True,2024
0.2162,0.0,0.3448,0.0639,0.3259,0.2008,0.3218,1.0,0.4003,3.0,0.0,0.0,0.0,1.0,0.0,3.0,1.0,2.0,0.42485840043176026,18.83619468332058,22.04645709241992,229.08647773139,3,12,8,965,964.6,0.425,0,0.0,11.556,True,2024
0.1072,0.0,0.2457,0.0267,0.284,0.4621,0.4665,1.0,0.2247,2.0,0.0,0.0,0.0,0.0,0.0,2.0,1.0,1.0,0.5397205278580827,9.47311309074993,21.802248715824817,121.6987750402056,2,8,8,841,840.6,0.54,0,0.0,0.297,True,2024
0.2392,0.0,0.3357,0.0763,0.3609,0.5353,0.1486,0.6667,0.2457,2.0,0.0,1.0,0.0,1.0,1.0,2.0,1.0,2.0,0.5309521355912047,18.6332252549061,22.06627671013453,128.19998235548152,2,8,16,1069,1068.4,0.531,0,0.0,0.443,True,2024
0.1754,0.0,0.3154,0.0065,0.3737,0.5781,0.2983,0.3333,0.4606,2.0,1.0,1.0,0.0,1.0,0.0,2.0,1.0,1.0,0.4414064644624792,8.265161763391273,22.04541899646438,105.09716628813638,2,8,24,1107,1106.1,0.441,0,0.0,12.176,True,2024
0.3428,0.0,0.3634,0.0086,0.3907,0.1989,0.0716,0.6667,0.5273,3.0,0.0,1.0,0.0,1.0,1.0,3.0,1.0,1.0,0.37196196454114705,11.430659710761976,21.903612588865784,263.85566829865854,3,12,16,1157,1156.4,0.372,0,0.0,3.517,True,2024
0.1803,0.0,0.2166,0.0822,0.325,0.4573,0.5039,0.6667,0.2223,2.0,0.0,1.0,0.0,0.0,0.0,3.0,2.0,1.0,0.5407108431833182,11.747046904035457,22.054465046125234,143.06186268091926,2,8,16,1113,962.1,0.541,0,0.0,8.373,True,2024
0.1732,0.0,0.2559,0.1052,0.3615,0.2506,0.3782,0.3333,0.4313,2.0,1.0,1.0,0.0,0.0,0.0,2.0,1.0,1.0,0.4536448035297173,19.492239813186462,22.066118397193893,269.64937834484687,2,8,24,1071,1070.1,0.454,0,0.0,8.622,True,2024
0.3322,0.0,0.3497,0.0134,0.3502,0.1527,0.0,0.6667,0.5532,3.0,1.0,0.0,0.0,0.0,0.0,3.0,1.0,2.0,0.36115852852321845,19.421545697818487,21.906512548944576,255.0598468854732,3,12,16,1145,1036.6,0.361,0,0.0,3.276,True,2024
0.205,0.0,0.3249,0.0573,0.3137,0.1565,0.3615,1.0,0.5887,3.0,0.0,0.0,0.0,0.0,0.0,1.0,1.0,2.0,0.34637273074687036,10.006787798077312,21.847827794072945,230.47141623367577,3,12,8,929,928.6,0.346,0,0.0,0.0,True,2024
0.2924,0.0,0.4,0.0047,0.3137,0.3706,0.1028,1.0,0.1376,3.0,0.0,0.0,0.0,0.0,0.0,2.0,1.0,1.0,0.5343307292289995,9.800248666393834,21.39310437417145,114.86228973486882,3,12,8,929,928.6,0.534,0,0.0,25.576,True,2024
0.1696,0.0,0.2624,0.0979,0.325,0.5091,0.3598,0.6667,0.4481,2.0,0.0,1.0,0.0,0.0,0.0,3.0,1.0,1.0,0.4466337848571407,19.487075227847818,22.067088700368593,115.10537096414528,2,8,16,963,962.1,0.447,0,0.0,8.232,True,2024
0.3953,0.0,0.2997,0.0051,0.3326,0.2705,0.3432,0.6667,0.6239,2.0,1.0,0.0,0.0,1.0,0.0,2.0,1.0,1.0,0.37336435215913244,12.384563230877033,21.90434107163731,258.93656307719027,2,8,16,985,984.6,0.373,0,0.0,5.409,True,2024
0.228,0.0,0.2868,0.0071,0.3199,0.2613,0.6572,1.0,0.3205,2.0,0.0,0.0,0.0,1.0,1.0,3.0,2.0,1.0,0.49977114461032457,15.489015605105294,21.82763862554554,263.88459578745926,2,8,8,1097,946.9,0.5,0,0.0,36.699,True,2024
0.4169,0.1667,0.394,0.0062,0.284,0.1908,0.1508,1.0,0.7049,2.0,0.0,0.0,0.0,0.0,0.0,3.0,1.0,1.0,0.3396203342141956,13.925942918068632,21.90434107163731,268.243711129929,2,8,8,841,840.6,0.34,0,0.0,10.3,True,2024
0.2569,0.0,0.4,0.0664,0.3137,0.0855,0.1096,1.0,0.3899,3.0,0.0,0.0,0.0,0.0,0.0,1.0,2.0,1.0,0.42919903614726107,18.113530523469272,22.040456941842933,268.85682331377967,3,12,8,1079,928.6,0.429,0,0.0,0.0,True,2024
0.2364,0.0,0.349,0.0812,0.3502,0.1313,0.1814,0.6667,0.326,3.0,1.0,0.0,0.0,0.0,0.0,2.0,1.0,1.0,0.4558361505510933,19.4175423785714,21.989815496537,266.58825652879557,3,12,16,1037,1036.6,0.456,0,0.0,1.13,True,2024
0.2673,0.0,0.3638,0.0841,0.3375,0.3857,0.0611,1.0,0.1518,3.0,0.0,0.0,0.0,0.0,1.0,3.0,1.0,1.0,0.5284144661848972,11.271976005663655,21.800299327058585,129.2175409856387,3,12,8,999,998.9,0.528,0,0.0,16.579,True,2024
0.3735,0.0,0.3521,0.0093,0.3669,0.1809,0.0212,0.6667,0.5223,3.0,0.0,1.0,0.0,1.0,0.0,2.0,1.0,1.0,0.3740392753688392,11.430659710761976,21.801997244703784,258.2206039848427,3,12,16,1087,1086.1,0.374,0,0.0,0.0,True,2024
0.1212,0.0,0.271,0.0603,0.284,0.2118,0.4327,1.0,0.2386,2.0,0.0,0.0,0.0,0.0,0.0,1.0,1.0,2.0,0.5339063410189314,18.778394621542343,21.772173192352966,256.86285944599456,2,8,8,841,840.6,0.534,0,0.0,1.425,True,2024
0.1951,0.1667,0.2361,0.0584,0.284,0.2607,0.5457,1.0,0.6887,2.0,0.0,0.0,0.0,0.0,0.0,1.0,1.0,2.0,0.34637273074687036,10.006787798077312,21.77119962216412,230.47141623367577,2,8,8,841,840.6,0.346,0,0.0,0.0,True,2024
0.3241,0.0,0.396,0.0022,0.3137,0.343,0.0,1.0,0.4084,3.0,0.0,0.0,0.0,0.0,0.0,3.0,1.0,1.0,0.42150724954525026,19.39863123781457,21.99045026458802,129.78382089350947,3,12,8,929,928.6,0.422,0,0.0,4.02,True,2024
0.2687,0.0,0.4,0.0377,0.3502,0.3532,0.1076,0.6667,0.1483,3.0,1.0,0.0,0.0,0.0,0.0,3.0,1.0,2.0,0.5298860566550848,9.726214802725227,21.802566720776387,146.75436581771297,3,12,16,1145,1036.6,0.53,0,0.0,5.375,True,2024
0.2435,0.0,0.3627,0.0074,0.3502,0.1372,0.212,0.6667,0.3644,3.0,1.0,0.0,0.0,0.0,0.0,3.0,1.0,1.0,0.4398440367003214,9.802705173348308,21.98813749027527,263.39481628341997,3,12,16,1037,1036.6,0.44,0,0.0,15.627,True,2024
0.3577,0.0,0.2149,0.0134,0.3502,0.4276,0.0,0.6667,0.5699,3.0,1.0,0.0,0.0,0.0,0.0,2.0,2.0,1.0,0.35422607904537784,9.996085584547734,21.905412388596766,106.61402671489887,3,12,16,1187,1036.6,0.354,0,0.0,73.905,True,2024
0.2811,0.0,0.2563,0.0202,0.3502,0.1401,0.0197,0.6667,0.1523,3.0,1.0,0.0,0.0,0.0,0.0,3.0,1.0,2.0,0.5282140746711622,18.865002607518395,22.293346768967183,261.86962512634835,3,12,16,1145,1036.6,0.528,0,0.0,0.0,True,2024
0.2105,0.0,0.3295,0.0625,0.3669,0.1984,0.2956,0.6667,0.1003,3.0,0.0,1.0,0.0,1.0,0.0,2.0,1.0,1.0,0.5498633684048315,11.815652397999717,21.892355105568512,248.77516202987516,3,12,16,1087,1086.1,0.55,0,0.0,0.464,True,2024
0.3603,0.0,0.3625,0.0042,0.2961,0.3016,0.6959,1.0,0.7482,2.0,0.0,0.0,0.0,1.0,0.0,2.0,1.0,1.0,0.3215815517136452,9.655695461211966,21.850162777680502,227.11881310862324,2,8,8,877,876.6,0.322,0,0.0,6.108,True,2024
0.2717,0.0,0.4,0.0076,0.3137,0.3181,0.0525,1.0,0.5231,3.0,0.0,0.0,0.0,0.0,0.0,1.0,1.0,1.0,0.3737178778913927,15.156269629844047,20.067324593424374,143.23440854343437,3,12,8,929,928.6,0.374,0,0.0,0.0,True,2024
0.237,0.0,0.1524,0.0535,0.3564,0.2794,0.0603,0.6667,0.2541,2.0,1.0,0.0,0.0,1.0,1.0,2.0,1.0,1.0,0.5274390415214759,18.443388417060298,21.804821925815954,266.4004844492364,2,8,16,1055,1054.9,0.527,0,0.0,13.396,True,2024
0.2285,0.0,0.2909,0.0321,0.3442,0.2758,0.0875,0.6667,0.4939,2.0,1.0,0.0,0.0,0.0,1.0,3.0,1.0,2.0,0.42754785334454054,18.623490115026488,21.898150464643887,256.0477508559836,2,8,16,1127,1018.9,0.428,0,0.0,34.795,True,2024
0.1626,0.1667,0.2839,0.0832,0.3205,0.484,0.4027,0.6667,0.6671,2.0,1.0,0.0,0.0,0.0,0.0,2.0,1.0,1.0,0.3553913896870869,19.72917533394883,21.802880464605728,128.63054923738954,2,8,16,949,948.6,0.355,0,0.0,0.0,True,2024
0.2403,0.0,0.229,0.0821,0.325,0.2621,0.3462,0.6667,0.2,2.0,0.0,1.0,0.0,0.0,0.0,3.0,1.0,1.0,0.5499845017046239,10.844588948623418,21.76897876575349,248.44512184042168,2,8,16,963,962.1,0.55,0,0.0,0.0,True,2024
0.1672,0.0,0.1899,0.0579,0.3737,0.2819,0.6071,0.3333,0.276,2.0,1.0,1.0,0.0,1.0,0.0,2.0,2.0,1.0,0.5183339233762926,10.07761895276164,21.281385277871966,265.04358926338085,2,8,24,1257,1106.1,0.518,0,0.0,5.208,True,2024
0.3062,0.0,0.3693,0.0731,0.284,0.4051,0.0,1.0,0.2984,2.0,0.0,0.0,0.0,0.0,0.0,2.0,2.0,1.0,0.5089933640906187,19.283270305549273,21.11823147170743,152.50170948907345,2,8,8,991,840.6,0.509,0,0.0,39.91,True,2024
0.3602,0.0,0.4,0.0096,0.3137,0.1038,0.0441,1.0,0.5239,3.0,0.0,0.0,0.0,0.0,0.0,2.0,1.0,1.0,0.37336435215913244,11.430659710761976,21.90434107163731,258.93656307719027,3,12,8,929,928.6,0.373,0,0.0,0.0,True,2024
0.2672,0.0,0.3821,0.0078,0.3375,0.1252,0.1846,1.0,0.1441,3.0,0.0,0.0,0.0,0.0,1.0,3.0,1.0,2.0,0.5316192175728889,15.05919226471963,21.897402759019656,269.86584840977446,3,12,8,999,998.9,0.532,0,0.0,16.94,True,2024
0.3043,0.0,0.4,0.0012,0.3543,0.1408,0.0913,0.6667,0.1443,3.0,0.0,0.0,1.0,0.0,0.0,3.0,1.0,1.0,0.5315569170793579,9.699613653436474,21.897402759019656,261.44316069296474,3,12,16,1049,1048.8,0.532,0,0.0,10.579,True,2024
0.2338,0.0,0.2523,0.0477,0.284,0.2053,0.405,1.0,0.2518,2.0,0.0,0.0,0.0,0.0,0.0,3.0,2.0,1.0,0.5284144661848972,9.472666565905797,21.791688573696348,260.39103693524874,2,8,8,991,840.6,0.528,0,0.0,0.0,True,2024
0.3715,0.0,0.3732,0.0035,0.2961,0.2386,0.6825,1.0,0.746,2.0,0.0,0.0,0.0,1.0,0.0,2.0,1.0,2.0,0.32248145862962907,9.655695461211966,21.850162777680502,261.1491373468148,2,8,8,877,876.6,0.322,0,0.0,7.853,True,2024
0.2489,0.0,0.2353,0.0883,0.2961,0.2387,0.2381,1.0,0.2017,2.0,0.0,0.0,0.0,1.0,0.0,2.0,1.0,1.0,0.5492881303624595,11.176390337055885,21.846313332632775,261.12341591554116,2,8,8,877,876.6,0.549,0,0.0,0.0,True,2024
0.2521,0.0,0.2811,0.0213,0.3205,0.4629,0.0029,0.6667,0.422,2.0,1.0,0.0,0.0,0.0,0.0,2.0,1.0,1.0,0.45749017201239767,10.039836346810269,21.802120442227434,140.04481449360017,2,8,16,949,948.6,0.457,0,0.0,9.269,True,2024
0.3809,0.1667,0.2262,0.0041,0.3615,0.4802,0.7754,0.3333,0.6235,2.0,1.0,1.0,0.0,0.0,0.0,2.0,1.0,2.0,0.3735272311666278,8.128586805434951,22.040147791561612,145.69485888545506,2,8,24,1179,1070.1,0.374,0,0.0,2.352,True,2024
0.4095,0.1667,0.3441,0.0038,0.3615,0.5602,0.3385,0.3333,0.7313,2.0,1.0,1.0,0.0,0.0,0.0,2.0,1.0,1.0,0.3286070535672555,19.79827824901013,22.23056702447886,102.46614677628526,2,8,24,1071,1070.1,0.329,0,0.0,6.469,True,2024
0.3037,0.0,0.3377,0.0535,0.3077,0.2284,0.0,1.0,0.2517,2.0,0.0,0.0,0.0,0.0,1.0,3.0,2.0,1.0,0.5284389233530595,18.38652004294395,21.804821925815954,266.6812008160634,2,8,8,1061,910.9,0.528,0,0.0,7.61,True,2024
0.2219,0.0,0.3229,0.0071,0.3137,0.0961,0.2267,1.0,0.3644,3.0,0.0,0.0,0.0,0.0,0.0,3.0,1.0,1.0,0.4398440367003214,9.699613653436474,21.897402759019656,263.1164817659299,3,12,8,929,928.6,0.44,0,0.0,14.627,True,2024
0.204,0.0,0.3529,0.0992,0.325,0.4744,0.229,0.6667,0.2234,2.0,0.0,1.0,0.0,0.0,0.0,2.0,2.0,2.0,0.5402574986844646,16.08693910400426,22.057494488778854,133.82276742822793,2,8,16,1113,962.1,0.54,0,0.0,11.641,True,2024
0.2623,0.0,0.3795,0.0789,0.3259,0.2008,0.0791,1.0,0.3873,3.0,0.0,0.0,0.0,1.0,0.0,3.0,1.0,2.0,0.43030784913197606,18.83619468332058,22.04645709241992,229.08647773139,3,12,8,965,964.6,0.43,0,0.0,0.0,True,2024
0.2664,0.1667,0.2081,0.0715,0.3205,0.2264,0.1348,0.6667,0.705,2.0,1.0,0.0,0.0,0.0,0.0,3.0,1.0,1.0,0.3396025125625877,19.525525994557192,21.782410313475363,267.7454249573749,2,8,16,949,948.6,0.34,0,0.0,0.0,True,2024
0.3539,0.0,0.2311,0.0178,0.3205,0.447,0.0,0.6667,0.4576,2.0,1.0,0.0,0.0,0.0,0.0,2.0,2.0,2.0,0.4426770774607967,10.023546333580494,23.70940301229282,148.62530982665695,2,8,16,1207,948.6,0.443,0,0.0,7.318,True,2024
0.1584,0.0,0.2606,0.0831,0.3372,0.2899,0.2835,0.6667,0.2223,2.0,0.0,1.0,0.0,1.0,0.0,2.0,2.0,1.0,0.5407276243547496,11.815652397999717,21.892355105568512,248.44512184042168,2,8,16,1149,998.1,0.541,0,0.0,5.417,True,2024
0.1386,0.1667,0.3011,0.0676,0.3205,0.484,0.4597,0.6667,0.6672,2.0,1.0,0.0,0.0,0.0,0.0,1.0,1.0,1.0,0.3553526907693289,19.72917533394883,21.802880464605728,128.63054923738954,2,8,16,949,948.6,0.355,0,0.0,2.584,True,2024
0.2892,0.0,0.3309,0.039,0.325,0.2222,0.0373,0.6667,0.2483,2.0,0.0,1.0,0.0,0.0,0.0,2.0,1.0,1.0,0.5298860566550848,10.10750080666272,21.803014017877373,269.9925782463554,2,8,16,963,962.1,0.53,0,0.0,6.369,True,2024
0.2329,0.0,0.3558,0.012,0.3137,0.0897,0.1807,1.0,0.4054,3.0,0.0,0.0,0.0,0.0,0.0,3.0,1.0,1.0,0.4227313229798637,19.39753921894601,21.98981775070272,266.58825652879557,3,12,8,929,928.6,0.423,0,0.0,9.166,True,2024
0.1831,0.0,0.1676,0.0521,0.3326,0.3241,0.3504,0.6667,0.7307,2.0,1.0,0.0,0.0,1.0,0.0,2.0,1.0,1.0,0.3288614981766004,19.42017379229491,21.98969588849687,230.00161086494,2,8,16,985,984.6,0.329,0,0.0,0.0,True,2024
0.1528,0.0,0.2459,0.034,0.3077,0.2248,0.4529,1.0,0.2518,2.0,0.0,0.0,0.0,0.0,1.0,3.0,1.0,2.0,0.5284224881998497,10.002595193664416,22.341901160382882,268.6112783421313,2,8,8,911,910.9,0.528,0,0.0,3.97,True,2024
0.2047,0.0,0.1967,0.046,0.284,0.4401,0.5911,1.0,0.2232,2.0,0.0,0.0,0.0,0.0,0.0,3.0,2.0,2.0,0.5403293247975202,10.178595538116825,22.46565654850216,133.57885223762472,2,8,8,991,840.6,0.54,0,0.0,10.731,True,2024
0.4094,0.1667,0.317,0.0038,0.284,0.4974,0.3385,1.0,0.7313,2.0,0.0,0.0,0.0,0.0,0.0,2.0,1.0,1.0,0.3286070535672555,19.79827824901013,22.23056702447886,102.66870998888108,2,8,8,841,840.6,0.329,0,0.0,6.469,True,2024
0.1653,0.0,0.3682,0.0591,0.3137,0.1239,0.2873,1.0,0.1386,3.0,0.0,0.0,0.0,0.0,0.0,1.0,1.0,2.0,0.5339063410189314,18.710176822747172,21.84880136426179,248.1169477916682,3,12,8,929,928.6,0.534,0,0.0,1.92,True,2024
0.2644,0.0,0.2374,0.0273,0.3326,0.5036,0.1093,0.6667,0.2577,2.0,1.0,0.0,0.0,1.0,0.0,3.0,1.0,2.0,0.5259684074708056,19.39338272972987,21.903712875796565,133.08266434647078,2,8,16,1093,984.6,0.526,0,0.0,7.926,True,2024
0.3216,0.1667,0.2805,0.0025,0.3615,0.2644,0.6829,0.3333,0.671,2.0,1.0,1.0,0.0,0.0,0.0,3.0,1.0,2.0,0.3537489700419946,18.87387058302567,21.899599058574932,262.2175405144635,2,8,24,1179,1070.1,0.354,0,0.0,0.0,True,2024
0.195,0.0,0.1979,0.0378,0.3326,0.3316,0.3429,0.6667,0.7196,2.0,1.0,0.0,0.0,1.0,0.0,2.0,1.0,1.0,0.33350336294076954,19.42017379229491,21.98969588849687,225.94827339448656,2,8,16,985,984.6,0.334,0,0.0,0.0,True,2024
0.2706,0.0,0.323,0.0089,0.3077,0.2243,0.5336,1.0,0.4899,2.0,0.0,0.0,0.0,0.0,1.0,3.0,1.0,1.0,0.42919903614726107,19.95141789334371,21.897346410673915,268.85682331377967,2,8,8,911,910.9,0.429,0,0.0,15.772,True,2024
0.3463,0.1667,0.1999,0.0049,0.3615,0.3279,0.1907,0.3333,0.7688,2.0,1.0,1.0,0.0,0.0,0.0,3.0,2.0,1.0,0.3130187293898033,9.487618913146685,21.800255600106667,227.93013558517785,2,8,24,1221,1070.1,0.313,0,0.0,0.0,True,2024
0.262,0.0,0.3465,0.0305,0.3372,0.2511,0.155,0.6667,0.2472,2.0,0.0,1.0,0.0,1.0,0.0,3.0,1.0,2.0,0.5303204534663233,18.844087169054735,21.771144151475582,269.4126522676932,2,8,16,999,998.1,0.53,0,0.0,0.0,True,2024
0.2878,0.1667,0.3334,0.0773,0.284,0.1917,0.0504,1.0,0.7043,2.0,0.0,0.0,0.0,0.0,0.0,1.0,1.0,1.0,0.33988322018716294,19.525525994557192,21.78053105631244,267.7454249573749,2,8,8,841,840.6,0.34,0,0.0,0.0,True,2024
0.4021,0.0,0.3224,0.0028,0.284,0.2113,0.7602,1.0,0.2518,2.0,0.0,0.0,0.0,0.0,0.0,3.0,1.0,2.0,0.5284150555707737,18.928262250870386,22.070181272863348,257.13499880297763,2,8,8,841,840.6,0.528,0,0.0,6.184,True,2024
0.3008,0.0,0.3661,0.0722,0.284,0.4136,0.0,1.0,0.2081,2.0,0.0,0.0,0.0,0.0,0.0,1.0,2.0,1.0,0.546612236927748,19.35039532405924,21.114801068089495,147.89273504610034,2,8,8,991,840.6,0.547,0,0.0,39.789,True,2024
0.2169,0.0,0.1701,0.0073,0.3326,0.573,0.5426,0.6667,0.5628,2.0,1.0,0.0,0.0,1.0,0.0,2.0,2.0,2.0,0.3988160243682383,9.432109106289014,14.599443438704057,95.59088158482399,2,8,16,1243,984.6,0.399,0,0.0,0.0,True,555
0.1675,0.0,0.3994,0.052,0.3434,0.1569,0.2652,1.0,0.1966,4.0,0.0,0.0,0.0,0.0,0.0,2.0,2.0,2.0,0.46808514794435974,8.642256797067194,15.031571862891234,185.26496702144357,4,16,8,1167,1016.6,0.468,0,0.0,0.4,True,555
0.2409,0.0,0.3723,0.0195,0.3434,0.1549,0.2916,1.0,0.2519,4.0,0.0,0.0,0.0,0.0,0.0,2.0,2.0,2.0,0.4450593172196655,9.579734153415133,15.031571862891234,186.3323434996004,4,16,8,1167,1016.6,0.445,0,0.0,0.486,True,555
0.33,0.1667,0.1851,0.0216,0.284,0.3479,0.4324,1.0,0.7818,2.0,0.0,0.0,0.0,0.0,0.0,2.0,2.0,2.0,0.30756686885259765,9.326072370798778,18.418932399131315,183.39114502256328,2,8,8,991,840.6,0.308,0,0.0,0.735,True,555
0.1772,0.1667,0.1586,0.0232,0.3205,0.5481,0.5816,0.6667,0.7938,2.0,1.0,0.0,0.0,0.0,0.0,2.0,2.0,2.0,0.3025793862435063,9.602221452673465,15.027626275974471,94.04805511504422,2,8,16,1207,948.6,0.303,0,0.0,2.183,True,555
0.2393,0.0,0.3897,0.1175,0.4331,0.302,0.1813,0.3333,0.3337,4.0,1.0,1.0,0.0,1.0,0.0,3.0,2.0,2.0,0.41095203394711094,9.582432590008942,14.876835436150122,169.25111825902871,4,16,24,1541,1282.1,0.411,0,0.0,2.533,True,555
0.2585,0.1667,0.3638,0.0025,0.284,0.509,0.0,1.0,0.7654,2.0,0.0,0.0,0.0,0.0,0.0,2.0,2.0,2.0,0.31442379611583926,9.536614457366097,15.138165063783509,96.40272479377694,2,8,8,991,840.6,0.314,0,0.0,2.676,True,555
0.2937,0.0,0.2516,0.034,0.3137,0.2859,0.5655,1.0,0.6428,3.0,0.0,0.0,0.0,0.0,0.0,2.0,2.0,2.0,0.32381259422689623,9.720969532559478,15.021180118103175,160.6162933484579,3,12,8,1079,928.6,0.324,0,0.0,2.873,True,555
0.2534,0.0,0.3601,0.0474,0.4331,0.3005,0.245,0.3333,0.2764,4.0,1.0,1.0,0.0,1.0,0.0,2.0,1.0,1.0,0.4348493027470416,10.237762836385038,14.858687230951695,170.03945500632798,4,16,24,1283,1282.1,0.435,0,0.0,2.923,True,555
0.1898,0.0,0.4,0.0266,0.3845,0.239,0.2713,0.6667,0.2533,4.0,0.0,1.0,0.0,0.0,0.0,2.0,2.0,1.0,0.4444433732661901,10.159094137849616,14.854120648852216,165.47010673533023,4,16,16,1289,1138.1,0.444,0,0.0,3.381,True,555
0.1182,0.0,0.2099,0.0175,0.3737,0.5896,0.6657,0.3333,0.7177,2.0,1.0,1.0,0.0,1.0,0.0,2.0,2.0,2.0,0.33428922862150134,9.297606289740909,15.036913807615768,98.86602090544466,2,8,24,1365,1106.1,0.334,0,0.0,4.388,True,555
0.2854,0.1667,0.3985,0.0017,0.284,0.5097,0.2183,1.0,0.7654,2.0,0.0,0.0,0.0,0.0,0.0,2.0,2.0,2.0,0.31442379611583926,9.536614457366097,15.138165063783509,96.03258933805903,2,8,8,991,840.6,0.314,0,0.0,4.646,True,555
0.142,0.1667,0.2421,0.0489,0.3656,0.444,0.5864,0.3333,0.6533,2.0,0.0,1.0,1.0,0.0,0.0,2.0,2.0,2.0,0.3611143104648239,12.039616110129245,15.102150304978423,165.23614830663513,2,8,24,1233,1082.2,0.361,0,0.0,5.137,True,555
0.3165,0.0,0.1359,0.0187,0.3205,0.406,0.7847,0.6667,0.4912,2.0,1.0,0.0,0.0,0.0,0.0,2.0,2.0,2.0,0.4286620539831755,11.636743228892842,12.365643472216767,170.77654299159767,2,8,16,1207,948.6,0.429,0,0.0,5.214,True,555
0.3165,0.0,0.1359,0.0187,0.3205,0.406,0.7847,0.6667,0.4912,2.0,1.0,0.0,0.0,0.0,0.0,2.0,2.0,2.0,0.4286620539831755,11.636743228892842,12.365643472216767,170.77654299159767,2,8,16,1207,948.6,0.429,0,0.0,5.214,True,555
0.1348,0.0,0.1934,0.0163,0.3737,0.6011,0.6509,0.3333,0.7081,2.0,1.0,1.0,0.0,1.0,0.0,2.0,2.0,1.0,0.3382872475733638,11.757927365848943,15.02766567282415,92.68036438856208,2,8,24,1257,1106.1,0.338,0,0.0,5.667,True,555
0.3672,0.0,0.4,0.0094,0.284,0.3643,0.5575,1.0,0.2127,2.0,0.0,0.0,0.0,0.0,0.0,3.0,2.0,1.0,0.5446919924710262,11.695467649274041,18.15236577382438,174.54563669208386,2,8,8,991,840.6,0.545,0,0.0,80.058,True,555
0.2154,0.0,0.1701,0.0073,0.3326,0.5714,0.5426,0.6667,0.5645,2.0,1.0,0.0,0.0,1.0,0.0,2.0,2.0,2.0,0.39814005709539696,9.432109106289014,14.599443438704057,96.45614479927202,2,8,16,1243,984.6,0.398,0,0.0,0.0,True,555
0.1395,0.1667,0.3227,0.0409,0.3077,0.5437,0.4425,1.0,0.5864,2.0,0.0,0.0,0.0,0.0,1.0,2.0,2.0,2.0,0.3889942594429171,9.599702045488687,15.130885005044709,96.39802960871563,2,8,8,1061,910.9,0.389,0,0.0,0.0,True,555
0.1653,0.0,0.3072,0.0503,0.421,0.2398,0.2783,0.3333,0.3336,4.0,1.0,1.0,0.0,0.0,0.0,2.0,2.0,2.0,0.4110066846376881,9.261088347399713,15.031571862891234,185.53475323917885,4,16,24,1505,1246.1,0.411,0,0.0,0.498,True,555
0.2336,0.0,0.4,0.0088,0.2961,0.4373,0.0771,1.0,0.6173,2.0,0.0,0.0,0.0,1.0,0.0,2.0,2.0,2.0,0.3761192101266651,9.642672825312069,15.031056741123773,153.86593405491897,2,8,8,1027,876.6,0.376,0,0.0,6.391,True,555
0.3392,0.0,0.1372,0.0675,0.3615,0.4816,0.6906,0.3333,0.5171,2.0,1.0,1.0,0.0,0.0,0.0,2.0,2.0,2.0,0.4178770857604917,9.476730793225327,14.715450777583401,144.93410826429775,2,8,24,1329,1070.1,0.418,0,0.0,5.125,True,555
0.2565,0.1667,0.176,0.0074,0.3205,0.5361,0.1283,0.6667,0.7885,2.0,1.0,0.0,0.0,0.0,0.0,2.0,2.0,2.0,0.3047962290175335,9.44019277845149,15.027626275974471,100.48255388684481,2,8,16,1207,948.6,0.305,0,0.0,2.191,True,555
0.2272,0.0,0.2829,0.0325,0.3259,0.3278,0.4976,1.0,0.4825,3.0,0.0,0.0,0.0,1.0,0.0,3.0,1.0,2.0,0.39061811847481076,11.5657840795498,15.049509509975085,160.4790027191886,3,12,8,965,964.6,0.391,0,0.0,3.796,True,555
0.1642,0.0,0.2631,0.1266,0.3205,0.4903,0.4109,1.0,0.5084,2.0,1.0,0.0,0.0,0.0,0.0,2.0,2.0,2.0,0.4215132092559695,11.637024639466789,15.008695499955426,125.21745725287602,2,8,16,1207,948.6,0.422,0,0.0,3.507,True,555
0.3109,0.0,0.2954,0.0454,0.3912,0.3434,0.5355,0.3333,0.4633,3.0,1.0,1.0,0.0,0.0,0.0,2.0,2.0,2.0,0.3986286894317605,9.582432590008942,14.865012952251815,170.49766107578407,3,12,24,1417,1158.1,0.399,0,0.0,2.863,True,555
0.1438,0.0,0.1572,0.0167,0.2961,0.5506,0.6351,1.0,0.7596,2.0,0.0,0.0,0.0,1.0,0.0,2.0,2.0,2.0,0.3168523830910578,11.7364966099854,15.030544195142685,92.68036438856208,2,8,8,1027,876.6,0.317,0,0.0,13.179,True,555
0.3606,0.0,0.2122,0.0684,0.284,0.5014,0.5568,1.0,0.5024,2.0,0.0,0.0,0.0,0.0,0.0,2.0,2.0,2.0,0.423980567549255,9.335054252758965,18.418932399131315,100.51769898030193,2,8,8,991,840.6,0.424,0,0.0,7.453,True,555
0.2761,0.0,0.4,0.0527,0.421,0.2685,0.1402,0.3333,0.5333,4.0,1.0,1.0,0.0,0.0,0.0,2.0,1.0,2.0,0.32780819174500697,10.236075603069496,15.029246209659087,169.99053493786997,4,16,24,1355,1246.1,0.328,0,0.0,3.362,True,555
0.1271,0.0,0.2533,0.0197,0.3502,0.3084,0.6018,0.6667,0.6855,3.0,1.0,0.0,0.0,0.0,0.0,2.0,2.0,2.0,0.3060339099742881,11.521455567795801,15.003924717017199,170.9833774410356,3,12,16,1295,1036.6,0.306,0,0.0,2.793,True,555
0.1742,0.0,0.2657,0.1401,0.3205,0.4235,0.4127,1.0,0.5087,2.0,1.0,0.0,0.0,0.0,0.0,2.0,2.0,1.0,0.4213653324735608,9.462190863042638,15.160619364482393,161.3194493718844,2,8,16,1099,948.6,0.421,0,0.0,1.156,True,555
0.2305,0.0,0.1779,0.0283,0.3326,0.4631,0.2376,1.0,0.6173,2.0,1.0,0.0,0.0,1.0,0.0,2.0,2.0,2.0,0.3761192101266651,9.638398617324762,15.030427201729987,154.92263683573452,2,8,16,1243,984.6,0.376,0,0.0,5.923,True,555
0.2232,0.0,0.2138,0.0249,0.3611,0.567,0.1336,0.6667,0.5554,2.0,1.0,0.0,1.0,0.0,0.0,2.0,2.0,2.0,0.401933325293409,9.439912385810356,15.117163570641802,98.83061255625167,2,8,24,1327,1068.8,0.402,0,0.0,12.707,True,555
0.193,0.1667,0.3559,0.0251,0.3488,0.5016,0.0602,1.0,0.7201,2.0,0.0,1.0,0.0,0.0,1.0,2.0,2.0,1.0,0.33330279577326555,9.476680751387851,15.11282687880895,134.12925821760538,2,8,16,1183,1032.4,0.333,0,0.0,21.756,True,555
0.2124,0.0,0.4,0.0061,0.3434,0.1765,0.3344,1.0,0.4368,4.0,0.0,0.0,0.0,0.0,0.0,2.0,2.0,2.0,0.3680124138282943,12.072445008788861,15.03149044014995,174.67541937869217,4,16,8,1167,1016.6,0.368,0,0.0,2.438,True,555
0.2485,0.0,0.3813,0.0525,0.3967,0.272,0.1586,0.6667,0.4475,4.0,0.0,1.0,0.0,1.0,0.0,2.0,2.0,2.0,0.3635380069818789,11.733562922943777,14.981282449491534,168.1432915923793,4,16,16,1325,1174.1,0.364,0,0.0,3.321,True,555
0.3267,0.1667,0.1929,0.0155,0.284,0.3709,0.7559,1.0,0.7723,2.0,0.0,0.0,0.0,0.0,0.0,2.0,2.0,2.0,0.31153505230761425,11.636743228892842,12.542999782850469,170.9516159114384,2,8,8,991,840.6,0.312,0,0.0,8.674,True,555
0.1785,0.0,0.1512,0.0555,0.3737,0.6007,0.6482,0.3333,0.7086,2.0,1.0,1.0,0.0,1.0,0.0,2.0,2.0,1.0,0.3380719586274782,9.499235019213634,14.774624487860946,92.88630344988665,2,8,24,1257,1106.1,0.338,0,0.0,4.763,True,555
0.3138,0.1667,0.2341,0.0151,0.3615,0.4326,0.6324,0.3333,0.6017,2.0,1.0,1.0,0.0,0.0,0.0,2.0,2.0,1.0,0.38264419141217104,9.599056859386467,15.130885005044709,171.3946199551042,2,8,24,1221,1070.1,0.383,0,0.0,3.105,True,555
0.2655,0.1667,0.336,0.0025,0.284,0.3529,0.0449,1.0,0.6368,2.0,0.0,0.0,0.0,0.0,0.0,2.0,2.0,2.0,0.3680124138282943,12.072445008788861,15.13835122608494,180.67698937104768,2,8,8,991,840.6,0.368,0,0.0,4.658,True,555
0.1463,0.0,0.2045,0.0272,0.3372,0.444,0.7137,0.6667,0.5475,2.0,0.0,1.0,0.0,1.0,0.0,0.0,2.0,2.0,0.4051882452624988,11.844441741691941,17.908851534836263,165.23614830663513,2,8,16,1149,998.1,0.405,0,0.0,5.068,True,555
0.2472,0.0,0.1683,0.0224,0.3326,0.4631,0.2654,1.0,0.6269,2.0,1.0,0.0,0.0,1.0,0.0,2.0,2.0,2.0,0.37211876515872827,9.638398617324762,15.030427201729987,154.92263683573452,2,8,16,1243,984.6,0.372,0,0.0,6.409,True,555
0.1627,0.0,0.4,0.0486,0.3845,0.2009,0.2991,0.6667,0.3336,4.0,0.0,1.0,0.0,0.0,0.0,2.0,2.0,2.0,0.4110066846376881,9.261088347399713,15.031571862891234,186.04446243104454,4,16,16,1289,1138.1,0.411,0,0.0,0.498,True,555
0.2366,0.0,0.2788,0.0056,0.3624,0.365,0.343,0.6667,0.6058,3.0,1.0,0.0,0.0,1.0,0.0,2.0,2.0,2.0,0.339252563748274,9.444471620963007,15.029264240033479,158.80211279469518,3,12,16,1331,1072.6,0.339,0,0.0,7.424,True,555
0.2443,0.1667,0.1868,0.1199,0.3442,0.4025,0.6684,0.6667,0.7303,2.0,1.0,0.0,0.0,0.0,1.0,2.0,2.0,2.0,0.3290302314304722,9.311869806782031,14.724532522024111,187.66782908131066,2,8,16,1277,1018.9,0.329,0,0.0,4.045,True,555
0.1872,0.0,0.3217,0.0233,0.3799,0.3696,0.2009,0.6667,0.5917,4.0,1.0,0.0,0.0,0.0,0.0,2.0,2.0,2.0,0.30346311294455514,9.602221452673465,15.027626275974471,94.93793484075312,4,16,16,1383,1124.6,0.303,0,0.0,2.158,True,555
0.2058,0.0,0.1907,0.0275,0.3564,0.598,0.5193,0.6667,0.5332,2.0,1.0,0.0,0.0,1.0,1.0,2.0,2.0,2.0,0.4111615597440019,9.551433032470715,14.599233811941993,94.37337659485793,2,8,16,1313,1054.9,0.411,0,0.0,21.05,True,555
0.1946,0.0,0.4,0.044,0.3434,0.1652,0.2475,1.0,0.2886,4.0,0.0,0.0,0.0,0.0,0.0,2.0,2.0,2.0,0.42973187624062975,11.965662057769803,15.13757075640073,180.81065417724892,4,16,8,1167,1016.6,0.43,0,0.0,3.823,True,555
0.1592,0.0,0.315,0.0485,0.3502,0.2814,0.4723,0.6667,0.6708,3.0,1.0,0.0,0.0,0.0,0.0,2.0,2.0,2.0,0.3121847167896292,8.137460825384414,15.031571862891234,185.53475323917885,3,12,16,1295,1036.6,0.312,0,0.0,0.0,True,555
0.1464,0.1667,0.2419,0.0494,0.3656,0.4441,0.5777,0.3333,0.6548,2.0,0.0,1.0,1.0,0.0,0.0,2.0,2.0,2.0,0.36051672890783165,12.039616110129245,15.102150304978423,165.18341501691353,2,8,24,1233,1082.2,0.361,0,0.0,5.137,True,555
0.2417,0.0,0.3769,0.0266,0.3434,0.1549,0.2783,1.0,0.2513,4.0,0.0,0.0,0.0,0.0,0.0,2.0,2.0,2.0,0.44529234519618566,9.579734153415133,15.032214296573455,186.3323434996004,4,16,8,1167,1016.6,0.445,0,0.0,0.041,True,555
0.1246,0.1667,0.2619,0.0336,0.3246,0.3816,0.5677,1.0,0.5864,2.0,0.0,0.0,1.0,0.0,0.0,2.0,2.0,1.0,0.3889942594429171,9.599702045488687,15.140836144956314,183.93542183527143,2,8,16,1111,960.8,0.389,0,0.0,12.87,True,555
0.3519,0.0,0.1405,0.0473,0.3737,0.4578,0.7121,0.3333,0.4764,2.0,1.0,1.0,0.0,1.0,0.0,2.0,2.0,1.0,0.4348493027470416,9.55169726245786,14.858687230951695,170.03945500632798,2,8,24,1257,1106.1,0.435,0,0.0,2.914,True,555
0.3063,0.0,0.2522,0.018,0.3502,0.3424,0.6192,0.6667,0.6937,3.0,1.0,0.0,0.0,0.0,0.0,2.0,2.0,2.0,0.30264051341281867,11.363977960798957,15.030482115639346,152.62311801757932,3,12,16,1295,1036.6,0.303,0,0.0,5.061,True,555
0.1567,0.0,0.3463,0.0486,0.3548,0.2805,0.4734,0.6667,0.4336,3.0,0.0,1.0,0.0,0.0,0.0,2.0,2.0,2.0,0.4110066846376881,9.261088347399713,15.031571862891234,186.04446243104454,3,12,16,1201,1050.1,0.411,0,0.0,0.498,True,555
0.2617,0.0,0.389,0.0525,0.3799,0.2612,0.1724,0.6667,0.2786,4.0,1.0,0.0,0.0,0.0,0.0,2.0,1.0,1.0,0.43389951217117323,9.226964907588865,14.86129405780173,153.47717265747247,4,16,16,1125,1124.6,0.434,0,0.0,2.979,True,555
0.1776,0.0,0.3318,0.1008,0.3137,0.4087,0.3897,1.0,0.4084,3.0,0.0,0.0,0.0,0.0,0.0,2.0,2.0,2.0,0.4215132092559695,11.502834841633362,15.008695499955426,94.2918670585818,3,12,8,1079,928.6,0.422,0,0.0,2.818,True,555
0.2175,0.0,0.3419,0.0268,0.3799,0.2358,0.2089,0.6667,0.2533,4.0,1.0,0.0,0.0,0.0,0.0,2.0,1.0,1.0,0.4444433732661901,10.159094137849616,14.854120648852216,167.21182602978672,4,16,16,1125,1124.6,0.444,0,0.0,0.0,True,555
0.2007,0.0,0.378,0.0873,0.3799,0.2285,0.1599,0.6667,0.2925,4.0,1.0,0.0,0.0,0.0,0.0,2.0,2.0,2.0,0.4281414531811534,11.636711354564147,12.620708059403523,171.1727321316234,4,16,16,1383,1124.6,0.428,0,0.0,0.204,True,555
0.1365,0.1667,0.2367,0.0264,0.284,0.3772,0.4575,1.0,0.6475,2.0,0.0,0.0,0.0,0.0,0.0,2.0,2.0,2.0,0.3635380069818789,11.669353425712156,15.139708004947282,167.5642669391527,2,8,8,991,840.6,0.364,0,0.0,2.075,True,555
0.1767,0.1667,0.1552,0.0231,0.3205,0.5554,0.5744,0.6667,0.7914,2.0,1.0,0.0,0.0,0.0,0.0,0.0,2.0,2.0,0.303568832911286,9.602221452673465,15.027491891184829,90.06850870843454,2,8,16,1207,948.6,0.304,0,0.0,2.986,True,555
0.2025,0.0,0.3742,0.0195,0.3137,0.2485,0.354,1.0,0.5324,3.0,0.0,0.0,0.0,0.0,0.0,2.0,2.0,2.0,0.3698165018416264,10.652724369978895,15.049972548153747,180.8268282721642,3,12,8,1079,928.6,0.37,0,0.0,2.712,True,555
0.3032,0.0,0.1378,0.0195,0.3737,0.4565,0.781,0.3333,0.4897,2.0,1.0,1.0,0.0,1.0,0.0,2.0,2.0,2.0,0.4292810828615579,11.636743228892842,12.287638944932953,170.77654299159767,2,8,24,1365,1106.1,0.429,0,0.0,4.704,True,555
0.2816,0.0,0.2842,0.0157,0.3502,0.3424,0.4749,0.6667,0.6975,3.0,1.0,0.0,0.0,0.0,0.0,2.0,2.0,2.0,0.3010352203390279,10.123836626190382,15.030482115639346,152.62528137186462,3,12,16,1295,1036.6,0.301,0,0.0,5.025,True,555
0.1242,0.0,0.1482,0.0182,0.3737,0.5941,0.6697,0.3333,0.5645,2.0,1.0,1.0,0.0,1.0,0.0,2.0,2.0,2.0,0.3981230599791424,9.432342717646744,14.599443438704057,96.46385406043805,2,8,24,1365,1106.1,0.398,0,0.0,0.0,True,555
0.247,0.1667,0.4,0.0043,0.325,0.4247,0.0187,0.6667,0.7414,2.0,0.0,1.0,0.0,0.0,0.0,2.0,2.0,2.0,0.32441017579736753,9.691638298037313,15.021180118103175,160.66902663817947,2,8,16,1113,962.1,0.324,0,0.0,3.252,True,555
0.1982,0.0,0.3193,0.0264,0.3434,0.3245,0.2259,1.0,0.2017,4.0,0.0,0.0,0.0,0.0,0.0,2.0,2.0,2.0,0.4659519279438724,9.602221452673465,15.027626275974471,94.79669464869451,4,16,8,1167,1016.6,0.466,0,0.0,0.41,True,555
0.1492,0.0,0.3179,0.0487,0.325,0.3777,0.4195,1.0,0.5286,2.0,0.0,1.0,0.0,0.0,0.0,2.0,2.0,2.0,0.41307918986031805,9.538366612485358,15.031571862891234,186.04446243104454,2,8,16,1113,962.1,0.413,0,0.0,2.674,True,555
0.2413,0.0,0.4,0.0389,0.2961,0.5521,0.0,1.0,0.7478,2.0,0.0,0.0,0.0,1.0,0.0,2.0,2.0,2.0,0.3217704817456248,9.49830741278128,13.223919426106884,91.86066730330495,2,8,8,1027,876.6,0.322,0,0.0,20.101,True,555
