rep,n_R4,residents,day_users,gfa,footprint,landscape_frac,F1_safeguarding,F2_privacy_agency,F3_everyday_life,F4_service_separation,F5_site_efficiency,F6_adaptability,F7_domestic_scale,F8_community_connection,F9_landscape_buffer
0,2,8,8,841,840.6,0.52,0.256,0.0,0.235,0.12,0.284,0.465,0.0,1.0,0.271
1,2,8,24,1179,1070.1,0.471,0.192,0.0,0.209,0.154,0.362,0.5,0.097,0.333,0.389
2,2,8,8,841,840.6,0.343,0.191,0.167,0.18,0.03,0.284,0.405,0.224,1.0,0.697
3,2,8,8,991,840.6,0.441,0.235,0.0,0.208,0.063,0.284,0.436,0.099,1.0,0.462
4,2,8,16,963,962.1,0.496,0.191,0.0,0.178,0.026,0.325,0.333,0.569,0.667,0.329
5,2,8,8,991,840.6,0.477,0.241,0.0,0.194,0.002,0.284,0.188,0.674,1.0,0.375
6,2,8,16,999,998.1,0.549,0.294,0.0,0.255,0.001,0.337,0.576,0.717,0.667,0.204
7,2,8,8,991,840.6,0.506,0.197,0.0,0.174,0.009,0.284,0.349,0.498,1.0,0.305
8,2,8,24,1257,1106.1,0.485,0.245,0.0,0.183,0.004,0.374,0.439,0.551,0.333,0.357
9,2,8,8,841,840.6,0.55,0.265,0.0,0.213,0.041,0.284,0.455,0.629,1.0,0.2
10,2,8,16,1099,948.6,0.422,0.144,0.0,0.108,0.023,0.32,0.513,0.495,0.667,0.508
11,2,8,16,1099,948.6,0.545,0.103,0.0,0.152,0.014,0.32,0.288,0.645,0.667,0.212
12,2,8,16,1135,984.6,0.443,0.17,0.0,0.183,0.086,0.333,0.517,0.055,0.667,0.457
