gen,feasible,feasible_ratio,pareto_size
0,50,1.0,41
1,50,1.0,49
2,50,1.0,45
3,50,1.0,47
4,50,1.0,48
5,50,1.0,49
6,50,1.0,48
7,50,1.0,50
8,50,1.0,45
9,50,1.0,48
10,50,1.0,49
11,50,1.0,38
12,50,1.0,43
13,50,1.0,48
14,50,1.0,50
15,50,1.0,49
16,50,1.0,49
17,50,1.0,50
18,50,1.0,50
19,50,1.0,45
20,50,1.0,40
21,50,1.0,49
22,50,1.0,50
23,50,1.0,49
24,50,1.0,49
25,50,1.0,47
26,50,1.0,50
27,50,1.0,50
28,50,1.0,49
29,50,1.0,46
30,50,1.0,48
31,50,1.0,50
32,50,1.0,49
33,50,1.0,49
34,50,1.0,46
35,50,1.0,50
36,50,1.0,50
37,50,1.0,50
38,50,1.0,50
39,50,1.0,50
