obj_site_response,obj_access_clarity,obj_landscape_quality,obj_stacking_efficiency,obj_exposure_gradient,obj_phaseability,obj_service_efficiency,obj_climate_daylight,residents,day_users,staff,gfa,footprint,landscape_frac,floors,n_instances
0.1818,0.7213,0.1863,0.5245,0.9824,0.4667,0.4349,1.0,30,62,13,944.0,880.0,0.825,2,11
0.3,0.8509,-0.0044,0.5716,1.0,0.55,0.5342,1.0,18,90,14,800.0,736.0,0.858,2,10
1.0,0.7289,-0.1657,0.5,0.9971,0.5,0.4,1.0,4,8,8,224.0,224.0,0.836,1,3
0.0,0.5208,-0.1347,0.5,0.9867,1.0,0.5,1.0,16,60,9,552.0,552.0,0.856,1,6
0.6667,0.7399,-0.3271,0.9847,0.8691,0.5,0.5,1.0,4,24,6,208.0,144.0,0.93,2,3
0.5,1.0,-0.4625,0.5,0.8691,0.5,0.5,1.0,4,8,4,144.0,144.0,0.97,1,2
0.2,0.813,-0.1356,0.9208,1.0,0.4667,0.7478,1.0,22,96,11,844.0,744.0,0.857,2,10
0.0,0.0,-0.5052,0.3,0.7422,0.5,0.5,0.7,0,24,2,100.0,0.0,0.995,2,2
1.0,0.0,-0.348,0.2915,0.7441,0.5,0.5,0.7,0,32,6,180.0,80.0,0.942,2,3
0.6667,0.0,-0.4857,0.2932,0.7402,0.5,0.5,1.0,4,24,2,164.0,64.0,0.983,2,3
0.6,0.0,-0.3404,0.9736,0.748,0.5,0.4128,0.7,0,38,10,284.0,248.0,0.937,2,5
0.4545,0.4499,0.6575,0.5,0.9792,0.4667,0.4804,1.0,26,74,12,864.0,864.0,0.55,1,11
0.0,0.4795,-0.2907,0.5,0.9467,0.5,0.4205,1.0,4,32,7,264.0,264.0,0.908,1,3
0.1111,0.0,0.2108,0.9399,0.9863,0.3,0.5157,1.0,18,42,8,664.0,564.0,0.694,2,9
0.2727,0.503,-0.0159,0.8627,0.8398,0.3,0.5,1.0,26,50,8,792.0,692.0,0.865,2,11
0.5,0.8162,-0.0594,0.5,1.0,0.4667,0.4,1.0,12,118,17,836.0,836.0,0.851,1,10
0.4286,0.5577,-0.3018,0.7557,1.0,1.0,0.4,1.0,10,50,12,480.0,416.0,0.915,2,7
0.3,0.6766,-0.0863,0.5742,0.999,0.8,0.4792,1.0,18,82,15,776.0,712.0,0.867,2,10
0.7778,0.0,-0.1181,0.6237,0.7972,0.3,0.5,1.0,26,26,2,648.0,612.0,0.886,2,9
0.2727,0.9235,0.3181,0.8627,0.8457,0.425,0.5,1.0,26,50,8,792.0,692.0,0.67,2,11
0.5,0.0,-0.3962,0.6389,0.748,0.5,0.4706,0.7,0,30,6,204.0,104.0,0.931,2,4
0.1818,0.8887,-0.0959,0.5274,0.999,0.3,0.5846,1.0,22,82,14,916.0,852.0,0.834,2,11
0.1667,0.9835,-0.235,0.8403,0.9158,0.5,0.4035,1.0,6,42,12,468.0,404.0,0.915,2,6
0.1818,0.3778,0.3004,0.5334,1.0,0.4667,0.5353,1.0,22,86,13,860.0,796.0,0.564,2,11
0.4,0.6803,0.3073,0.5712,0.9672,0.425,0.5022,1.0,22,64,13,804.0,740.0,0.637,2,10
0.4,0.1242,-0.335,0.9634,0.8838,0.5,0.4747,1.0,10,24,10,408.0,344.0,0.934,2,5
0.0,0.0,-0.1237,0.9399,0.9893,0.3,0.5023,1.0,18,42,8,664.0,564.0,0.889,2,9
0.8333,0.6371,-0.093,0.5,1.0,0.5,0.4,1.0,4,74,11,400.0,400.0,0.793,1,6
0.1111,0.701,0.4796,0.6088,1.0,0.3,0.6491,1.0,18,108,13,816.0,752.0,0.654,2,9
0.5,0.4459,-0.148,0.5716,0.975,0.4667,0.701,1.0,20,86,9,772.0,736.0,0.864,2,10
0.2727,0.6206,0.3985,0.852,0.937,0.4667,0.4507,1.0,26,70,13,892.0,792.0,0.623,2,11
0.0909,0.4427,-0.0859,0.8627,0.8301,0.425,0.5,1.0,26,50,8,792.0,692.0,0.867,2,11
0.2857,0.7988,0.1338,0.7378,0.9486,0.6667,0.4,1.0,16,56,13,648.0,584.0,0.661,2,7
0.6364,0.8088,0.652,0.5,1.0,0.4667,0.4445,1.0,20,86,14,844.0,844.0,0.553,1,11
0.3,0.0,0.5221,0.9331,0.9785,0.3,0.4369,1.0,22,42,8,728.0,628.0,0.59,2,10
0.25,0.5511,-0.201,0.6813,1.0,0.75,0.4205,1.0,14,50,12,592.0,528.0,0.895,2,8
0.6667,0.9834,-0.2888,0.8361,0.9316,0.5,0.4,1.0,10,28,10,480.0,444.0,0.907,2,6
1.0,0.7289,-0.1657,0.5,0.9971,0.5,0.4,1.0,4,8,8,224.0,224.0,0.836,1,3
0.3,0.7791,0.0266,0.5674,1.0,0.3,0.6779,1.0,18,106,11,812.0,776.0,0.801,2,10
0.7273,0.7629,0.148,0.5274,0.8181,0.3,0.5,1.0,32,58,5,888.0,852.0,0.847,2,11
0.375,0.4138,0.1691,0.6855,0.9619,0.5,0.4,1.0,16,30,10,552.0,488.0,0.679,2,8
0.2222,0.4871,-0.017,0.6156,1.0,0.3,0.6245,1.0,18,70,12,752.0,688.0,0.865,2,9
0.125,0.6808,0.2402,0.5,0.9883,0.625,0.4132,1.0,18,52,13,740.0,740.0,0.638,1,8
0.1429,0.3126,0.308,0.7557,1.0,0.75,0.4,1.0,10,50,12,480.0,416.0,0.715,2,7
0.4,0.1242,-0.335,0.9634,0.8838,0.5,0.4747,1.0,10,24,10,408.0,344.0,0.934,2,5
0.2,0.216,0.1664,0.9634,0.9766,0.5,0.4759,1.0,10,24,10,408.0,344.0,0.72,2,5
0.5714,0.6293,-0.2929,0.7536,0.875,0.5,0.4413,1.0,4,86,13,500.0,436.0,0.91,2,7
0.3333,0.3872,0.3799,0.5,1.0,0.425,0.5212,1.0,18,98,11,776.0,776.0,0.634,1,9
0.1111,0.2685,-0.0303,0.6203,0.9863,0.3,0.627,1.0,18,42,12,708.0,644.0,0.873,2,9
0.2857,0.8195,0.3601,0.7378,0.9583,0.5,0.4009,1.0,12,80,9,620.0,584.0,0.684,2,7
