param,value,runtime_s,feasible_rate,pareto_size,obj_F5_mean
pop_size,60,13.94,1.0,60,0.315
pop_size,100,31.06,1.0,100,0.324
pop_size,160,59.01,1.0,160,0.3
generations,40,5.44,1.0,100,0.308
generations,80,13.37,1.0,100,0.324
generations,120,27.99,1.0,100,0.324
crossover_prob,0.6,15.27,1.0,100,0.313
crossover_prob,0.8,15.66,1.0,100,0.333
crossover_prob,0.9,13.18,1.0,100,0.324
crossover_prob,1.0,14.24,1.0,100,0.318
mutation_prob,default,13.28,1.0,100,0.324
mutation_prob,0.03,11.64,1.0,100,0.313
mutation_prob,0.08,11.67,1.0,100,0.311
mutation_prob,0.15,10.3,1.0,100,0.33
mutation_strength_eta,5,13.29,1.0,100,0.316
mutation_strength_eta,15,14.6,1.0,100,0.331
mutation_strength_eta,20,13.15,1.0,100,0.324
mutation_strength_eta,30,32.93,1.0,100,0.327
