,F1,F2,F3,F4,F5,F6,F7,F8,F9
F1,1.0,-0.034,-0.13,-0.095,-0.008,-0.099,-0.028,0.124,-0.155
F2,-0.034,1.0,-0.01,-0.213,-0.221,0.179,0.079,-0.035,0.5
F3,-0.13,-0.01,1.0,0.102,-0.083,-0.28,-0.397,0.026,-0.022
F4,-0.095,-0.213,0.102,1.0,0.087,-0.447,-0.394,0.236,-0.223
F5,-0.008,-0.221,-0.083,0.087,1.0,-0.024,-0.21,-0.529,-0.328
F6,-0.099,0.179,-0.28,-0.447,-0.024,1.0,0.239,-0.316,0.237
F7,-0.028,0.079,-0.397,-0.394,-0.21,0.239,1.0,-0.008,0.089
F8,0.124,-0.035,0.026,0.236,-0.529,-0.316,-0.008,1.0,0.012
F9,-0.155,0.5,-0.022,-0.223,-0.328,0.237,0.089,0.012,1.0
