obj_F1_safeguarding,obj_F2_privacy_agency,obj_F3_everyday_life,obj_F4_service_separation,obj_F5_site_efficiency,obj_F6_adaptability,obj_F7_domestic_scale,obj_F8_community_connection,obj_F9_landscape_buffer,g_n_R4,g_has_H0,g_has_J0,g_has_K0,g_has_I0,g_has_L0,g_public_intensity,g_floors_C0,g_floors_H0,g_landscape_frac,g_service_depth,g_buffer_depth,g_reserve_area,n_R4,residents,day_users,gfa,footprint,landscape_frac,rank
0.3334,0.0,0.4,0.0006,0.284,0.1922,0.527,1.0,0.2866,2.0,0.0,0.0,0.0,0.0,0.0,1.0,2.0,2.0,0.5139214233083562,9.887597619328208,26.959689493185778,267.4862774992454,2,8,8,991,840.6,0.514,0
0.3195,0.1667,0.3807,0.0008,0.4021,0.4022,0.5159,0.0,0.581,2.0,1.0,1.0,1.0,0.0,0.0,3.0,2.0,2.0,0.39126189159350055,15.6756405329893,27.442064839051636,200.09913317768294,2,8,32,1449,1190.2,0.391,0
0.3332,0.1667,0.1535,0.0111,0.3442,0.3887,0.0,1.0,0.581,2.0,1.0,0.0,0.0,0.0,1.0,1.0,1.0,2.0,0.39126186444430716,16.15063163458236,28.285047343908616,195.0795883646222,2,8,16,1127,1018.9,0.391,0
0.333,0.1667,0.3382,0.0111,0.284,0.1884,0.0,1.0,0.581,2.0,0.0,0.0,0.0,0.0,0.0,1.0,1.0,2.0,0.39126186444430716,16.15063163458236,28.277382378747642,269.53932368742335,2,8,8,841,840.6,0.391,0
0.2429,0.1667,0.2529,0.0125,0.3611,0.5689,0.6479,0.3333,0.6599,2.0,1.0,0.0,1.0,0.0,0.0,1.0,2.0,2.0,0.35836364453550507,16.2072020733555,12.771611028849257,97.7950113968237,2,8,24,1327,1068.8,0.358,0
0.2467,0.1667,0.1344,0.0192,0.3205,0.3412,0.5783,0.6667,0.5817,2.0,1.0,0.0,0.0,0.0,0.0,3.0,1.0,1.0,0.3909558069521717,9.640527689184976,27.661239609661305,205.759615488457,2,8,16,949,948.6,0.391,0
0.3006,0.1667,0.4,0.0004,0.3488,0.379,0.6642,0.6667,0.581,2.0,0.0,1.0,0.0,0.0,1.0,1.0,1.0,1.0,0.3912563739337576,9.876489706998804,10.060111546049926,200.328035517328,2,8,16,1033,1032.4,0.391,0
0.3568,0.0,0.4,0.0904,0.3137,0.2106,0.381,1.0,0.1434,3.0,0.0,0.0,0.0,0.0,0.0,3.0,1.0,2.0,0.531900681377725,9.48131977253379,27.575115983842732,201.2952758614348,3,12,8,929,928.6,0.532,0
0.2388,0.1667,0.3547,0.001,0.4021,0.6054,0.3596,0.0,0.6369,2.0,1.0,1.0,1.0,0.0,0.0,1.0,2.0,2.0,0.367946937514887,15.77488886635388,27.360961066838517,90.34185757384654,2,8,32,1449,1190.2,0.368,0
0.111,0.0,0.383,0.0173,0.3326,0.3624,0.0,0.6667,0.5832,2.0,1.0,0.0,0.0,1.0,0.0,3.0,1.0,2.0,0.39033370365933995,15.486242583297019,27.925344353523826,209.3078044819764,2,8,16,1093,984.6,0.39,0
0.3194,0.0,0.1795,0.0914,0.3205,0.3413,0.0,1.0,0.5161,2.0,1.0,0.0,0.0,0.0,0.0,1.0,1.0,1.0,0.4183109010414971,15.623022041768905,27.580651096225907,205.70946334811404,2,8,16,949,948.6,0.418,0
0.2189,0.1667,0.2217,0.004,0.3442,0.366,0.7819,0.6667,0.5889,2.0,1.0,0.0,0.0,0.0,1.0,3.0,2.0,2.0,0.38796312181223547,15.578361270764683,27.529904796327283,207.38586625632604,2,8,16,1277,1018.9,0.388,0
0.1878,0.0,0.2874,0.009,0.438,0.4989,0.0,0.0,0.581,2.0,1.0,1.0,1.0,1.0,1.0,2.0,2.0,2.0,0.3912618117140211,9.560066000866712,28.38759180540557,166.7703933027793,2,8,32,1555,1296.5,0.391,0
0.4505,0.0,0.166,0.0453,0.3615,0.2816,0.4046,0.6667,0.5409,2.0,1.0,1.0,0.0,0.0,0.0,1.0,1.0,1.0,0.4079750628357379,10.453184637904872,27.93657831405032,252.91380318693095,2,8,24,1071,1070.1,0.408,0
0.1359,0.0,0.3423,0.0105,0.2961,0.4146,0.1531,1.0,0.2612,2.0,0.0,0.0,0.0,1.0,0.0,3.0,1.0,2.0,0.5244987867553158,16.412505558699976,27.458740390661934,166.1222850286966,2,8,8,877,876.6,0.524,0
0.2336,0.1667,0.307,0.0026,0.3442,0.366,0.539,0.6667,0.5889,2.0,1.0,0.0,0.0,0.0,1.0,1.0,2.0,1.0,0.38796312181223547,15.578361270764683,27.979180227712032,207.38586625632604,2,8,16,1169,1018.9,0.388,0
0.2604,0.0,0.3917,0.0192,0.3326,0.44,0.0395,0.6667,0.3606,2.0,1.0,0.0,0.0,1.0,0.0,3.0,2.0,2.0,0.48306545085194147,16.01150903230671,27.529297947821032,167.37460838843725,2,8,16,1243,984.6,0.483,0
0.2411,0.0,0.3422,0.001,0.3737,0.5988,0.3581,0.3333,0.6369,2.0,1.0,1.0,0.0,1.0,0.0,1.0,2.0,2.0,0.367946937514887,10.474402026973085,27.360961066838517,93.92922781209973,2,8,24,1365,1106.1,0.368,0
0.2021,0.0,0.3508,0.0093,0.438,0.4982,0.0,0.0,0.3542,2.0,1.0,1.0,1.0,1.0,1.0,2.0,2.0,2.0,0.48575073630532084,10.110177164182504,26.977919324341784,167.10225501039653,2,8,32,1555,1296.5,0.486,0
0.2513,0.0,0.3833,0.0009,0.3564,0.286,0.4057,0.6667,0.3718,2.0,1.0,0.0,0.0,1.0,1.0,3.0,1.0,1.0,0.4784170742220947,15.788972001738138,26.959548374602484,262.8311494459437,2,8,16,1055,1054.9,0.478,0
0.177,0.0,0.3532,0.0073,0.3609,0.587,0.0701,0.6667,0.6174,2.0,0.0,1.0,0.0,1.0,1.0,1.0,2.0,2.0,0.3760758585882974,16.243136155504178,11.413544197060247,100.31624690257455,2,8,16,1219,1068.4,0.376,0
0.1512,0.0,0.3191,0.018,0.3853,0.394,0.157,0.3333,0.2996,2.0,1.0,1.0,0.0,0.0,1.0,1.0,2.0,2.0,0.5085057891308656,15.58444058369419,28.579037988149622,204.53709927462768,2,8,24,1399,1140.4,0.509,0
0.408,0.0,0.1931,0.0208,0.3615,0.4567,0.6121,0.6667,0.2094,2.0,1.0,1.0,0.0,0.0,0.0,3.0,2.0,1.0,0.5460889017991493,10.002865488522998,27.410065570122068,158.39323372420324,2,8,24,1221,1070.1,0.546,0
0.4384,0.0,0.1907,0.0485,0.3615,0.4547,0.3663,0.6667,0.2025,2.0,1.0,1.0,0.0,0.0,0.0,1.0,2.0,2.0,0.5489443273860307,10.013176674359604,27.574806187819366,159.45687242691957,2,8,24,1329,1070.1,0.549,0
0.1323,0.1667,0.3586,0.0075,0.3077,0.2337,0.033,1.0,0.581,2.0,0.0,0.0,0.0,0.0,1.0,3.0,2.0,2.0,0.39124103443367647,15.48627994573074,26.945954423325812,263.78421096691267,2,8,8,1061,910.9,0.391,0
0.1688,0.0,0.3702,0.0136,0.3737,0.4648,0.0,0.6667,0.581,2.0,1.0,1.0,0.0,1.0,0.0,3.0,2.0,2.0,0.39125839892557013,9.560066000866712,27.92725326699628,166.2647010247535,2,8,24,1365,1106.1,0.391,0
0.3171,0.0,0.4,0.0668,0.3137,0.2128,0.4248,1.0,0.4461,3.0,0.0,0.0,0.0,0.0,0.0,1.0,2.0,2.0,0.4057752439450136,16.766558183656002,28.28468985077066,200.1026295059004,3,12,8,1079,928.6,0.406,0
0.2384,0.0,0.2839,0.0146,0.3442,0.2886,0.3029,1.0,0.3056,2.0,1.0,0.0,0.0,0.0,1.0,3.0,1.0,2.0,0.5060096207631056,9.869941137319167,11.73225881687441,249.18133071541536,2,8,16,1127,1018.9,0.506,0
0.3568,0.0,0.4,0.0904,0.3137,0.2106,0.381,1.0,0.1434,3.0,0.0,0.0,0.0,0.0,0.0,3.0,1.0,2.0,0.531900681377725,9.48131977253379,27.575115983842732,201.2952758614348,3,12,8,929,928.6,0.532,0
0.1582,0.0,0.2977,0.0103,0.3372,0.5528,0.0781,0.6667,0.5923,2.0,0.0,1.0,0.0,1.0,0.0,1.0,1.0,2.0,0.3865488612867473,9.183368897466707,11.976244864792765,106.51146107715965,2,8,16,999,998.1,0.387,0
0.3901,0.0,0.3133,0.0901,0.284,0.3147,0.0,1.0,0.2434,2.0,0.0,0.0,0.0,0.0,0.0,3.0,1.0,1.0,0.531900681377725,9.733150864474615,27.580651096225907,201.2952758614348,2,8,8,841,840.6,0.532,0
0.2093,0.1667,0.1606,0.004,0.3615,0.364,0.7819,0.3333,0.5889,2.0,1.0,1.0,0.0,0.0,0.0,1.0,2.0,2.0,0.38796312181223547,9.429944592301775,27.529904796327283,208.41629303410784,2,8,24,1329,1070.1,0.388,0
0.2778,0.0,0.2321,0.0804,0.3205,0.3517,0.2606,1.0,0.5461,2.0,1.0,0.0,0.0,0.0,0.0,1.0,1.0,1.0,0.4057752439450136,16.766558183656002,27.320967701419086,200.1026295059004,2,8,16,949,948.6,0.406,0
0.2271,0.0,0.3411,0.0171,0.3205,0.3011,0.0916,0.6667,0.3163,2.0,1.0,0.0,0.0,0.0,0.0,1.0,2.0,1.0,0.5015347268619159,15.802212354936382,28.1847916927534,227.42108919443342,2,8,16,1099,948.6,0.502,0
0.1966,0.0,0.2185,0.0283,0.3205,0.3686,0.7022,1.0,0.5257,2.0,1.0,0.0,0.0,0.0,0.0,1.0,2.0,1.0,0.41429340855069696,16.829849245677806,27.53393604704226,190.96767752745285,2,8,16,1099,948.6,0.414,0
0.2412,0.0,0.3437,0.0009,0.3737,0.5988,0.3576,0.6667,0.6367,2.0,1.0,1.0,0.0,1.0,0.0,1.0,2.0,2.0,0.36803046917917215,10.389599260704014,27.356670541873374,93.92922781209973,2,8,24,1365,1106.1,0.368,0
0.2533,0.0,0.3267,0.0062,0.3246,0.3477,0.1242,0.6667,0.5509,2.0,0.0,0.0,1.0,0.0,0.0,1.0,2.0,2.0,0.40380865419729095,18.110909205190943,27.4497789199518,202.26140958301522,2,8,16,1111,960.8,0.404,0
0.1359,0.0,0.3423,0.0105,0.2961,0.4146,0.1531,1.0,0.2612,2.0,0.0,0.0,0.0,1.0,0.0,3.0,1.0,2.0,0.5244987867553158,16.412505558699976,27.458740390661934,166.1222850286966,2,8,8,877,876.6,0.524,0
0.3432,0.0,0.4,0.0503,0.3137,0.1982,0.3062,1.0,0.4788,3.0,0.0,0.0,0.0,0.0,0.0,3.0,1.0,2.0,0.39217929834146786,10.334293475095208,27.666716110529062,207.94923581094972,3,12,8,929,928.6,0.392,0
0.3244,0.0,0.1883,0.0767,0.3205,0.4306,0.0,1.0,0.5086,2.0,1.0,0.0,0.0,0.0,0.0,3.0,1.0,1.0,0.4214324477549051,15.623022041768905,27.579662680738963,157.47909298058525,2,8,16,949,948.6,0.421,0
0.1772,0.0,0.3581,0.0072,0.3199,0.5642,0.0701,1.0,0.6174,2.0,0.0,0.0,0.0,1.0,1.0,1.0,2.0,2.0,0.3760711971766448,16.243136155504178,11.413544197060247,100.31624690257455,2,8,8,1097,946.9,0.376,0
0.1833,0.1667,0.3805,0.0142,0.3853,0.4639,0.0,0.3333,0.581,2.0,1.0,1.0,0.0,0.0,1.0,1.0,2.0,2.0,0.3912618117140211,9.82382151663927,28.38759180540557,166.7703933027793,2,8,24,1399,1140.4,0.391,0
0.3321,0.0,0.2312,0.0857,0.3205,0.3491,0.2246,1.0,0.2415,2.0,1.0,0.0,0.0,0.0,0.0,3.0,1.0,1.0,0.5326915527807519,16.766558183656002,27.526053461592127,201.46516404923946,2,8,16,949,948.6,0.533,0
0.3884,0.0,0.2746,0.0199,0.3853,0.3874,0.1618,1.0,0.2895,2.0,1.0,1.0,0.0,0.0,1.0,1.0,2.0,2.0,0.5127127548723452,16.394971877829704,28.590318081736417,208.0841981546011,2,8,24,1399,1140.4,0.513,0
0.1948,0.0,0.2692,0.0136,0.3615,0.2706,0.5858,0.3333,0.2553,2.0,1.0,1.0,0.0,0.0,0.0,3.0,2.0,2.0,0.5269604705544209,15.641837365454796,27.49836053326433,258.89541100696226,2,8,24,1329,1070.1,0.527,0
0.3234,0.0,0.2674,0.057,0.3615,0.2794,0.0,1.0,0.5234,2.0,1.0,1.0,0.0,0.0,0.0,1.0,1.0,1.0,0.4152595332193411,9.948187798507695,12.463221047352377,254.10934262122856,2,8,24,1071,1070.1,0.415,0
0.3014,0.1667,0.4,0.009,0.284,0.1884,0.3307,1.0,0.5811,2.0,0.0,0.0,0.0,0.0,0.0,1.0,1.0,2.0,0.3912141852843535,15.661599920191904,28.269458900806562,269.53932368742335,2,8,8,841,840.6,0.391,0
0.1557,0.0,0.3013,0.0115,0.397,0.4031,0.0,0.3333,0.5832,2.0,1.0,0.0,1.0,1.0,1.0,2.0,1.0,2.0,0.3903371164477909,15.486242583297019,28.385682891933115,209.81349676000167,2,8,24,1283,1175.0,0.39,0
0.2181,0.1667,0.1414,0.0332,0.3615,0.3645,0.5213,0.3333,0.5841,2.0,1.0,1.0,0.0,0.0,0.0,1.0,2.0,2.0,0.3899442256106433,9.73880981353265,27.654338630644453,208.18726410535385,2,8,24,1329,1070.1,0.39,0
0.3,0.1667,0.1878,0.0541,0.3205,0.4197,0.3857,1.0,0.5668,2.0,1.0,0.0,0.0,0.0,0.0,3.0,1.0,1.0,0.3971642551863745,15.487076535538518,27.501622935089365,163.373202675287,2,8,16,949,948.6,0.397,0
0.4288,0.0,0.2694,0.0232,0.3853,0.4022,0.171,1.0,0.2895,2.0,1.0,1.0,0.0,0.0,1.0,1.0,2.0,2.0,0.5127127548723452,15.617703647175247,27.505405736802945,200.10052770317384,2,8,24,1399,1140.4,0.513,0
0.2223,0.1667,0.3453,0.0022,0.284,0.5174,0.0,1.0,0.5809,2.0,0.0,0.0,0.0,0.0,0.0,1.0,2.0,2.0,0.3912846894175348,15.853208724445066,27.413315484693094,91.85762741500372,2,8,8,991,840.6,0.391,0
0.274,0.1667,0.2597,0.0079,0.325,0.5249,0.0,0.6667,0.5815,2.0,0.0,1.0,0.0,0.0,0.0,1.0,2.0,1.0,0.3910573114110678,9.183368897466707,28.19571428527386,106.52864025708132,2,8,16,1113,962.1,0.391,0
0.1435,0.0,0.3303,0.0194,0.3205,0.3722,0.014,0.6667,0.3139,2.0,1.0,0.0,0.0,0.0,0.0,1.0,2.0,2.0,0.5025300345592808,9.13495961136264,11.976244864792765,189.01691472683754,2,8,16,1207,948.6,0.503,0
0.4327,0.0,0.4,0.0516,0.2961,0.2231,0.2952,1.0,0.581,2.0,0.0,0.0,0.0,1.0,0.0,1.0,1.0,2.0,0.39126186444430716,16.089422917637666,28.283054008713997,269.53932368742335,2,8,8,877,876.6,0.391,0
0.2879,0.0,0.3414,0.036,0.3615,0.2552,0.2805,0.6667,0.2249,2.0,1.0,1.0,0.0,0.0,0.0,3.0,1.0,2.0,0.5396052578451336,9.531416686876385,25.67127272570758,267.19626234699587,2,8,24,1179,1070.1,0.54,0
0.3475,0.0,0.1816,0.0459,0.3205,0.3491,0.283,0.6667,0.2476,2.0,1.0,0.0,0.0,0.0,0.0,3.0,1.0,1.0,0.5301562467255561,16.766558183656002,27.526053461592127,201.46516404923946,2,8,16,949,948.6,0.53,0
0.126,0.0,0.303,0.018,0.3205,0.3518,0.1115,0.6667,0.2996,2.0,1.0,0.0,0.0,0.0,0.0,2.0,2.0,2.0,0.5085057891308656,15.615738889992969,28.579037988149622,200.03781291291614,2,8,16,1207,948.6,0.509,0
0.1565,0.0,0.364,0.0103,0.3372,0.5528,0.0802,0.6667,0.5923,2.0,0.0,1.0,0.0,1.0,0.0,1.0,1.0,2.0,0.3865488612867473,9.183368897466707,12.214848658150666,106.51146107715965,2,8,16,999,998.1,0.387,0
0.4217,0.0,0.1811,0.0476,0.3205,0.3706,0.4161,1.0,0.5418,2.0,1.0,0.0,0.0,0.0,0.0,1.0,2.0,2.0,0.4075827341379729,10.315178945778525,27.50449379761623,189.8932098770534,2,8,16,1207,948.6,0.408,0
0.2292,0.1667,0.1451,0.0218,0.3205,0.3412,0.6434,0.6667,0.5621,2.0,1.0,0.0,0.0,0.0,0.0,1.0,1.0,1.0,0.3991440630415416,16.766558183656002,28.280106982012267,205.7646099275747,2,8,16,949,948.6,0.399,0
0.4423,0.0,0.1734,0.0521,0.3737,0.3044,0.388,1.0,0.541,2.0,1.0,1.0,0.0,1.0,0.0,1.0,2.0,2.0,0.407929821363386,10.444010987977101,27.927235963015335,252.91380318693095,2,8,24,1365,1106.1,0.408,0
0.2554,0.0,0.2034,0.0624,0.3853,0.4794,0.287,1.0,0.5025,2.0,1.0,1.0,0.0,0.0,1.0,3.0,2.0,2.0,0.4239556687153673,15.636343254719069,27.580054474016315,158.3704140513259,2,8,24,1399,1140.4,0.424,0
0.288,0.0,0.4,0.0628,0.284,0.3076,0.2803,1.0,0.2249,2.0,0.0,0.0,0.0,0.0,0.0,3.0,2.0,2.0,0.5396052578451336,9.531416686876385,25.67127272570758,205.13028606405135,2,8,8,991,840.6,0.54,0
0.2165,0.0,0.2997,0.009,0.3974,0.4828,0.0,0.3333,0.581,2.0,1.0,1.0,0.0,1.0,1.0,3.0,2.0,2.0,0.3912618117140211,9.82382151663927,26.836484481714542,166.7703933027793,2,8,24,1435,1176.4,0.391,0
0.2831,0.0,0.4,0.0668,0.284,0.3169,0.2617,1.0,0.5461,2.0,0.0,0.0,0.0,0.0,0.0,1.0,1.0,2.0,0.4057752439450136,16.766558183656002,28.28468985077066,200.1026295059004,2,8,8,841,840.6,0.406,0
0.319,0.1667,0.1866,0.0912,0.3205,0.3538,0.0,1.0,0.593,2.0,1.0,0.0,0.0,0.0,0.0,1.0,1.0,1.0,0.3862561594506769,10.140392223011084,27.580651096225907,198.92855816635637,2,8,16,949,948.6,0.386,0
0.3066,0.1667,0.249,0.0551,0.3615,0.3654,0.1781,0.6667,0.5843,2.0,1.0,1.0,0.0,0.0,0.0,1.0,1.0,2.0,0.3898593343827589,17.464494527772313,27.701906703478855,207.67279961069738,2,8,24,1179,1070.1,0.39,0
0.2192,0.0,0.2377,0.0164,0.3737,0.3853,0.6688,0.3333,0.5805,2.0,1.0,1.0,0.0,1.0,0.0,1.0,1.0,1.0,0.3914386083526952,15.472750552246879,27.947746034969217,209.225990714422,2,8,24,1107,1106.1,0.391,0
0.214,0.0,0.3056,0.0049,0.3372,0.4392,0.1283,0.6667,0.2354,2.0,0.0,1.0,0.0,1.0,0.0,3.0,2.0,1.0,0.5352647245870976,16.82468298897471,27.439186752285128,167.8369298623315,2,8,16,1149,998.1,0.535,0
0.2811,0.1667,0.4,0.0006,0.325,0.5465,0.5384,0.6667,0.5814,2.0,0.0,1.0,0.0,0.0,0.0,1.0,2.0,2.0,0.39109169409471695,9.183368897466707,28.19571428527386,94.87030486002247,2,8,16,1113,962.1,0.391,0
0.1755,0.0,0.3121,0.011,0.3737,0.4651,0.0145,0.3333,0.2612,2.0,1.0,1.0,0.0,1.0,0.0,3.0,1.0,2.0,0.5244987867553158,16.412505558699976,27.458740390661934,166.1222850286966,2,8,24,1215,1106.1,0.524,0
0.3627,0.0,0.2144,0.0253,0.3442,0.2644,0.0,1.0,0.2123,2.0,1.0,0.0,0.0,0.0,1.0,3.0,1.0,1.0,0.5448814342932423,10.002865488522998,27.400258453888245,262.2496884448878,2,8,16,1019,1018.9,0.545,0
0.1927,0.0,0.3866,0.0083,0.2961,0.2993,0.0141,1.0,0.6174,2.0,0.0,0.0,0.0,1.0,0.0,3.0,1.0,2.0,0.3760711971766448,16.748168762378032,11.413544197060247,228.3905809618842,2,8,8,877,876.6,0.376,0
0.3108,0.0,0.2042,0.041,0.3615,0.4559,0.0,0.6667,0.2089,2.0,1.0,1.0,0.0,0.0,0.0,3.0,1.0,1.0,0.5462820908763419,10.002865488522998,27.41264277454095,158.81840079782566,2,8,24,1071,1070.1,0.546,0
0.1964,0.0,0.2257,0.0276,0.3205,0.3581,0.7022,0.6667,0.5257,2.0,1.0,0.0,0.0,0.0,0.0,1.0,2.0,1.0,0.41429340855069696,16.766558183656002,27.53393604704226,196.60663050519258,2,8,16,1099,948.6,0.414,0
0.2356,0.0,0.1565,0.0114,0.3615,0.3644,0.7335,0.3333,0.4993,2.0,1.0,1.0,0.0,0.0,0.0,1.0,1.0,2.0,0.42530108132794453,15.665208040283227,27.693350354864553,208.21603800402693,2,8,24,1179,1070.1,0.425,0
0.3195,0.1667,0.4,0.0008,0.4021,0.4007,0.5159,0.0,0.581,2.0,1.0,1.0,1.0,0.0,0.0,3.0,2.0,2.0,0.39126189159350055,15.6756405329893,27.441423534158066,200.8748659031847,2,8,32,1449,1190.2,0.391,0
0.2763,0.1667,0.3968,0.0008,0.3205,0.5372,0.5555,0.6667,0.6441,2.0,1.0,0.0,0.0,0.0,0.0,1.0,2.0,1.0,0.3649625836572382,15.15030306238457,26.212661234566504,99.92452081721808,2,8,16,1099,948.6,0.365,0
0.1987,0.1667,0.3775,0.0131,0.284,0.5017,0.0,1.0,0.6174,2.0,0.0,0.0,0.0,0.0,0.0,1.0,1.0,1.0,0.3760758585882974,16.23082577238232,11.413544197060247,100.31624690257455,2,8,8,841,840.6,0.376,0
0.2689,0.0,0.4,0.0009,0.3077,0.2355,0.3542,1.0,0.2123,2.0,0.0,0.0,0.0,0.0,1.0,3.0,1.0,1.0,0.5448648903647925,15.788972001738138,26.959548374602484,262.8311494459437,2,8,8,911,910.9,0.545,0
0.2699,0.0,0.3391,0.0064,0.3326,0.44,0.042,0.6667,0.3606,2.0,1.0,0.0,0.0,1.0,0.0,1.0,2.0,1.0,0.48306545085194147,16.01150903230671,27.97857337920578,167.37460838843725,2,8,16,1135,984.6,0.483,0
0.2902,0.0,0.4,0.0596,0.2961,0.3365,0.336,1.0,0.492,2.0,0.0,0.0,0.0,1.0,0.0,3.0,2.0,2.0,0.4283514124697982,15.664835691200018,27.696746300696375,208.27965598633392,2,8,8,1027,876.6,0.428,0
0.2017,0.0,0.4,0.0112,0.3442,0.4389,0.0,0.6667,0.3432,2.0,1.0,0.0,0.0,0.0,1.0,1.0,2.0,1.0,0.490319193224889,15.63722904641789,27.449345913531747,168.01330340790477,2,8,16,1169,1018.9,0.49,0
0.2676,0.0,0.3688,0.0007,0.3853,0.3065,0.5647,0.3333,0.3138,2.0,1.0,1.0,0.0,0.0,1.0,1.0,2.0,2.0,0.50260151416151,9.73880981353265,28.406994317402834,251.7697170813463,2,8,24,1399,1140.4,0.503,0
0.3421,0.0,0.2088,0.0474,0.3442,0.385,0.269,1.0,0.2415,2.0,1.0,0.0,0.0,0.0,1.0,1.0,2.0,1.0,0.5326915527807519,16.764657445175576,27.526053461592127,197.11180612786941,2,8,16,1169,1018.9,0.533,0
0.3367,0.0,0.1994,0.0486,0.3205,0.3409,0.249,1.0,0.2468,2.0,1.0,0.0,0.0,0.0,0.0,3.0,1.0,1.0,0.530487066953782,9.480964797149106,27.404183882453836,205.94099234768686,2,8,16,949,948.6,0.53,0
0.3144,0.0,0.2065,0.0436,0.3205,0.3071,0.2118,1.0,0.4564,2.0,1.0,0.0,0.0,0.0,0.0,1.0,2.0,1.0,0.4431698709664691,16.77655322737578,27.531475135552814,224.15276205466847,2,8,16,1099,948.6,0.443,0
0.2562,0.0,0.2023,0.061,0.3564,0.3874,0.3717,1.0,0.581,2.0,1.0,0.0,0.0,1.0,1.0,1.0,2.0,2.0,0.3912685201891079,16.4411992152736,27.700328687454615,208.05783263931016,2,8,16,1313,1054.9,0.391,0
0.4395,0.0,0.1907,0.0488,0.3615,0.4547,0.3651,0.6667,0.2089,2.0,1.0,1.0,0.0,0.0,0.0,1.0,1.0,1.0,0.5462820908763419,10.013176674359604,28.32885970823951,159.46444893724396,2,8,24,1071,1070.1,0.546,0
0.2092,0.1667,0.4,0.0172,0.284,0.327,0.0379,1.0,0.648,2.0,0.0,0.0,0.0,0.0,0.0,1.0,1.0,1.0,0.3633404904008231,10.347097855656411,15.171479153498435,194.64765358629194,2,8,8,841,840.6,0.363,0
0.2936,0.0,0.2514,0.018,0.4021,0.3984,0.0751,0.0,0.3204,2.0,1.0,1.0,1.0,0.0,0.0,2.0,1.0,1.0,0.49983284643022335,18.314249546176843,15.258804212847835,202.1321851360396,2,8,32,1191,1190.2,0.5,0
0.3356,0.0,0.4,0.0018,0.3205,0.2553,0.6138,0.6667,0.3221,2.0,1.0,0.0,0.0,0.0,0.0,1.0,1.0,1.0,0.49912674665991286,8.28968697178667,20.504613656605997,252.11952134843068,2,8,16,949,948.6,0.499,0
0.254,0.0,0.1233,0.0142,0.3737,0.5023,0.6402,0.3333,0.3021,2.0,1.0,1.0,0.0,1.0,0.0,1.0,1.0,1.0,0.5074686902521588,17.75517037523839,17.624006069607137,146.02739430937524,2,8,24,1107,1106.1,0.507,0
0.3077,0.0,0.2591,0.006,0.3442,0.3918,0.7899,0.6667,0.2705,2.0,1.0,0.0,0.0,0.0,1.0,1.0,2.0,2.0,0.5206072673892906,8.26646847307305,20.38621329657803,193.4274363194155,2,8,16,1277,1018.9,0.521,0
0.3048,0.0,0.4,0.1604,0.3434,0.2416,0.0,1.0,0.119,4.0,0.0,0.0,0.0,0.0,0.0,1.0,1.0,1.0,0.5004316311556255,8.30984732643202,15.431823837048121,139.55598728384805,4,16,8,1017,1016.6,0.5,0
0.1317,0.0,0.3951,0.0803,0.3375,0.2558,0.3329,1.0,0.5965,3.0,0.0,0.0,0.0,0.0,1.0,1.0,1.0,1.0,0.3431049505746643,8.002279187581927,20.616273369248137,199.34959334779944,3,12,8,999,998.9,0.343,0
0.3042,0.0,0.4,0.1493,0.3434,0.0018,0.0,1.0,0.4481,4.0,0.0,0.0,0.0,0.0,0.0,1.0,1.0,1.0,0.3632721319955371,10.872469799508295,20.382260737842454,269.0535878684393,4,16,8,1017,1016.6,0.363,0
0.2358,0.0,0.1761,0.0224,0.4143,0.5336,0.4337,0.0,0.2993,2.0,1.0,1.0,1.0,1.0,0.0,1.0,1.0,1.0,0.508623034161905,8.323240335412777,17.584259798679497,139.34034185418946,2,8,32,1227,1226.2,0.509,0
0.2068,0.1667,0.3782,0.0734,0.3077,0.3733,0.0,1.0,0.7996,2.0,0.0,0.0,0.0,0.0,1.0,1.0,1.0,1.0,0.3001704419136336,8.232249345979373,17.45219705388973,188.42162635866754,2,8,8,911,910.9,0.3,0
0.3336,0.0,0.4,0.0969,0.3434,0.2416,0.0,1.0,0.0005,4.0,0.0,0.0,0.0,0.0,0.0,1.0,1.0,1.0,0.5497843619252939,8.45822355149616,15.42205311308774,139.55598728384805,4,16,8,1017,1016.6,0.55,0
0.4335,0.0,0.4,0.0037,0.325,0.392,0.3046,0.6667,0.2993,2.0,0.0,1.0,0.0,0.0,0.0,2.0,1.0,1.0,0.5086269481741685,11.11053705291544,17.597124412444888,178.29946924633305,2,8,16,963,962.1,0.509,0
0.2765,0.1667,0.2274,0.0194,0.325,0.225,0.1903,0.6667,0.6481,2.0,0.0,1.0,0.0,0.0,0.0,1.0,1.0,1.0,0.3632721319955371,10.872469799508295,20.382260737842454,268.5117582683183,2,8,16,963,962.1,0.363,0
0.2367,0.0,0.3205,0.0527,0.4569,0.2823,0.2841,0.6667,0.0134,4.0,1.0,1.0,0.0,1.0,1.0,1.0,2.0,1.0,0.5444070287628684,17.838604734778134,17.645410540573394,194.68179611274135,4,16,24,1503,1352.4,0.544,0
0.384,0.0,0.4,0.004,0.284,0.2164,0.699,1.0,0.2312,2.0,0.0,0.0,0.0,0.0,0.0,1.0,1.0,1.0,0.5369813842804433,10.009116489054621,17.90147585757252,254.38101737208692,2,8,8,841,840.6,0.537,0
0.2735,0.0,0.2802,0.0215,0.438,0.4562,0.0,0.0,0.7531,2.0,1.0,1.0,1.0,1.0,1.0,2.0,1.0,1.0,0.3195237762402842,18.330234706783408,17.443886185479265,189.79082090859615,2,8,32,1297,1296.5,0.32,0
0.2122,0.0,0.4,0.0229,0.374,0.4031,0.5348,0.6667,0.16,3.0,1.0,0.0,0.0,0.0,1.0,1.0,1.0,2.0,0.5249862635456768,8.232249345979373,20.696095517464293,138.25611985899994,3,12,16,1215,1106.9,0.525,0
0.3335,0.0,0.1786,0.0062,0.3732,0.508,0.6799,0.3333,0.2985,2.0,1.0,0.0,1.0,1.0,0.0,1.0,1.0,1.0,0.508976142611331,8.30986219058312,16.666883780626343,142.9639413853359,2,8,24,1105,1104.8,0.509,0
0.2652,0.0,0.3811,0.1392,0.3921,0.0864,0.0,0.6667,0.4768,4.0,1.0,0.0,0.0,1.0,0.0,1.0,1.0,1.0,0.3513290777152034,17.946520166233412,15.423671884140074,268.336975831033,4,16,16,1161,1160.6,0.351,0
0.2742,0.0,0.1489,0.0171,0.3442,0.4803,0.429,0.6667,0.3312,2.0,1.0,0.0,0.0,0.0,1.0,1.0,2.0,2.0,0.4953411401219044,8.271674282577898,20.446284792308585,145.62274549344107,2,8,16,1277,1018.9,0.495,0
0.2079,0.0,0.3662,0.0493,0.3434,0.0284,0.4421,1.0,0.0838,4.0,0.0,0.0,0.0,0.0,0.0,1.0,2.0,1.0,0.5150804192806432,10.004062509416762,20.504613656605997,254.6533249065042,4,16,8,1167,1016.6,0.515,0
0.2433,0.0,0.3301,0.0243,0.4272,0.4416,0.1577,0.6667,0.1301,3.0,1.0,1.0,0.0,1.0,1.0,1.0,2.0,2.0,0.5374557233064423,10.671424632006039,20.480071737041502,145.76834059403973,3,12,24,1523,1264.4,0.537,0
0.1897,0.0,0.3847,0.092,0.3137,0.2132,0.194,1.0,0.5292,3.0,0.0,0.0,0.0,0.0,0.0,1.0,1.0,1.0,0.3711821749254718,10.671424632006039,20.350680732321177,199.8868648178706,3,12,8,929,928.6,0.371,0
0.255,0.1667,0.2633,0.018,0.3615,0.3474,0.0056,0.3333,0.6815,2.0,1.0,1.0,0.0,0.0,0.0,2.0,1.0,1.0,0.3493797420342028,8.389640965059453,15.216048849835044,217.41698131258923,2,8,24,1071,1070.1,0.349,0
0.4113,0.0,0.3947,0.0031,0.3737,0.2775,0.2979,0.6667,0.2373,2.0,1.0,1.0,0.0,1.0,0.0,2.0,1.0,2.0,0.5344389806135407,11.11053705291544,17.597124412444888,267.4065626139086,2,8,24,1215,1106.1,0.534,0
0.1643,0.0,0.2909,0.0327,0.3326,0.3774,0.3887,0.6667,0.7409,2.0,1.0,0.0,0.0,1.0,0.0,1.0,1.0,1.0,0.324607564614496,10.591019909648233,20.477307614847014,201.22369910835724,2,8,16,985,984.6,0.325,0
0.2824,0.0,0.3574,0.1211,0.284,0.3302,0.0,1.0,0.2678,2.0,0.0,0.0,0.0,0.0,0.0,2.0,1.0,2.0,0.5217701704957438,10.80184933276834,15.243103133101792,192.96779346152113,2,8,8,841,840.6,0.522,0
0.3141,0.0,0.3007,0.1581,0.3799,0.2798,0.0,1.0,0.119,4.0,1.0,0.0,0.0,0.0,0.0,1.0,1.0,1.0,0.5004316311556255,8.30984732643202,15.431823837048121,143.46727057604292,4,16,16,1125,1124.6,0.5,0
0.2367,0.0,0.3205,0.0527,0.4569,0.2823,0.2841,0.6667,0.0134,4.0,1.0,1.0,0.0,1.0,1.0,1.0,2.0,1.0,0.5444070287628684,17.838604734778134,17.645410540573394,194.68179611274135,4,16,24,1503,1352.4,0.544,0
0.424,0.0,0.2424,0.004,0.284,0.3302,0.5803,1.0,0.2678,2.0,0.0,0.0,0.0,0.0,0.0,2.0,1.0,2.0,0.5217701704957438,10.80184933276834,15.243103133101792,192.96779346152113,2,8,8,841,840.6,0.522,0
0.3387,0.0,0.179,0.0066,0.3367,0.4853,0.7015,0.6667,0.2515,2.0,0.0,0.0,1.0,1.0,0.0,1.0,1.0,1.0,0.5285586629253896,9.72085035576184,16.666883780626343,142.9639413853359,2,8,16,997,996.8,0.529,0
0.3278,0.0,0.176,0.0065,0.2961,0.464,0.7815,1.0,0.6101,2.0,0.0,0.0,0.0,1.0,0.0,1.0,1.0,1.0,0.37914251353046885,8.21677558781238,12.86146955967386,139.43673355306152,2,8,8,877,876.6,0.379,0
0.3578,0.0,0.2056,0.0056,0.3496,0.2514,0.6521,1.0,0.4935,3.0,0.0,0.0,0.0,1.0,1.0,2.0,1.0,1.0,0.3860425663733928,18.026366704218624,15.270947668603615,220.12862408119045,3,12,8,1035,1034.9,0.386,0
0.201,0.0,0.341,0.085,0.421,0.2314,0.3071,0.3333,0.5996,4.0,1.0,1.0,0.0,0.0,0.0,1.0,1.0,1.0,0.3001704419136336,8.372168155177329,17.45219705388973,190.03595181779338,4,16,24,1247,1246.1,0.3,0
0.3456,0.0,0.304,0.0202,0.3502,0.1358,0.0265,0.6667,0.6612,3.0,1.0,0.0,0.0,0.0,0.0,1.0,1.0,2.0,0.31616782777544783,18.615972953455767,15.362062610006198,264.15157219227694,3,12,16,1145,1036.6,0.316,0
0.255,0.0,0.1245,0.0143,0.3326,0.4798,0.6175,0.6667,0.215,2.0,1.0,0.0,0.0,1.0,0.0,1.0,1.0,1.0,0.5437602700042157,17.75517037523839,17.622811027962154,145.920864977909,2,8,16,985,984.6,0.544,0
0.3996,0.0,0.3197,0.0689,0.4037,0.0942,0.0,0.6667,0.5976,4.0,1.0,0.0,0.0,0.0,1.0,2.0,1.0,2.0,0.30100091025647846,8.418994945551628,15.16513041577674,264.15157219227694,4,16,16,1303,1194.9,0.301,0
0.2857,0.0,0.3357,0.0184,0.2961,0.4518,0.0,1.0,0.3763,2.0,0.0,0.0,0.0,1.0,0.0,1.0,1.0,1.0,0.47653379470058066,10.432221591788458,17.624006069607137,146.02739430937524,2,8,8,877,876.6,0.477,0
0.1431,0.0,0.329,0.1085,0.2961,0.4524,0.1311,1.0,0.2301,2.0,0.0,0.0,0.0,1.0,0.0,1.0,1.0,1.0,0.5374557233064423,10.673617046049124,20.46857796656252,145.72048040021917,2,8,8,877,876.6,0.537,0
0.2953,0.0,0.4,0.1176,0.3845,0.0521,0.0,0.6667,0.4383,4.0,0.0,1.0,0.0,0.0,0.0,1.0,1.0,1.0,0.3673756733386091,17.946520166233412,17.627810623926813,266.3849028855897,4,16,16,1139,1138.1,0.367,0
0.2961,0.0,0.181,0.0054,0.3326,0.4748,0.4971,0.6667,0.7172,2.0,1.0,0.0,0.0,1.0,0.0,1.0,1.0,1.0,0.33447955763917164,8.416294378017113,15.339716944902076,148.61615180980164,2,8,16,985,984.6,0.334,0
0.263,0.0,0.3479,0.0694,0.3967,0.3068,0.1862,1.0,0.0339,4.0,0.0,1.0,0.0,1.0,0.0,1.0,1.0,1.0,0.5358789407877613,17.82709828733958,20.19206178460501,149.35472289518103,4,16,16,1175,1174.1,0.536,0
0.2435,0.0,0.344,0.091,0.4331,0.3388,0.2453,0.6667,0.034,4.0,1.0,1.0,0.0,1.0,0.0,2.0,2.0,1.0,0.5358161655243252,17.82709828733958,20.19206178460501,149.35472289518103,4,16,24,1433,1282.1,0.536,0
0.303,0.1667,0.154,0.0101,0.3205,0.3847,0.6819,0.6667,0.62,2.0,1.0,0.0,0.0,0.0,0.0,1.0,1.0,1.0,0.3750095628879646,18.645655749677015,15.362426986470254,182.2735641407197,2,8,16,949,948.6,0.375,0
0.1852,0.0,0.2989,0.0419,0.3548,0.3605,0.3134,0.6667,0.5978,3.0,0.0,1.0,0.0,0.0,0.0,2.0,1.0,2.0,0.3425665939100067,8.002279187581927,20.616273369248137,142.80300297479008,3,12,16,1051,1050.1,0.343,0
0.2386,0.0,0.2878,0.0197,0.3556,0.1426,0.3415,1.0,0.3963,4.0,0.0,0.0,0.0,1.0,0.0,1.0,1.0,1.0,0.3848799876504304,8.126146570819484,15.317998545149544,217.56683603788045,4,16,8,1053,1052.6,0.385,0
0.1516,0.0,0.3873,0.1125,0.3137,0.1085,0.2514,1.0,0.5428,3.0,0.0,0.0,0.0,0.0,0.0,1.0,1.0,1.0,0.3654913040942005,10.509587931726237,20.354814824477604,256.3840644005951,3,12,8,929,928.6,0.365,0
0.2413,0.0,0.2711,0.0759,0.3434,0.0326,0.3534,1.0,0.4785,4.0,0.0,0.0,0.0,0.0,0.0,2.0,1.0,1.0,0.3506322886169456,9.717666441142962,17.525499623092486,252.41912452854575,4,16,8,1017,1016.6,0.351,0
0.153,0.0,0.3602,0.1125,0.3259,0.155,0.2513,1.0,0.1608,3.0,0.0,0.0,0.0,1.0,0.0,1.0,1.0,1.0,0.524671691694661,10.509587931726237,20.481441707003444,253.78154175567778,3,12,8,965,964.6,0.525,0
0.334,0.0,0.1673,0.0059,0.2961,0.3596,0.7465,1.0,0.6101,2.0,0.0,0.0,0.0,1.0,0.0,1.0,1.0,1.0,0.37914251353046885,8.21677558781238,12.86146955967386,195.8107048062512,2,8,8,877,876.6,0.379,0
0.3024,0.0,0.3824,0.0037,0.3205,0.2613,0.7355,0.6667,0.3299,2.0,1.0,0.0,0.0,0.0,0.0,1.0,1.0,1.0,0.4958716183514806,8.28968697178667,15.52433987886366,248.9062266187517,2,8,16,949,948.6,0.496,0
0.2932,0.1667,0.2032,0.0158,0.284,0.4289,0.6212,1.0,0.6495,2.0,0.0,0.0,0.0,0.0,0.0,1.0,1.0,1.0,0.362723770435075,10.111406645641608,15.271033997262302,139.62151879076026,2,8,8,841,840.6,0.363,0
0.3204,0.0,0.2543,0.0054,0.3609,0.4903,0.6027,0.6667,0.2686,2.0,0.0,1.0,0.0,1.0,1.0,1.0,1.0,1.0,0.521407883509897,10.80493935724947,16.65153172918885,152.49679540255468,2,8,16,1069,1068.4,0.521,0
0.3335,0.0,0.1786,0.0062,0.3732,0.508,0.6799,0.3333,0.2985,2.0,1.0,0.0,1.0,1.0,0.0,1.0,1.0,1.0,0.508976142611331,8.30986219058312,16.666883780626343,142.9639413853359,2,8,24,1105,1104.8,0.509,0
0.3646,0.0,0.2857,0.018,0.3496,0.1648,0.2075,1.0,0.5319,3.0,0.0,0.0,0.0,1.0,1.0,1.0,1.0,1.0,0.370044192187013,17.74604473573716,15.226544114051203,266.9198448989197,3,12,8,1035,1034.9,0.37,0
0.2181,0.0,0.3435,0.0635,0.3137,0.3276,0.1212,1.0,0.5957,3.0,0.0,0.0,0.0,0.0,0.0,1.0,1.0,1.0,0.3434428910628803,17.630196129419463,14.965149194297144,138.094784219908,3,12,8,929,928.6,0.343,0
0.2665,0.0,0.3066,0.0775,0.3845,0.0667,0.2257,0.6667,0.113,4.0,0.0,1.0,0.0,0.0,0.0,1.0,1.0,2.0,0.5029163548956115,17.8570640652473,20.28116253189461,258.54773913399197,4,16,16,1139,1138.1,0.503,0
0.2429,0.0,0.2909,0.0337,0.3912,0.3018,0.5565,0.6667,0.1452,3.0,1.0,1.0,0.0,0.0,0.0,1.0,1.0,1.0,0.5311803633545235,10.794955991808688,15.243103133101792,192.9506006110948,3,12,24,1159,1158.1,0.531,0
0.3341,0.0,0.1688,0.0064,0.2961,0.4561,0.7408,1.0,0.2515,2.0,0.0,0.0,0.0,1.0,0.0,1.0,1.0,1.0,0.5285586629253896,9.72085035576184,17.976828996004524,143.709265771263,2,8,8,877,876.6,0.529,0
0.1825,0.0,0.2065,0.0242,0.3974,0.5226,0.123,0.3333,0.2536,2.0,1.0,1.0,0.0,1.0,1.0,1.0,1.0,2.0,0.5276481944611366,10.671424632006039,20.477307614847014,145.31785974653343,2,8,24,1285,1176.4,0.528,0
0.2878,0.0,0.3656,0.0384,0.3556,0.1696,0.3641,1.0,0.0496,4.0,0.0,0.0,0.0,1.0,0.0,1.0,1.0,1.0,0.529316425570843,17.616594969442758,20.5572121849401,202.96771448697814,4,16,8,1053,1052.6,0.529,0
0.2476,0.0,0.2346,0.0212,0.3564,0.2921,0.5775,0.6667,0.2122,2.0,1.0,0.0,0.0,1.0,1.0,1.0,2.0,1.0,0.5448965001463948,17.67066182275994,17.718577841379194,259.53008386814275,2,8,16,1205,1054.9,0.545,0
0.2623,0.0,0.3607,0.0407,0.3137,0.1279,0.0836,1.0,0.5683,3.0,0.0,0.0,0.0,0.0,0.0,1.0,2.0,1.0,0.35487589735430003,8.315470862517596,15.189514940438853,245.92171623066113,3,12,8,1079,928.6,0.355,0
0.2136,0.0,0.3275,0.1026,0.3434,0.0067,0.4154,1.0,0.4793,4.0,0.0,0.0,0.0,0.0,0.0,1.0,1.0,2.0,0.35028637952288605,17.939518938508396,14.885877595376519,266.3849028855897,4,16,8,1017,1016.6,0.35,0
0.2871,0.0,0.2877,0.0982,0.3921,0.2458,0.0,1.0,0.42,4.0,1.0,0.0,0.0,1.0,0.0,1.0,1.0,1.0,0.3750095628879646,18.593788675308023,15.362426986470254,182.2735641407197,4,16,16,1161,1160.6,0.375,0
0.2152,0.0,0.3553,0.0959,0.4034,0.4194,0.2665,0.6667,0.1452,3.0,1.0,1.0,0.0,1.0,0.0,1.0,1.0,1.0,0.5311803633545235,10.819329591000528,15.243103133101792,144.77804255283306,3,12,24,1195,1194.1,0.531,0
0.2044,0.0,0.3552,0.0816,0.3845,0.1935,0.2861,1.0,0.4713,4.0,0.0,1.0,0.0,0.0,0.0,1.0,2.0,1.0,0.3536449083325951,8.37235091041703,17.590366682408792,190.03595181779338,4,16,16,1289,1138.1,0.354,0
0.2042,0.0,0.2224,0.0257,0.3861,0.3294,0.1787,0.6667,0.1915,3.0,1.0,0.0,0.0,1.0,1.0,1.0,2.0,2.0,0.5118908624587442,10.909099076833767,15.346537487652109,193.39454946120412,3,12,16,1401,1142.9,0.512,0
0.3938,0.0,0.2791,0.073,0.3799,0.1881,0.0932,1.0,0.0686,4.0,1.0,0.0,0.0,0.0,0.0,2.0,1.0,2.0,0.521407883509897,10.822278011365876,15.271951296410009,192.96779346152113,4,16,16,1233,1124.6,0.521,0
0.2868,0.0,0.2542,0.0201,0.3672,0.287,0.3869,1.0,0.0395,4.0,0.0,0.0,0.0,0.0,1.0,1.0,1.0,1.0,0.5335228829302652,17.84045221163717,20.625883617483208,139.57560490345816,4,16,8,1087,1086.9,0.534,0
0.2357,0.0,0.1736,0.0229,0.284,0.4256,0.4793,1.0,0.3143,2.0,0.0,0.0,0.0,0.0,0.0,1.0,1.0,2.0,0.5023861082399156,9.714240995743191,17.769891027611198,141.3992195624644,2,8,8,841,840.6,0.502,0
0.2239,0.0,0.369,0.0877,0.3502,0.1329,0.3343,0.6667,0.5772,3.0,1.0,0.0,0.0,0.0,0.0,1.0,1.0,1.0,0.35118389894996993,8.462107112449843,20.616273369248137,265.7414879205901,3,12,16,1037,1036.6,0.351,0
0.3795,0.1667,0.2343,0.0097,0.284,0.4218,0.6062,1.0,0.6428,2.0,0.0,0.0,0.0,0.0,0.0,1.0,1.0,1.0,0.3654913040942005,10.909011202904537,20.354814824477604,143.46126903892198,2,8,8,841,840.6,0.365,0
0.2355,0.0,0.1891,0.0169,0.3372,0.4081,0.4337,0.6667,0.3046,2.0,0.0,1.0,0.0,1.0,0.0,1.0,1.0,1.0,0.5064049838398997,10.625733949426447,15.3856959197149,184.61590804179193,2,8,16,999,998.1,0.506,0
0.3481,0.0,0.2377,0.0118,0.3502,0.2489,0.5078,0.6667,0.1138,3.0,1.0,0.0,0.0,0.0,0.0,2.0,1.0,2.0,0.5442543885519384,9.647868158846213,17.748439684149698,203.08107033790245,3,12,16,1145,1036.6,0.544,0
0.1559,0.0,0.3061,0.0398,0.3669,0.3948,0.2823,0.6667,0.1662,3.0,0.0,1.0,0.0,1.0,0.0,1.0,1.0,2.0,0.522418085937618,10.671424632006039,20.477307614847014,142.69335279800376,3,12,16,1087,1086.1,0.522,0
0.363,0.0,0.2809,0.0617,0.3799,0.1881,0.0794,1.0,0.0678,4.0,1.0,0.0,0.0,0.0,0.0,2.0,1.0,2.0,0.5217701704957438,10.822657190026888,15.27216830302208,192.96779346152113,4,16,16,1233,1124.6,0.522,0
0.1395,0.0,0.3404,0.0553,0.3502,0.1579,0.3577,0.6667,0.6314,3.0,1.0,0.0,0.0,0.0,0.0,1.0,1.0,1.0,0.3285969259782605,8.002279187581927,20.616273369248137,252.2381833908269,3,12,16,1037,1036.6,0.329,0
0.2354,0.0,0.3131,0.0354,0.4082,0.1012,0.2677,1.0,0.0254,4.0,0.0,1.0,0.0,0.0,1.0,2.0,2.0,2.0,0.5394044130813244,8.737504226569149,17.719955942287278,260.376305524932,4,16,16,1359,1208.4,0.539,0
0.2667,0.0,0.2176,0.0621,0.3502,0.268,0.1476,0.6667,0.1842,3.0,1.0,0.0,0.0,0.0,0.0,1.0,1.0,2.0,0.514906816016669,10.909099076833767,15.438515866333464,192.75958829521846,3,12,16,1145,1036.6,0.515,0
0.2354,0.0,0.3131,0.0354,0.4082,0.1012,0.2677,1.0,0.0254,4.0,0.0,1.0,0.0,0.0,1.0,2.0,2.0,2.0,0.5394044130813244,8.483348339458008,17.719955942287278,260.376305524932,4,16,16,1359,1208.4,0.539,0
0.2565,0.0,0.3262,0.0216,0.3737,0.4228,0.0,0.3333,0.7531,2.0,1.0,1.0,0.0,1.0,0.0,2.0,1.0,1.0,0.3195237762402842,18.30648378841306,17.63482658589196,188.9480888620949,2,8,24,1107,1106.1,0.32,0
0.3009,0.0,0.34,0.0877,0.3434,0.0448,0.1728,1.0,0.5996,4.0,0.0,0.0,0.0,0.0,0.0,1.0,2.0,1.0,0.3001704419136336,8.232249345979373,17.48310414882944,245.80323709938102,4,16,8,1167,1016.6,0.3,0
0.3418,0.0,0.3348,0.0279,0.3785,0.299,0.0372,0.6667,0.1502,3.0,0.0,1.0,0.0,0.0,1.0,1.0,1.0,1.0,0.5290663102111102,8.511805704075226,17.7058143462473,194.44853361564444,3,12,16,1121,1120.4,0.529,0
0.2809,0.0,0.2318,0.0101,0.3326,0.4125,0.6819,0.6667,0.2373,2.0,1.0,0.0,0.0,1.0,0.0,1.0,1.0,1.0,0.534455909680994,17.84839235940646,17.657041615933117,182.2735641407197,2,8,16,985,984.6,0.534,0
0.2848,0.0,0.3179,0.0196,0.3912,0.3938,0.0649,0.3333,0.1301,3.0,1.0,1.0,0.0,0.0,0.0,2.0,1.0,1.0,0.5374557233064423,10.671424632006039,20.480071737041502,143.2530686215124,3,12,24,1159,1158.1,0.537,0
0.3042,0.0,0.4,0.1493,0.3434,0.0018,0.0,1.0,0.4481,4.0,0.0,0.0,0.0,0.0,0.0,1.0,1.0,1.0,0.3632721319955371,10.872469799508295,20.382260737842454,269.0535878684393,4,16,8,1017,1016.6,0.363,0
0.1516,0.0,0.3873,0.1125,0.3137,0.1085,0.2514,1.0,0.5428,3.0,0.0,0.0,0.0,0.0,0.0,1.0,1.0,1.0,0.3654913040942005,10.509587931726237,20.354814824477604,256.3840644005951,3,12,8,929,928.6,0.365,0
0.2398,0.0,0.2986,0.0463,0.4331,0.3591,0.2729,0.3333,0.499,4.0,1.0,1.0,0.0,1.0,0.0,2.0,2.0,1.0,0.34207259576267324,17.810293274667163,17.58359758195316,138.3702632775483,4,16,24,1433,1282.1,0.342,0
0.2561,0.0,0.213,0.0574,0.3502,0.2656,0.2005,0.6667,0.1909,3.0,1.0,0.0,0.0,0.0,0.0,1.0,1.0,2.0,0.5121079870086088,10.909099076833767,15.43586458425124,194.0662173834963,3,12,16,1145,1036.6,0.512,0
0.3894,0.0,0.4,0.0041,0.284,0.2159,0.741,1.0,0.2838,2.0,0.0,0.0,0.0,0.0,0.0,1.0,1.0,1.0,0.5150804192806432,10.004062509416762,20.504613656605997,254.6533249065042,2,8,8,841,840.6,0.515,0
0.2189,0.0,0.2843,0.0767,0.3434,0.0934,0.3978,1.0,0.0011,4.0,0.0,0.0,0.0,0.0,0.0,2.0,1.0,1.0,0.5495624037889563,9.716991964549878,17.772530050620563,219.57252758429163,4,16,8,1017,1016.6,0.55,0
0.1793,0.0,0.3414,0.0787,0.3799,0.1409,0.2718,1.0,0.4714,4.0,1.0,0.0,0.0,0.0,0.0,1.0,1.0,1.0,0.35356759053332676,8.418380438154049,17.597599813055705,218.45195795952108,4,16,16,1125,1124.6,0.354,0
0.2292,0.1667,0.4,0.0221,0.284,0.3795,0.1611,1.0,0.5601,2.0,0.0,0.0,0.0,0.0,0.0,0.0,1.0,1.0,0.39995684306138657,19.14020307182704,17.015880763685228,166.31874636702918,2,8,8,841,840.6,0.4,0
0.1182,0.0,0.4,0.0157,0.3077,0.4954,0.4636,1.0,0.3121,2.0,0.0,0.0,0.0,0.0,1.0,0.0,2.0,1.0,0.5032949042478585,8.204291880085645,23.524345774066447,122.48276851840015,2,8,8,1061,910.9,0.503,0
0.2758,0.1667,0.4,0.0009,0.3205,0.386,0.0,0.6667,0.7429,2.0,1.0,0.0,0.0,0.0,0.0,2.0,1.0,2.0,0.32380341190391193,18.863746594584867,24.179376157330232,181.54202653679314,2,8,16,1057,948.6,0.324,0
0.1985,0.0,0.1496,0.0183,0.3502,0.2882,0.455,1.0,0.4087,3.0,1.0,0.0,0.0,0.0,0.0,0.0,2.0,2.0,0.42137650452645137,18.702937009432723,25.96992682956817,181.85131934483624,3,12,16,1295,1036.6,0.421,0
0.3172,0.0,0.3142,0.039,0.3921,0.1137,0.0073,1.0,0.0402,4.0,1.0,0.0,0.0,1.0,0.0,0.0,2.0,2.0,0.5332338201308985,8.911915523422287,17.409840982754982,253.57996900171165,4,16,16,1419,1160.6,0.533,0
0.291,0.0,0.4,0.0626,0.3434,0.0345,0.0139,1.0,0.5923,4.0,0.0,0.0,0.0,0.0,0.0,0.0,2.0,1.0,0.30321056262954055,8.020783038345128,24.398335370618746,251.36976751343127,4,16,8,1167,1016.6,0.303,0
0.2933,0.0,0.3507,0.0898,0.4616,0.3003,0.2401,0.3333,0.1713,4.0,1.0,1.0,1.0,0.0,0.0,0.0,1.0,1.0,0.47861045635765725,8.140685958987149,16.915139489421627,170.1713695523197,4,16,32,1367,1366.2,0.479,0
0.1803,0.1667,0.2638,0.0097,0.3205,0.489,0.3833,1.0,0.7997,2.0,1.0,0.0,0.0,0.0,0.0,0.0,1.0,1.0,0.30013248474445936,19.275193409516604,20.012239310582494,125.95723653405014,2,8,16,949,948.6,0.3,0
0.2933,0.0,0.3507,0.0898,0.4616,0.3003,0.2401,0.3333,0.1713,4.0,1.0,1.0,1.0,0.0,0.0,2.0,1.0,1.0,0.47861045635765725,8.140685958987149,16.915139489421627,170.1713695523197,4,16,32,1367,1366.2,0.479,0
0.3839,0.0,0.3756,0.0176,0.3615,0.5266,0.0,0.6667,0.5399,2.0,1.0,1.0,0.0,0.0,0.0,2.0,2.0,1.0,0.408356179065771,8.923393433623135,17.14808851493532,120.63419561653376,2,8,24,1221,1070.1,0.408,0
0.2028,0.0,0.3131,0.1622,0.3799,0.0793,0.445,1.0,0.5919,4.0,1.0,0.0,0.0,0.0,0.0,0.0,2.0,1.0,0.30336738277027814,18.863309183181997,23.50812132295134,251.7285307679808,4,16,16,1275,1124.6,0.303,0
0.3828,0.0,0.3158,0.0179,0.3737,0.547,0.0,0.6667,0.3848,2.0,1.0,1.0,0.0,1.0,0.0,2.0,2.0,1.0,0.47298011551219926,8.923393433623135,17.14808851493532,121.88077279963518,2,8,24,1257,1106.1,0.473,0
0.21,0.0,0.4,0.0732,0.3137,0.1004,0.5028,1.0,0.213,3.0,0.0,0.0,0.0,0.0,0.0,2.0,1.0,1.0,0.5028967079903888,8.207964666834075,23.524345774066447,260.78522296052813,3,12,8,929,928.6,0.503,0
0.3172,0.0,0.3142,0.039,0.3921,0.1137,0.0073,1.0,0.0402,4.0,1.0,0.0,0.0,1.0,0.0,0.0,2.0,2.0,0.5332338201308985,8.911915523422287,17.409840982754982,253.57996900171165,4,16,16,1419,1160.6,0.533,0
0.1867,0.0,0.3429,0.0148,0.3954,0.4254,0.3438,0.3333,0.2464,3.0,0.0,1.0,1.0,0.0,0.0,2.0,1.0,2.0,0.48899053972727863,8.227409264570213,17.41492072103478,126.17603518293589,3,12,24,1171,1170.2,0.489,0
0.3762,0.0,0.388,0.0286,0.3442,0.466,0.0,0.6667,0.3326,2.0,1.0,0.0,0.0,0.0,1.0,0.0,1.0,1.0,0.49473819271842295,19.69576586043408,17.387031903762065,153.3566497147639,2,8,16,1019,1018.9,0.495,0
0.3398,0.0,0.2879,0.046,0.3799,0.0759,0.0,1.0,0.0972,4.0,1.0,0.0,0.0,0.0,0.0,0.0,1.0,2.0,0.509499729188775,18.76262576959288,17.410580038445723,253.57996900171165,4,16,16,1233,1124.6,0.509,0
0.2011,0.0,0.2134,0.1435,0.374,0.3436,0.3626,0.6667,0.4766,3.0,1.0,0.0,0.0,0.0,1.0,2.0,1.0,1.0,0.3930803236932852,18.863309183181997,23.50812132295134,170.3414136177591,3,12,16,1107,1106.9,0.393,0
0.2028,0.0,0.3131,0.1622,0.3799,0.0793,0.445,1.0,0.5919,4.0,1.0,0.0,0.0,0.0,0.0,0.0,2.0,1.0,0.30336738277027814,18.863309183181997,23.50812132295134,251.7285307679808,4,16,16,1275,1124.6,0.303,0
0.1893,0.0,0.4,0.0801,0.2961,0.2474,0.5425,1.0,0.313,2.0,0.0,0.0,0.0,1.0,0.0,2.0,2.0,2.0,0.5028967651500136,8.207964666834075,24.008769413322305,256.41078114161024,2,8,8,1027,876.6,0.503,0
0.2352,0.0,0.3777,0.0048,0.3372,0.4783,0.1592,0.6667,0.3924,2.0,0.0,1.0,0.0,1.0,0.0,2.0,2.0,1.0,0.46983101753812634,8.227409264570213,17.414891529655737,146.72683930939692,2,8,16,1149,998.1,0.47,0
0.2844,0.0,0.2803,0.0657,0.415,0.3488,0.0061,0.3333,0.2908,3.0,1.0,1.0,0.0,0.0,1.0,0.0,1.0,1.0,0.4704921351312873,18.592540017452436,15.647706769586094,182.88905835091427,3,12,24,1229,1228.4,0.47,0
0.2248,0.0,0.1838,0.1297,0.374,0.2776,0.5927,1.0,0.2125,3.0,1.0,0.0,0.0,0.0,1.0,0.0,2.0,1.0,0.503141678528856,16.85347669713296,23.812542043059544,206.01230129565397,3,12,16,1257,1106.9,0.503,0
0.3111,0.0,0.2494,0.1385,0.284,0.3721,0.2863,1.0,0.3895,2.0,0.0,0.0,0.0,0.0,0.0,0.0,1.0,1.0,0.4710468391315455,18.884297959136635,24.46884779109948,170.3410386615099,2,8,8,841,840.6,0.471,0
0.1674,0.0,0.3744,0.0027,0.3564,0.5433,0.3991,1.0,0.7983,2.0,1.0,0.0,0.0,1.0,1.0,0.0,2.0,1.0,0.3007001558201708,8.757319677427422,15.677966578645401,123.90543702161129,2,8,16,1205,1054.9,0.301,0
0.2018,0.0,0.2873,0.0058,0.3669,0.1946,0.1098,0.6667,0.2469,3.0,0.0,1.0,0.0,1.0,0.0,2.0,2.0,2.0,0.48879264493849706,8.227409264570213,17.41492072103478,250.81155341853284,3,12,16,1237,1086.1,0.489,0
0.2734,0.0,0.2153,0.0466,0.3912,0.2938,0.2234,1.0,0.6141,3.0,1.0,1.0,0.0,0.0,0.0,0.0,1.0,2.0,0.33578540530422246,18.889089552449384,17.160622832726933,197.2486005655963,3,12,24,1267,1158.1,0.336,0
0.192,0.1667,0.4,0.0527,0.284,0.223,0.2752,1.0,0.7359,2.0,0.0,0.0,0.0,0.0,0.0,2.0,2.0,2.0,0.3267141217600637,8.168542735695492,23.50522714706157,250.81155341853284,2,8,8,991,840.6,0.327,0
0.2606,0.0,0.4,0.0637,0.2961,0.2506,0.058,1.0,0.6273,2.0,0.0,0.0,0.0,1.0,0.0,0.0,2.0,1.0,0.3719738720117107,19.2347298126213,17.58197019091838,254.65316973994715,2,8,8,1027,876.6,0.372,0
0.291,0.0,0.4,0.0626,0.3434,0.0345,0.0139,1.0,0.5923,4.0,0.0,0.0,0.0,0.0,0.0,0.0,2.0,1.0,0.30321056262954055,8.020783038345128,24.398335370618746,251.36976751343127,4,16,8,1167,1016.6,0.303,0
0.2954,0.0,0.4,0.1023,0.3845,0.2261,0.0301,0.6667,0.1324,4.0,0.0,1.0,0.0,0.0,0.0,0.0,1.0,1.0,0.49482057782734834,8.77582289152908,22.80126351353522,172.4724137485985,4,16,16,1139,1138.1,0.495,0
0.195,0.0,0.2386,0.0201,0.3205,0.4071,0.6682,1.0,0.3777,2.0,1.0,0.0,0.0,0.0,0.0,0.0,2.0,1.0,0.4759574529339981,19.260040870231087,25.233972757094268,170.1640391031204,2,8,16,1099,948.6,0.476,0
0.2407,0.0,0.4,0.086,0.3137,0.1117,0.4763,1.0,0.2133,3.0,0.0,0.0,0.0,0.0,0.0,2.0,2.0,1.0,0.502779503990612,8.207964666834075,23.4053819188161,254.6591262307017,3,12,8,1079,928.6,0.503,0
0.2775,0.0,0.1625,0.069,0.3502,0.3099,0.3129,1.0,0.3413,3.0,1.0,0.0,0.0,0.0,0.0,0.0,2.0,2.0,0.44944615050027265,19.260040870231087,25.59106078126377,170.1640391031204,3,12,16,1295,1036.6,0.449,0
0.2198,0.0,0.3693,0.0769,0.284,0.3682,0.1551,1.0,0.3148,2.0,0.0,0.0,0.0,0.0,0.0,0.0,1.0,2.0,0.502161287161399,8.142028047865473,17.861396714971,172.3975184605472,2,8,8,841,840.6,0.502,0
0.2839,0.0,0.1785,0.0307,0.4034,0.3529,0.1466,1.0,0.4052,3.0,1.0,1.0,0.0,1.0,0.0,0.0,2.0,1.0,0.4228324299230733,18.78199833975566,25.79188501085285,180.67347289009558,3,12,24,1345,1194.1,0.423,0
0.184,0.0,0.196,0.0548,0.3205,0.402,0.6272,1.0,0.5202,2.0,1.0,0.0,0.0,0.0,0.0,0.0,1.0,1.0,0.41659874470564523,9.701365639976771,24.473723125506755,172.94329907394498,2,8,16,949,948.6,0.417,0
0.124,0.1667,0.2937,0.0161,0.3442,0.4122,0.4436,0.6667,0.7609,2.0,1.0,0.0,0.0,0.0,1.0,0.0,1.0,1.0,0.316304996852631,9.16791299953381,26.14907339108247,182.43753609018012,2,8,16,1019,1018.9,0.316,0
0.1466,0.0,0.218,0.0105,0.3442,0.5266,0.4154,1.0,0.5482,2.0,1.0,0.0,0.0,0.0,1.0,2.0,2.0,1.0,0.4049087755389026,8.744071600611022,15.626475192625136,120.63578824859569,2,8,16,1169,1018.9,0.405,0
0.2149,0.0,0.3469,0.0058,0.3548,0.1605,0.0638,1.0,0.6363,3.0,0.0,1.0,0.0,0.0,0.0,0.0,2.0,2.0,0.32656063445971034,8.165561284215727,17.41492072103478,250.81155341853284,3,12,16,1201,1050.1,0.327,0
0.1802,0.0,0.3536,0.0031,0.3326,0.5167,0.3833,1.0,0.7985,2.0,1.0,0.0,0.0,1.0,0.0,0.0,2.0,1.0,0.30063763738478516,19.275193409516604,20.012239310582494,125.95723653405014,2,8,16,1135,984.6,0.301,0
0.2168,0.0,0.2642,0.0304,0.3624,0.1893,0.3762,1.0,0.4553,3.0,1.0,0.0,0.0,1.0,0.0,1.0,2.0,2.0,0.40196405422892484,19.278633286514076,17.58197019091838,253.66769930725673,3,12,16,1331,1072.6,0.402,0
0.2888,0.0,0.199,0.0452,0.3624,0.2923,0.1347,1.0,0.2352,3.0,1.0,0.0,0.0,1.0,0.0,0.0,2.0,2.0,0.49367585966874494,19.23481375912923,17.380276992231238,198.08719144528186,3,12,16,1331,1072.6,0.494,0
0.2105,0.0,0.2287,0.0036,0.3974,0.3272,0.0913,0.6667,0.3344,2.0,1.0,1.0,0.0,1.0,1.0,0.0,2.0,1.0,0.49398866771877,18.591485988080343,17.41116281453113,250.81155341853284,2,8,24,1327,1176.4,0.494,0
0.1311,0.1667,0.3183,0.0152,0.3442,0.4122,0.4424,0.6667,0.7549,2.0,1.0,0.0,0.0,0.0,1.0,0.0,2.0,1.0,0.3187769100764483,9.16791299953381,26.216489074347663,182.43753609018012,2,8,16,1169,1018.9,0.319,0
0.2207,0.0,0.2584,0.0074,0.3502,0.311,0.1012,0.6667,0.6757,3.0,1.0,0.0,0.0,0.0,0.0,0.0,2.0,1.0,0.31012431260955536,8.138424944139889,17.410571208308248,169.58690044471305,3,12,16,1187,1036.6,0.31,0
0.2402,0.0,0.1781,0.1221,0.3326,0.2716,0.5601,1.0,0.3125,2.0,1.0,0.0,0.0,1.0,0.0,2.0,1.0,2.0,0.503141678528856,18.892142136335377,23.530950938176282,258.3288699290291,2,8,16,1093,984.6,0.503,0
0.2679,0.0,0.3324,0.033,0.3799,0.2305,0.2541,1.0,0.1385,4.0,1.0,0.0,0.0,0.0,0.0,2.0,2.0,1.0,0.492291995640116,18.533907202735843,17.422199839393784,170.06388432338127,4,16,16,1275,1124.6,0.492,0
0.2511,0.1667,0.4,0.0039,0.284,0.222,0.0856,1.0,0.7923,2.0,0.0,0.0,0.0,0.0,0.0,0.0,2.0,1.0,0.30321056262954055,8.020783038345128,24.398335370618746,251.36976751343127,2,8,8,991,840.6,0.303,0
0.2905,0.0,0.2432,0.0614,0.3502,0.3055,0.1205,0.6667,0.2543,3.0,1.0,0.0,0.0,0.0,0.0,0.0,1.0,2.0,0.485693867306663,8.805218426931237,15.426517133259717,172.55348719930143,3,12,16,1145,1036.6,0.486,0
0.2036,0.0,0.3928,0.1369,0.3205,0.3987,0.187,1.0,0.2798,2.0,1.0,0.0,0.0,0.0,0.0,0.0,1.0,1.0,0.5167462891651446,9.864525473843955,23.59362514564417,174.70117225525888,2,8,16,949,948.6,0.517,0
0.3334,0.1667,0.4,0.002,0.3077,0.2567,0.0711,1.0,0.7923,2.0,0.0,0.0,0.0,0.0,1.0,0.0,1.0,1.0,0.30321056262954055,19.789637090860012,17.64711758021362,251.36976751343127,2,8,8,911,910.9,0.303,0
0.2832,0.0,0.2049,0.0259,0.3502,0.3995,0.0638,1.0,0.409,3.0,1.0,0.0,0.0,0.0,0.0,2.0,2.0,1.0,0.42125840201908865,19.260040870231087,24.94333083814762,121.76730467698673,3,12,16,1187,1036.6,0.421,0
0.2503,0.0,0.4,0.0116,0.3502,0.1489,0.3598,0.6667,0.1691,3.0,1.0,0.0,0.0,0.0,0.0,0.0,2.0,1.0,0.5212236197731053,19.287071400049637,19.371801716402896,257.11177791376076,3,12,16,1187,1036.6,0.521,0
0.3608,0.0,0.3034,0.0373,0.3502,0.1554,0.0,0.6667,0.1972,3.0,1.0,0.0,0.0,0.0,0.0,0.0,1.0,1.0,0.509499729188775,18.76262576959288,17.390886943585933,253.57996900171165,3,12,16,1037,1036.6,0.509,0
0.1889,0.0,0.2084,0.1257,0.374,0.1913,0.3887,0.6667,0.2005,3.0,1.0,0.0,0.0,0.0,1.0,0.0,2.0,1.0,0.5081346167856098,18.869435638160194,23.50766646240513,252.61099134048055,3,12,16,1257,1106.9,0.508,0
0.1984,0.0,0.1588,0.0195,0.3502,0.1677,0.4609,0.6667,0.4087,3.0,1.0,0.0,0.0,0.0,0.0,0.0,1.0,2.0,0.42137650452645137,18.702937009432723,25.96992682956817,246.91510759077855,3,12,16,1145,1036.6,0.421,0
0.3433,0.0,0.2779,0.0419,0.3799,0.0759,0.0,1.0,0.0972,4.0,1.0,0.0,0.0,0.0,0.0,0.0,1.0,1.0,0.509499729188775,18.76262576959288,17.410580038445723,253.57996900171165,4,16,16,1125,1124.6,0.509,0
0.2677,0.0,0.3554,0.0316,0.3799,0.2308,0.2489,0.6667,0.1342,4.0,1.0,0.0,0.0,0.0,0.0,0.0,2.0,2.0,0.49407333366702283,18.894339373888098,17.87914096854483,169.93806665017922,4,16,16,1383,1124.6,0.494,0
0.353,0.0,0.4,0.007,0.3137,0.2639,0.0436,1.0,0.2247,3.0,0.0,0.0,0.0,0.0,0.0,0.0,2.0,1.0,0.498061279077652,8.798553748560984,17.40858750756347,172.4724137485985,3,12,8,1079,928.6,0.498,0
0.1551,0.1667,0.3659,0.0062,0.3442,0.5205,0.3929,1.0,0.7941,2.0,1.0,0.0,0.0,0.0,1.0,2.0,2.0,1.0,0.3024720081940149,8.757319677427422,15.299268446982591,123.90543702161129,2,8,16,1169,1018.9,0.302,0
0.2587,0.0,0.256,0.0748,0.3799,0.2087,0.2242,1.0,0.1918,4.0,1.0,0.0,0.0,0.0,0.0,2.0,1.0,1.0,0.4700706332228294,8.893871957325375,17.671712233031588,181.87017983173735,4,16,16,1125,1124.6,0.47,0
0.2628,0.0,0.4,0.0908,0.3434,0.1846,0.2125,1.0,0.1895,4.0,0.0,0.0,0.0,0.0,0.0,0.0,1.0,1.0,0.4710468391315455,8.55295030824033,24.60987582551039,170.3410386615099,4,16,8,1017,1016.6,0.471,0
0.1402,0.0,0.2962,0.0507,0.3442,0.414,0.6388,0.6667,0.4841,2.0,1.0,0.0,0.0,0.0,1.0,2.0,2.0,1.0,0.4316218885006624,9.104664771611167,23.604320001161266,181.4369592614536,2,8,16,1169,1018.9,0.432,0
0.2119,0.0,0.2435,0.1364,0.3502,0.2891,0.3149,1.0,0.4745,3.0,1.0,0.0,0.0,0.0,0.0,2.0,1.0,2.0,0.3939776579062573,19.41443658955179,23.663970271068887,181.37807461229679,3,12,16,1145,1036.6,0.394,0
0.2122,0.0,0.3397,0.0567,0.421,0.2693,0.1199,0.3333,0.5817,4.0,1.0,1.0,0.0,0.0,0.0,0.0,1.0,1.0,0.307618046820842,8.115725340563055,22.80324721427996,169.58690044471305,4,16,24,1247,1246.1,0.308,0
0.2385,0.0,0.1716,0.1221,0.3205,0.406,0.5607,1.0,0.3125,2.0,1.0,0.0,0.0,0.0,0.0,0.0,2.0,1.0,0.503141678528856,18.892142136335377,23.812542043059544,170.74939729857857,2,8,16,1099,948.6,0.503,0
0.2585,0.0,0.4,0.0574,0.3556,0.2099,0.1857,1.0,0.2009,4.0,0.0,0.0,0.0,1.0,0.0,2.0,1.0,2.0,0.4662811956381168,8.893871957325375,17.414392928519447,181.20841801952284,4,16,8,1053,1052.6,0.466,0
0.3278,0.0,0.3986,0.0443,0.3912,0.1871,0.0,0.3333,0.2895,3.0,1.0,1.0,0.0,0.0,0.0,0.0,2.0,1.0,0.4710468391315455,18.884297959136635,24.018022284255704,254.88514367026715,3,12,24,1309,1158.1,0.471,0
0.1936,0.0,0.2085,0.0896,0.3205,0.4908,0.6532,1.0,0.3774,2.0,1.0,0.0,0.0,0.0,0.0,0.0,1.0,1.0,0.4760871448122118,19.294975670324494,19.990955250811805,124.94830498608263,2,8,16,949,948.6,0.476,0
0.2282,0.0,0.4,0.006,0.325,0.4028,0.0,0.6667,0.3324,2.0,0.0,1.0,0.0,0.0,0.0,0.0,1.0,1.0,0.49482057782734834,19.125503475671444,22.660235479124307,172.4724137485985,2,8,16,963,962.1,0.495,0
0.2244,0.0,0.4,0.0691,0.2961,0.2393,0.5249,1.0,0.313,2.0,0.0,0.0,0.0,1.0,0.0,2.0,1.0,2.0,0.5028967079903888,8.207964666834075,23.524345774066447,260.78522296052813,2,8,8,877,876.6,0.503,0
0.2937,0.0,0.2977,0.092,0.374,0.3198,0.0,1.0,0.2645,3.0,1.0,0.0,0.0,0.0,1.0,0.0,1.0,2.0,0.48147585529540776,18.592540017452436,15.969140966766838,183.23933421988352,3,12,16,1215,1106.9,0.481,0
0.2213,0.1667,0.2352,0.0406,0.3615,0.442,0.1983,1.0,0.5601,2.0,1.0,1.0,0.0,0.0,0.0,0.0,2.0,1.0,0.39995684306138657,19.14020307182704,17.015880763685228,166.31874636702918,2,8,24,1221,1070.1,0.4,0
0.1991,0.0,0.2159,0.0887,0.3861,0.2184,0.3608,0.6667,0.4766,3.0,1.0,0.0,0.0,1.0,1.0,1.0,2.0,1.0,0.3930803236932852,19.311731535840188,23.73018463868278,253.30482862272498,3,12,16,1293,1142.9,0.393,0
0.1719,0.0,0.279,0.01,0.3442,0.517,0.3342,1.0,0.369,2.0,1.0,0.0,0.0,0.0,1.0,0.0,1.0,2.0,0.47959681570742824,8.927107338667918,19.236838953867114,125.84294067748421,2,8,16,1127,1018.9,0.48,0
0.3366,0.0,0.4,0.0097,0.3137,0.1185,0.0409,1.0,0.6923,3.0,0.0,0.0,0.0,0.0,0.0,0.0,1.0,2.0,0.30321056262954055,8.141518492615976,24.398335370618746,251.01775830977118,3,12,8,929,928.6,0.303,0
0.2487,0.0,0.2432,0.0461,0.3205,0.3838,0.708,0.6667,0.3512,2.0,1.0,0.0,0.0,0.0,0.0,0.0,1.0,1.0,0.48700056593430563,8.339419159926473,25.761299402052995,182.74510505893875,2,8,16,949,948.6,0.487,0
0.3257,0.0,0.3666,0.0094,0.3502,0.1555,0.0368,0.6667,0.2023,3.0,1.0,0.0,0.0,0.0,0.0,0.0,1.0,1.0,0.5073719070638883,8.141518492615976,24.398335370618746,253.5464324785721,3,12,16,1037,1036.6,0.507,0
0.1859,0.0,0.329,0.0195,0.3137,0.1261,0.4661,1.0,0.2114,3.0,0.0,0.0,0.0,0.0,0.0,2.0,1.0,2.0,0.503574061494629,8.458281108260653,25.96992682956817,246.91510759077855,3,12,8,929,928.6,0.504,0
0.2953,0.0,0.4,0.0717,0.3137,0.1004,0.5007,1.0,0.2133,3.0,0.0,0.0,0.0,0.0,0.0,2.0,1.0,1.0,0.5027794468309872,8.207964666834075,23.402883954674056,260.78522296052813,3,12,8,929,928.6,0.503,0
0.2303,0.0,0.2031,0.1366,0.3205,0.4908,0.5631,1.0,0.3774,2.0,1.0,0.0,0.0,0.0,0.0,0.0,1.0,1.0,0.4760871448122118,18.857552458198644,23.77070742760203,124.94830498608263,2,8,16,949,948.6,0.476,0
0.2489,0.0,0.2263,0.1101,0.3912,0.2221,0.0989,0.3333,0.4633,3.0,1.0,1.0,0.0,0.0,0.0,1.0,2.0,1.0,0.3986378145077134,8.389617429681477,24.11727540308347,235.99335815104897,3,12,24,1309,1158.1,0.399,0
0.262,0.0,0.1374,0.0334,0.284,0.2409,0.5798,1.0,0.4164,2.0,0.0,0.0,0.0,0.0,0.0,1.0,2.0,2.0,0.45985291557782026,8.38920678072864,25.068138855942216,241.14950814137546,2,8,8,991,840.6,0.46,0
0.2461,0.0,0.3493,0.0953,0.374,0.2382,0.0,0.6667,0.5931,3.0,1.0,0.0,0.0,0.0,1.0,1.0,2.0,2.0,0.3445224738957363,10.774223882952008,25.361667292872504,227.26893400673663,3,12,16,1365,1106.9,0.345,0
0.2711,0.0,0.2585,0.1599,0.3375,0.1903,0.117,1.0,0.4459,3.0,0.0,0.0,0.0,0.0,1.0,1.0,2.0,1.0,0.4058616902287114,8.235395231634515,24.109969109876133,234.75963009844529,3,12,8,1149,998.9,0.406,0
0.3894,0.0,0.193,0.0048,0.2961,0.3016,0.6169,1.0,0.4721,2.0,0.0,0.0,0.0,1.0,0.0,1.0,2.0,1.0,0.43660758032819197,8.389124041641468,23.57325915100264,227.11017777594952,2,8,8,1027,876.6,0.437,0
0.4887,0.0,0.1575,0.0434,0.284,0.3132,0.5141,1.0,0.4497,2.0,0.0,0.0,0.0,0.0,0.0,1.0,2.0,1.0,0.44596746529063913,8.538212414273001,25.08360912661568,202.104468147345,2,8,8,991,840.6,0.446,0
0.2577,0.0,0.1332,0.0335,0.284,0.2554,0.5631,1.0,0.4528,2.0,0.0,0.0,0.0,0.0,0.0,1.0,2.0,2.0,0.44464794590296103,9.570981092303505,24.339773812478327,233.345320503703,2,8,8,991,840.6,0.445,0
0.1157,0.1667,0.3323,0.0608,0.284,0.2544,0.1681,1.0,0.7659,2.0,0.0,0.0,0.0,0.0,0.0,3.0,2.0,2.0,0.3141905653196454,10.740382297359313,24.924400262012625,233.86955608129142,2,8,8,991,840.6,0.314,0
0.3461,0.0,0.2775,0.1296,0.3799,0.1246,0.0,0.6667,0.0463,4.0,1.0,0.0,0.0,0.0,0.0,1.0,2.0,1.0,0.5307280366265399,10.774223882952008,25.361667292872504,227.26893400673663,4,16,16,1275,1124.6,0.531,0
0.2907,0.0,0.3576,0.1202,0.3434,0.0175,0.0286,1.0,0.598,4.0,0.0,0.0,0.0,0.0,0.0,1.0,2.0,2.0,0.30081633683725695,8.365266876685673,24.36711955502111,260.5420656015362,4,16,8,1167,1016.6,0.301,0
0.3022,0.1667,0.3475,0.0617,0.284,0.2051,0.1472,1.0,0.7998,2.0,0.0,0.0,0.0,0.0,0.0,3.0,2.0,2.0,0.3000905289431504,8.243422882691334,25.370363245357677,260.47803739746854,2,8,8,991,840.6,0.3,0
0.3868,0.0,0.1758,0.0121,0.3205,0.2505,0.7236,0.6667,0.5397,2.0,1.0,0.0,0.0,0.0,0.0,3.0,2.0,2.0,0.4084467855986037,8.346746991054005,23.075313581033953,254.73030925465292,2,8,16,1207,948.6,0.408,0
0.1203,0.1667,0.3249,0.0699,0.3442,0.5241,0.2275,1.0,0.765,2.0,1.0,0.0,0.0,0.0,1.0,1.0,2.0,2.0,0.3145734039939647,10.74344242664615,24.914408280674266,121.9686233160316,2,8,16,1277,1018.9,0.315,0
0.3468,0.0,0.2843,0.1087,0.3799,0.3208,0.0,1.0,0.0463,4.0,1.0,0.0,0.0,0.0,0.0,1.0,2.0,1.0,0.5307280366265399,10.770344658951577,25.398927016773246,121.33207880680482,4,16,16,1275,1124.6,0.531,0
0.3898,0.0,0.1826,0.0104,0.3615,0.5229,0.7218,0.3333,0.307,2.0,1.0,1.0,0.0,0.0,0.0,3.0,2.0,1.0,0.5053989947121199,8.354957884912535,23.09110929988071,122.65008729579968,2,8,24,1221,1070.1,0.505,0
0.1955,0.0,0.375,0.0963,0.3785,0.232,0.0,0.6667,0.3758,3.0,0.0,1.0,0.0,0.0,1.0,1.0,2.0,2.0,0.4350819691006247,8.381527625256203,24.269797897955318,230.61383746121552,3,12,16,1271,1120.4,0.435,0
0.4581,0.0,0.145,0.0471,0.325,0.3484,0.5242,1.0,0.4489,2.0,0.0,1.0,0.0,0.0,0.0,1.0,2.0,1.0,0.44628858548494377,8.538212414273001,24.09075219552347,201.88639431821014,2,8,16,1113,962.1,0.446,0
0.2913,0.0,0.3265,0.1443,0.3845,0.111,0.0411,1.0,0.1667,4.0,0.0,1.0,0.0,0.0,0.0,1.0,2.0,1.0,0.4805257262440293,9.579101677537864,24.420125997931745,234.62805879456886,4,16,16,1289,1138.1,0.481,0
0.2285,0.0,0.2499,0.0858,0.3967,0.3781,0.1748,0.6667,0.1063,4.0,0.0,1.0,0.0,1.0,0.0,1.0,2.0,2.0,0.5057157218316354,10.922698608800898,24.064479250675152,110.80591049109073,4,16,16,1325,1174.1,0.506,0
0.3169,0.0,0.2664,0.1169,0.4331,0.4289,0.0265,0.3333,0.2226,4.0,1.0,1.0,0.0,1.0,0.0,3.0,2.0,1.0,0.4572606140721518,10.913324310865576,25.063124942502867,100.70267065210389,4,16,24,1433,1282.1,0.457,0
0.2434,0.0,0.2403,0.1523,0.4037,0.151,0.1521,1.0,0.1402,4.0,1.0,0.0,0.0,0.0,1.0,2.0,2.0,1.0,0.4915697042654801,8.3909272632265,24.458440740784688,233.46267540516618,4,16,16,1345,1194.9,0.492,0
0.3892,0.0,0.305,0.0215,0.284,0.2409,0.4762,1.0,0.4151,2.0,0.0,0.0,0.0,0.0,0.0,1.0,2.0,1.0,0.460369258572692,8.39130392859768,24.168078283105174,241.14950814137546,2,8,8,991,840.6,0.46,0
0.2602,0.0,0.245,0.0791,0.4082,0.3585,0.1676,1.0,0.2207,4.0,0.0,1.0,0.0,0.0,1.0,1.0,2.0,2.0,0.4580516976433945,10.92997757290656,23.986649176432362,121.41514701865779,4,16,16,1359,1208.4,0.458,0
0.395,0.0,0.1886,0.0087,0.2961,0.4951,0.7066,1.0,0.5417,2.0,0.0,0.0,0.0,1.0,0.0,3.0,2.0,1.0,0.40763294671259737,8.55377709806857,25.381553407910662,122.65008729579968,2,8,8,1027,876.6,0.408,0
0.3418,0.0,0.2192,0.088,0.3502,0.3736,0.0587,0.6667,0.3135,3.0,1.0,0.0,0.0,0.0,0.0,1.0,2.0,1.0,0.46103723674727376,8.306912267965927,24.174160177632825,135.76062696976635,3,12,16,1187,1036.6,0.461,0
0.2573,0.0,0.2991,0.143,0.3669,0.1868,0.1029,0.6667,0.1981,3.0,0.0,1.0,0.0,1.0,0.0,1.0,2.0,2.0,0.5091361503935923,8.39134474376139,24.12073427222212,255.06329461619652,3,12,16,1237,1086.1,0.509,0
0.22,0.0,0.4,0.1405,0.3137,0.1123,0.0,1.0,0.6282,3.0,0.0,0.0,0.0,0.0,0.0,1.0,1.0,1.0,0.32992640004602647,8.296395996420163,24.96535373458805,254.33374191346053,3,12,8,929,928.6,0.33,0
0.2239,0.0,0.2125,0.1139,0.3624,0.415,0.1461,0.6667,0.3739,3.0,1.0,0.0,0.0,1.0,0.0,1.0,2.0,1.0,0.43588776552589503,8.387456982001218,25.394212285218394,131.8306566566814,3,12,16,1223,1072.6,0.436,0
0.2504,0.0,0.2742,0.1091,0.3434,0.0254,0.1513,1.0,0.1027,4.0,0.0,0.0,0.0,0.0,0.0,1.0,2.0,2.0,0.507203173311383,8.366050140939501,24.33152489348852,256.26992125894145,4,16,8,1167,1016.6,0.507,0
0.1976,0.0,0.1975,0.0755,0.2961,0.2694,0.2796,1.0,0.6955,2.0,0.0,0.0,0.0,1.0,0.0,1.0,2.0,2.0,0.34353833956770163,8.39134474376139,24.12073427222212,244.5088764133029,2,8,8,1027,876.6,0.344,0
0.397,0.1667,0.1845,0.0067,0.3615,0.2992,0.6521,0.6667,0.7296,2.0,1.0,1.0,0.0,0.0,0.0,3.0,2.0,2.0,0.3293218338678108,8.303991980971215,25.376179025127346,243.43673300546223,2,8,24,1329,1070.1,0.329,0
0.2682,0.1667,0.1429,0.0126,0.4259,0.5704,0.589,0.6667,0.5631,2.0,1.0,1.0,1.0,0.0,1.0,1.0,2.0,2.0,0.3987098685883943,8.297785502415797,24.416921327589176,119.50126866927464,2,8,32,1519,1260.5,0.399,0
0.2751,0.0,0.3926,0.0987,0.3259,0.1724,0.0825,1.0,0.6884,3.0,0.0,0.0,0.0,1.0,0.0,1.0,2.0,1.0,0.3048366145329098,9.617539975106956,24.120739383096517,244.3942938654254,3,12,8,1115,964.6,0.305,0
0.3187,0.0,0.3102,0.0663,0.4082,0.3968,0.0155,0.6667,0.1664,4.0,0.0,1.0,0.0,0.0,1.0,1.0,2.0,2.0,0.4806702080185738,9.929909525946583,24.42594104437709,100.70267065210389,4,16,16,1359,1208.4,0.481,0
0.2143,0.0,0.15,0.0207,0.3372,0.33,0.4512,1.0,0.6993,2.0,0.0,1.0,0.0,1.0,0.0,3.0,2.0,2.0,0.3419582300785166,8.377586742227788,24.118491260891542,226.81391518411638,2,8,16,1149,998.1,0.342,0
0.4213,0.0,0.3359,0.0123,0.3326,0.3053,0.3583,1.0,0.5387,2.0,1.0,0.0,0.0,1.0,0.0,3.0,2.0,2.0,0.40887368234301164,8.303651459052023,23.101051009254657,240.1345307171758,2,8,16,1243,984.6,0.409,0
0.161,0.0,0.3625,0.0564,0.284,0.4713,0.0879,1.0,0.4105,2.0,0.0,0.0,0.0,0.0,0.0,1.0,2.0,2.0,0.4622935818366381,8.296395996420163,24.96535373458805,116.77163567218766,2,8,8,991,840.6,0.462,0
0.3278,0.0,0.3818,0.0785,0.3907,0.233,0.0,0.6667,0.6153,3.0,0.0,1.0,0.0,1.0,1.0,1.0,2.0,2.0,0.335301742374665,10.765578806342207,25.361667292872504,245.4079024669261,3,12,16,1307,1156.4,0.335,0
0.2823,0.0,0.1758,0.0588,0.3609,0.3985,0.3408,1.0,0.7159,2.0,0.0,1.0,0.0,1.0,1.0,3.0,2.0,1.0,0.33503221996593613,10.90606349670496,23.979100427548495,202.104468147345,2,8,16,1219,1068.4,0.335,0
0.4881,0.0,0.1572,0.0653,0.2961,0.2883,0.5134,1.0,0.4527,2.0,0.0,0.0,0.0,1.0,0.0,1.0,2.0,2.0,0.4446877779381157,9.018057966738667,26.225382429971624,234.2987964867193,2,8,8,1027,876.6,0.445,0
0.176,0.0,0.3894,0.1556,0.3502,0.1537,0.0,0.6667,0.3105,3.0,1.0,0.0,0.0,0.0,0.0,1.0,2.0,1.0,0.4622935818366381,8.296395996420163,24.96535373458805,254.52659130210264,3,12,16,1187,1036.6,0.462,0
0.2446,0.0,0.2371,0.1364,0.3672,0.3202,0.2073,1.0,0.0693,4.0,0.0,0.0,0.0,0.0,1.0,1.0,2.0,2.0,0.521109432950249,8.309752364109046,24.171914342895146,121.63457464566169,4,16,8,1237,1086.9,0.521,0
0.2608,0.0,0.2811,0.1076,0.3375,0.4462,0.0868,1.0,0.6792,3.0,0.0,0.0,0.0,0.0,1.0,1.0,2.0,2.0,0.3086537537962984,8.103162849392069,23.096767930879,96.577317770071,3,12,8,1149,998.9,0.309,0
0.2375,0.0,0.2859,0.1116,0.3137,0.143,0.084,1.0,0.6792,3.0,0.0,0.0,0.0,0.0,0.0,1.0,2.0,2.0,0.3086537537962984,9.808620163572837,24.128741862163885,237.78541560810055,3,12,8,1079,928.6,0.309,0
0.2288,0.0,0.2793,0.0833,0.3548,0.3843,0.0919,0.6667,0.4393,3.0,0.0,1.0,0.0,0.0,0.0,1.0,2.0,1.0,0.4086369021668367,8.313730799900576,27.20695038377231,129.98963074254564,3,12,16,1201,1050.1,0.409,0
0.2688,0.0,0.2679,0.105,0.3799,0.0664,0.1022,1.0,0.2396,4.0,1.0,0.0,0.0,0.0,0.0,1.0,2.0,2.0,0.45015525842414306,9.58048547843954,25.39483504772663,258.6771273407333,4,16,16,1383,1124.6,0.45,0
0.271,0.0,0.1635,0.0282,0.3564,0.3832,0.4132,1.0,0.7414,2.0,1.0,0.0,0.0,1.0,1.0,3.0,2.0,2.0,0.32441825243770084,8.391044842848745,25.094130592937027,210.3368185072911,2,8,16,1313,1054.9,0.324,0
0.3421,0.0,0.3154,0.0395,0.3205,0.3071,0.3087,1.0,0.3021,2.0,1.0,0.0,0.0,0.0,0.0,3.0,2.0,1.0,0.507446344326913,8.411202821287015,25.023945559918193,224.1840820222566,2,8,16,1099,948.6,0.507,0
0.269,0.0,0.1468,0.0158,0.3853,0.5514,0.589,0.6667,0.5348,2.0,1.0,1.0,0.0,0.0,1.0,1.0,2.0,2.0,0.41048657741567557,8.297785502415797,24.416921327589176,119.50126866927464,2,8,24,1399,1140.4,0.41,0
0.2869,0.0,0.238,0.0479,0.325,0.4908,0.4746,1.0,0.3667,2.0,0.0,1.0,0.0,0.0,0.0,1.0,2.0,1.0,0.48055898200627784,8.374768042743673,23.0808812894884,124.96238546436967,2,8,16,1113,962.1,0.481,0
0.3035,0.0,0.3569,0.1233,0.3672,0.0824,0.0109,1.0,0.436,4.0,0.0,0.0,0.0,0.0,1.0,1.0,2.0,2.0,0.36834985472436377,10.694126952390445,23.477151380399615,250.05817532784332,4,16,8,1237,1086.9,0.368,0
0.2609,0.0,0.1525,0.0274,0.284,0.2493,0.5345,1.0,0.5459,2.0,0.0,0.0,0.0,0.0,0.0,1.0,2.0,2.0,0.4058616902287114,8.554484694019054,24.109969109876133,236.6444731990398,2,8,8,991,840.6,0.406,0
0.3325,0.0,0.2652,0.1014,0.3921,0.1387,0.0,1.0,0.0624,4.0,1.0,0.0,0.0,1.0,0.0,3.0,2.0,2.0,0.5239890790594005,8.250275794212886,25.23488403235336,240.08483098043789,4,16,16,1419,1160.6,0.524,0
0.2409,0.0,0.2931,0.0888,0.3434,0.0474,0.1402,1.0,0.2559,4.0,0.0,0.0,0.0,0.0,0.0,1.0,2.0,1.0,0.4433544228167192,9.617539975106956,25.068920341174522,244.3942938654254,4,16,8,1167,1016.6,0.443,0
0.1459,0.1667,0.3389,0.0817,0.3077,0.2891,0.15,1.0,0.7893,2.0,0.0,0.0,0.0,0.0,1.0,3.0,2.0,2.0,0.30444400977949404,10.740382297359313,25.77314873001636,233.86955608129142,2,8,8,1061,910.9,0.304,0
0.2013,0.0,0.2884,0.1031,0.3137,0.1512,0.1313,1.0,0.3528,3.0,0.0,0.0,0.0,0.0,0.0,1.0,2.0,2.0,0.4446619182829802,8.389626681224112,24.361648291346896,233.36291530336607,3,12,8,1079,928.6,0.445,0
0.1512,0.0,0.155,0.0192,0.3564,0.3833,0.3767,1.0,0.3304,2.0,1.0,0.0,0.0,1.0,1.0,3.0,2.0,2.0,0.49567361685511974,8.367209042984097,25.102308106737496,210.3038274927129,2,8,16,1313,1054.9,0.496,0
0.2751,0.0,0.2411,0.0975,0.421,0.1326,0.1158,0.6667,0.0544,4.0,1.0,1.0,0.0,0.0,0.0,3.0,2.0,2.0,0.5273334926038525,8.25061631613208,25.375579498480715,243.38703326872428,4,16,24,1505,1246.1,0.527,0
0.1911,0.0,0.3693,0.0892,0.374,0.2303,0.0023,0.6667,0.3537,3.0,1.0,0.0,0.0,0.0,1.0,1.0,2.0,1.0,0.4443081748081709,8.424373857983456,25.02822772783618,231.56514799825558,3,12,16,1257,1106.9,0.444,0
0.2168,0.0,0.1602,0.0435,0.3077,0.2901,0.459,1.0,0.4522,2.0,0.0,0.0,0.0,0.0,1.0,1.0,2.0,1.0,0.44492751005614606,8.3909272632265,24.45937186703908,233.3452044911493,2,8,8,1061,910.9,0.445,0
0.2174,0.0,0.1628,0.0533,0.3737,0.5286,0.4429,0.6667,0.4739,2.0,1.0,1.0,0.0,1.0,0.0,1.0,2.0,1.0,0.43588776552589503,8.387460917303452,27.37270567662054,131.8306566566814,2,8,24,1257,1106.1,0.436,0
0.1826,0.0,0.3437,0.1362,0.3502,0.4097,0.0,0.6667,0.6033,3.0,1.0,0.0,0.0,0.0,0.0,1.0,2.0,2.0,0.34031190857515753,8.207165769922598,24.13434122417007,116.28270788923508,3,12,16,1295,1036.6,0.34,0
0.3708,0.0,0.3207,0.028,0.284,0.2604,0.3694,1.0,0.4549,2.0,0.0,0.0,0.0,0.0,0.0,1.0,2.0,2.0,0.44381179745942384,8.411349874234258,24.9538891036059,230.64300122834277,2,8,8,991,840.6,0.444,0
0.2897,0.0,0.2714,0.0995,0.3137,0.1644,0.0604,1.0,0.2762,3.0,0.0,0.0,0.0,0.0,0.0,1.0,2.0,2.0,0.4765679180817264,8.235395231634515,24.090297625706725,226.20568036048206,3,12,8,1079,928.6,0.477,0
0.2221,0.0,0.3719,0.1364,0.3434,0.2847,0.0,1.0,0.5033,4.0,0.0,0.0,0.0,0.0,0.0,1.0,2.0,2.0,0.34031190857515753,8.207165769922598,24.13434122417007,116.28270788923508,4,16,8,1167,1016.6,0.34,0
0.2946,0.0,0.3658,0.0802,0.3434,0.0832,0.0145,1.0,0.598,4.0,0.0,0.0,0.0,0.0,0.0,1.0,2.0,2.0,0.30081633683725695,8.402202072577298,24.356106736126886,225.05425836753426,4,16,8,1167,1016.6,0.301,0
0.3137,0.0,0.1713,0.0244,0.2961,0.3013,0.5187,1.0,0.3767,2.0,0.0,0.0,0.0,1.0,0.0,1.0,2.0,1.0,0.4763821212146689,8.235395231634515,24.090297625706725,227.30493234175503,2,8,8,1027,876.6,0.476,0
0.2681,0.0,0.2815,0.0957,0.3794,0.1486,0.093,1.0,0.1788,4.0,0.0,0.0,0.0,1.0,1.0,1.0,2.0,1.0,0.47549469250846926,8.235395231634515,24.090297625706725,234.75963009844529,4,16,8,1273,1122.9,0.475,0
0.2936,0.0,0.2071,0.1346,0.3799,0.1131,0.0596,1.0,0.1409,4.0,1.0,0.0,0.0,0.0,0.0,2.0,2.0,2.0,0.4912901401122929,9.570981092303505,24.338842686223934,233.4627914177199,4,16,16,1383,1124.6,0.491,0
0.2447,0.0,0.3679,0.0998,0.3434,0.0176,0.0089,1.0,0.507,4.0,0.0,0.0,0.0,0.0,0.0,3.0,2.0,2.0,0.33873979472711513,8.243345912191776,25.370363245357677,260.47803739746854,4,16,8,1167,1016.6,0.339,0
0.2542,0.0,0.2325,0.0409,0.3434,0.0468,0.2307,1.0,0.3631,4.0,0.0,0.0,0.0,0.0,0.0,3.0,2.0,1.0,0.3987098685883943,8.304325769040377,24.416921327589176,244.71382125224852,4,16,8,1167,1016.6,0.399,0
0.3074,0.0,0.3763,0.0635,0.3496,0.4329,0.0,1.0,0.1528,3.0,0.0,0.0,0.0,1.0,1.0,3.0,2.0,2.0,0.52798991172198,8.295856660106585,24.402982934529636,122.15673804609976,3,12,8,1185,1034.9,0.528,0
0.339,0.0,0.2283,0.0886,0.3502,0.3897,0.0609,0.6667,0.4401,3.0,1.0,0.0,0.0,0.0,0.0,1.0,2.0,1.0,0.40831059228192756,8.38876170679139,23.574863216515734,127.05794401722626,3,12,16,1187,1036.6,0.408,0
0.2852,0.0,0.1817,0.0291,0.3205,0.3014,0.5613,1.0,0.2463,2.0,1.0,0.0,0.0,0.0,0.0,1.0,2.0,1.0,0.5307280366265399,10.780556070768489,25.361667292872504,227.26893400673663,2,8,16,1099,948.6,0.531,0
0.2542,0.0,0.2325,0.0409,0.3434,0.0468,0.2307,1.0,0.3631,4.0,0.0,0.0,0.0,0.0,0.0,3.0,2.0,1.0,0.3987098685883943,8.304325769040377,24.416921327589176,244.71382125224852,4,16,8,1167,1016.6,0.399,0
0.3234,0.0,0.384,0.0788,0.3785,0.2066,0.0,0.6667,0.614,3.0,0.0,1.0,0.0,0.0,1.0,1.0,2.0,2.0,0.3358234529407975,9.95591652470311,25.361667292872504,244.3321515124926,3,12,16,1271,1120.4,0.336,0
0.2917,0.0,0.2831,0.0791,0.3326,0.2712,0.3581,1.0,0.4374,2.0,1.0,0.0,0.0,1.0,0.0,3.0,2.0,2.0,0.4510906092026755,9.628197128973653,25.108087308761405,258.56685333674045,2,8,16,1243,984.6,0.451,0
0.3004,0.1667,0.1967,0.0561,0.3853,0.5962,0.3623,0.6667,0.5633,2.0,1.0,1.0,0.0,0.0,1.0,1.0,2.0,1.0,0.3986378145077134,8.095084155603072,23.085301471798587,95.34948015061683,2,8,24,1291,1140.4,0.399,0
0.4282,0.0,0.3309,0.0097,0.3326,0.3053,0.395,1.0,0.7376,2.0,1.0,0.0,0.0,1.0,0.0,3.0,2.0,2.0,0.3259914439884545,8.303651459052023,25.235483558999995,240.1345307171758,2,8,16,1243,984.6,0.326,0
0.2839,0.1667,0.1597,0.0347,0.284,0.2259,0.5739,1.0,0.7279,2.0,0.0,0.0,0.0,0.0,0.0,3.0,2.0,1.0,0.33006118979024157,8.387958330303595,25.06327033900528,249.25628851298688,2,8,8,991,840.6,0.33,0
0.2669,0.0,0.2404,0.0965,0.421,0.1326,0.1437,0.6667,0.1643,4.0,1.0,1.0,0.0,0.0,0.0,3.0,2.0,2.0,0.4815541928831836,9.519059713627398,25.41351602300285,243.38703326872428,4,16,24,1505,1246.1,0.482,0
0.4884,0.0,0.1573,0.0438,0.3199,0.3757,0.5149,1.0,0.4497,2.0,0.0,0.0,0.0,1.0,1.0,1.0,2.0,2.0,0.44596746529063913,9.018057966738667,25.08360912661568,202.104468147345,2,8,8,1097,946.9,0.446,0
0.4279,0.1667,0.3241,0.0097,0.3205,0.3489,0.4056,1.0,0.7361,2.0,1.0,0.0,0.0,0.0,0.0,1.0,2.0,1.0,0.3266279250362054,8.303651459052023,25.235483558999995,201.58419155345,2,8,16,1099,948.6,0.327,0
0.2904,0.1667,0.1492,0.0322,0.3488,0.2885,0.5267,1.0,0.636,2.0,0.0,1.0,0.0,0.0,1.0,1.0,2.0,2.0,0.36834985472436377,10.694126952390445,23.4074750898277,249.19150583848096,2,8,16,1183,1032.4,0.368,0
0.2715,0.0,0.3497,0.0388,0.3434,0.2272,0.0571,1.0,0.506,4.0,0.0,0.0,0.0,0.0,0.0,0.0,2.0,1.0,0.33915481317048146,12.580441096326256,16.775236137150202,147.3100507971883,4,16,8,1167,1016.6,0.339,0
0.2554,0.0,0.27,0.0034,0.3656,0.4708,0.6225,0.3333,0.4435,2.0,0.0,1.0,1.0,0.0,0.0,3.0,2.0,1.0,0.4485621753870928,11.416544431451268,10.419102607418736,150.75834444704805,2,8,24,1233,1082.2,0.449,0
0.2804,0.0,0.4,0.0067,0.3548,0.1927,0.0,0.6667,0.4601,3.0,0.0,1.0,0.0,0.0,0.0,3.0,1.0,2.0,0.39995849187539995,11.42182540801871,10.047152697439756,233.45672307232036,3,12,16,1051,1050.1,0.4,0
0.2446,0.0,0.2167,0.0033,0.284,0.3306,0.7248,1.0,0.5587,2.0,0.0,0.0,0.0,0.0,0.0,1.0,2.0,2.0,0.4005307024060659,14.198004851413089,10.212769783113117,192.72596345990138,2,8,8,991,840.6,0.401,0
0.266,0.0,0.4,0.0103,0.3434,0.0499,0.1916,1.0,0.1552,4.0,0.0,0.0,0.0,0.0,0.0,2.0,2.0,2.0,0.48534881912232014,14.141370501309733,10.342579247485427,243.07532869146854,4,16,8,1167,1016.6,0.485,0
0.1064,0.0,0.2786,0.0489,0.284,0.2562,0.5441,1.0,0.3523,2.0,0.0,0.0,0.0,0.0,0.0,3.0,2.0,2.0,0.48655722288949355,14.141370501309733,10.342579247485427,232.92852597008454,2,8,8,991,840.6,0.487,0
0.222,0.0,0.3338,0.1285,0.4037,0.1543,0.1755,1.0,0.0814,4.0,1.0,0.0,0.0,0.0,1.0,1.0,2.0,2.0,0.5160937724803065,11.411385922603671,11.267694964829287,231.65512038447088,4,16,16,1453,1194.9,0.516,0
0.2275,0.0,0.1447,0.0043,0.3615,0.3149,0.5543,0.3333,0.5448,2.0,1.0,1.0,0.0,0.0,0.0,2.0,2.0,2.0,0.40631446195566095,14.156638917112375,10.342579247485427,234.9734319160314,2,8,24,1329,1070.1,0.406,0
0.4531,0.0,0.1821,0.0064,0.3326,0.5011,0.3373,1.0,0.5593,2.0,1.0,0.0,0.0,1.0,0.0,2.0,1.0,1.0,0.4002871393432815,14.162682943694758,11.373781595213321,134.40661753642968,2,8,16,985,984.6,0.4,0
0.2861,0.1667,0.4,0.1581,0.284,0.2638,0.0,1.0,0.7838,2.0,0.0,0.0,0.0,0.0,0.0,2.0,1.0,2.0,0.30674382887447826,14.209933774951459,10.251525665994212,228.81619401827933,2,8,8,841,840.6,0.307,0
0.2451,0.1667,0.2247,0.0039,0.284,0.2824,0.6579,1.0,0.7963,2.0,0.0,0.0,0.0,0.0,0.0,1.0,2.0,2.0,0.30155754471326507,11.808929042134563,10.375927900930403,218.76926800740682,2,8,8,991,840.6,0.302,0
0.2437,0.0,0.2167,0.0033,0.284,0.3306,0.7251,1.0,0.5498,2.0,0.0,0.0,0.0,0.0,0.0,3.0,2.0,2.0,0.40425394988744096,14.198004851413089,10.14018847020984,192.72596345990138,2,8,8,991,840.6,0.404,0
0.3008,0.0,0.3296,0.0034,0.4556,0.2748,0.4353,0.6667,0.3434,3.0,1.0,1.0,1.0,0.0,1.0,3.0,2.0,2.0,0.4486027468174598,14.067224342185849,10.43072353513876,235.8647007480382,3,12,32,1607,1348.5,0.449,0
0.2237,0.1667,0.3903,0.1335,0.325,0.2737,0.1109,0.6667,0.7909,2.0,0.0,1.0,0.0,0.0,0.0,3.0,2.0,2.0,0.30379299323843145,13.335733486147527,10.37214464584793,242.1905995557795,2,8,16,1113,962.1,0.304,0
0.1959,0.0,0.4,0.0039,0.3853,0.5761,0.4299,0.3333,0.3553,2.0,1.0,1.0,0.0,0.0,1.0,1.0,2.0,1.0,0.48529826683634875,11.443159621539726,10.099744315717908,106.18799036713965,2,8,24,1291,1140.4,0.485,0
0.3026,0.0,0.4,0.003,0.2961,0.4303,0.7223,1.0,0.555,2.0,0.0,0.0,0.0,1.0,0.0,1.0,1.0,1.0,0.4020958841572771,13.010183740895346,11.441480333606227,157.64700708839723,2,8,8,877,876.6,0.402,0
0.1856,0.0,0.2793,0.0125,0.3077,0.372,0.4374,1.0,0.3978,2.0,0.0,0.0,0.0,0.0,1.0,1.0,2.0,2.0,0.46757557338931893,12.37057064921784,10.65036967163288,189.0968974511384,2,8,8,1061,910.9,0.468,0
0.3306,0.0,0.2871,0.0817,0.3799,0.1146,0.0,0.6667,0.231,4.0,1.0,0.0,0.0,0.0,0.0,1.0,2.0,1.0,0.4537312098277984,11.392617600838348,11.267200107952652,232.63639319801223,4,16,16,1275,1124.6,0.454,0
0.1567,0.0,0.297,0.1119,0.3375,0.1972,0.2252,1.0,0.3166,3.0,0.0,0.0,0.0,0.0,1.0,2.0,2.0,1.0,0.4597410073100534,11.270696230593769,18.249453508462118,231.0280961457648,3,12,8,1149,998.9,0.46,0
0.2608,0.0,0.4,0.0287,0.4158,0.1825,0.1397,0.6667,0.3593,4.0,1.0,0.0,0.0,1.0,1.0,1.0,2.0,2.0,0.4002888790459136,11.377663651138322,11.448704962345063,233.7397485983173,4,16,16,1489,1230.9,0.4,0
0.148,0.1667,0.3767,0.1258,0.325,0.306,0.0363,0.6667,0.601,2.0,0.0,1.0,0.0,0.0,0.0,1.0,1.0,2.0,0.3828976320152665,11.733849348910283,10.356311954578649,224.74068749778303,2,8,16,963,962.1,0.383,0
0.3425,0.0,0.3586,0.0466,0.4447,0.186,0.0,0.6667,0.2179,4.0,1.0,1.0,0.0,0.0,1.0,1.0,1.0,2.0,0.4592287155592794,10.085824523596793,16.457889846951865,231.89106717524749,4,16,24,1425,1316.4,0.459,0
0.2819,0.0,0.3037,0.0913,0.4158,0.1864,0.1584,1.0,0.0814,4.0,1.0,0.0,0.0,1.0,1.0,1.0,2.0,2.0,0.5160937724803065,10.069131275966132,11.267694964829287,231.66031512609607,4,16,16,1489,1230.9,0.516,0
0.4078,0.0,0.3156,0.0048,0.325,0.4466,0.3386,0.6667,0.5518,2.0,0.0,1.0,0.0,0.0,0.0,2.0,2.0,2.0,0.403405742757828,11.390885161035632,11.623799681963385,148.82351585948973,2,8,16,1113,962.1,0.403,0
0.3709,0.1667,0.1937,0.004,0.3615,0.3106,0.635,0.6667,0.7805,2.0,1.0,1.0,0.0,0.0,0.0,1.0,2.0,2.0,0.3081136196118732,11.525517298566017,10.415217309898425,237.2581383538274,2,8,24,1329,1070.1,0.308,0
0.1604,0.0,0.2394,0.0047,0.2961,0.4743,0.7061,1.0,0.3388,2.0,0.0,0.0,0.0,1.0,0.0,1.0,2.0,2.0,0.49217162269404086,11.90373643164295,12.024625612734603,133.85982038119636,2,8,8,1027,876.6,0.492,0
0.3213,0.0,0.2881,0.0822,0.4447,0.1729,0.0,1.0,0.2279,4.0,1.0,1.0,0.0,0.0,1.0,1.0,2.0,1.0,0.45502288363782356,10.079663628758999,11.425080813746508,238.94164689451316,4,16,24,1467,1316.4,0.455,0
0.4016,0.1667,0.2925,0.0075,0.284,0.3401,0.4956,1.0,0.5628,2.0,0.0,0.0,0.0,0.0,0.0,2.0,2.0,1.0,0.3988465872783328,11.52717483542902,11.623799681963385,187.5965062946321,2,8,8,991,840.6,0.399,0
0.3567,0.1667,0.2788,0.0166,0.3246,0.4425,0.3433,0.6667,0.6595,2.0,0.0,0.0,1.0,0.0,0.0,2.0,1.0,1.0,0.3585305880647943,8.184134333870691,16.650234321426485,151.0395676112857,2,8,16,961,960.8,0.359,0
0.2214,0.1667,0.1728,0.0215,0.284,0.4149,0.2551,1.0,0.6941,2.0,0.0,0.0,0.0,0.0,0.0,0.0,2.0,2.0,0.344122647928495,12.599572560276709,16.76501609430352,147.23025404289885,2,8,8,991,840.6,0.344,0
0.1155,0.0,0.3466,0.0997,0.325,0.295,0.211,0.6667,0.4795,2.0,0.0,1.0,0.0,0.0,0.0,1.0,2.0,1.0,0.43354891495687875,11.414689137192141,11.492416813916403,230.69614204368662,2,8,16,1113,962.1,0.434,0
0.2797,0.0,0.2205,0.0116,0.3502,0.2096,0.4856,1.0,0.1832,3.0,1.0,0.0,0.0,0.0,0.0,2.0,2.0,2.0,0.5153419934417525,13.125485929208706,11.424879875557,224.31841354873703,3,12,16,1295,1036.6,0.515,0
0.1867,0.0,0.2428,0.0331,0.3137,0.1589,0.4376,1.0,0.4502,3.0,0.0,0.0,0.0,0.0,0.0,2.0,2.0,1.0,0.40407176390952676,14.141370501309733,19.487922465232515,229.19568686314145,3,12,8,1079,928.6,0.404,0
0.2267,0.0,0.4,0.1453,0.3434,0.0712,0.1411,1.0,0.5818,4.0,0.0,0.0,0.0,0.0,0.0,1.0,2.0,2.0,0.30759915864266213,11.417023511572934,11.528959453029309,231.53280974334245,4,16,8,1167,1016.6,0.308,0
0.2863,0.0,0.291,0.0053,0.4034,0.2602,0.4238,0.6667,0.2597,3.0,1.0,1.0,0.0,1.0,0.0,1.0,1.0,2.0,0.483475292897841,11.522999433893947,10.33864325714242,230.76575851640794,3,12,24,1303,1194.1,0.483,0
0.2837,0.0,0.3025,0.041,0.3556,0.1397,0.1792,1.0,0.1534,4.0,0.0,0.0,0.0,1.0,0.0,1.0,2.0,1.0,0.4861039712740149,12.020533087021242,11.617048578906225,219.10649070546125,4,16,8,1203,1052.6,0.486,0
0.1498,0.0,0.2719,0.0135,0.3974,0.5438,0.5248,0.3333,0.3939,2.0,1.0,1.0,0.0,1.0,1.0,2.0,1.0,1.0,0.4692223229243337,11.864376146119971,10.64845789772032,133.85982038119636,2,8,24,1177,1176.4,0.469,0
0.1911,0.0,0.2843,0.0616,0.4272,0.3599,0.3229,0.3333,0.3714,3.0,1.0,1.0,0.0,1.0,1.0,2.0,2.0,2.0,0.43693437684038144,8.911598143264486,10.408800946193224,189.8745860569635,3,12,24,1523,1264.4,0.437,0
0.2238,0.0,0.3712,0.136,0.3672,0.1167,0.1492,1.0,0.2166,4.0,0.0,0.0,0.0,0.0,1.0,1.0,2.0,1.0,0.4597410073100534,11.411385922603671,18.249453508462118,231.53342987821262,4,16,8,1237,1086.9,0.46,0
0.194,0.1667,0.3388,0.0554,0.284,0.2453,0.2691,1.0,0.5722,2.0,0.0,0.0,0.0,0.0,0.0,2.0,2.0,2.0,0.39493683313097905,11.551445623593349,10.200431748143798,238.77654796390945,2,8,8,991,840.6,0.395,0
0.2819,0.0,0.4,0.0416,0.3556,0.1397,0.0,1.0,0.0884,4.0,0.0,0.0,0.0,1.0,0.0,1.0,2.0,1.0,0.5131796053683338,12.020533087021242,11.617048578906225,219.10649070546125,4,16,8,1203,1052.6,0.513,0
0.2121,0.0,0.3497,0.0176,0.3137,0.2301,0.3986,1.0,0.2978,3.0,0.0,0.0,0.0,0.0,0.0,2.0,2.0,2.0,0.46757557338931893,12.37057064921784,10.65036967163288,190.74079511440252,3,12,8,1079,928.6,0.468,0
0.4268,0.0,0.2059,0.0056,0.3326,0.5011,0.3344,1.0,0.6453,2.0,1.0,0.0,0.0,1.0,0.0,2.0,2.0,2.0,0.36446890846543256,13.088224464873097,11.440752186666646,134.40661753642968,2,8,16,1243,984.6,0.364,0
0.2231,0.0,0.4,0.1265,0.284,0.4193,0.1165,1.0,0.3978,2.0,0.0,0.0,0.0,0.0,0.0,3.0,2.0,2.0,0.46757557338931893,12.344640181326792,10.384920411015589,144.84671228484288,2,8,8,991,840.6,0.468,0
0.3011,0.0,0.3116,0.0137,0.3921,0.134,0.0628,1.0,0.3636,4.0,1.0,0.0,0.0,1.0,0.0,2.0,1.0,2.0,0.39852036752683145,11.250802049958802,10.427818223562545,242.63971634331924,4,16,16,1269,1160.6,0.399,0
0.2448,0.0,0.3133,0.0939,0.4037,0.1545,0.1742,0.6667,0.2171,4.0,1.0,0.0,0.0,0.0,1.0,1.0,2.0,1.0,0.45953791548477335,11.378372666510668,18.23533431300551,231.56118776163703,4,16,16,1345,1194.9,0.46,0
0.3053,0.0,0.3272,0.0577,0.3205,0.2907,0.2996,0.6667,0.4077,2.0,1.0,0.0,0.0,0.0,0.0,3.0,1.0,1.0,0.4634432996996112,11.631290498202976,10.124753962085371,233.01167773045242,2,8,16,949,948.6,0.463,0
0.1255,0.0,0.3749,0.1073,0.2961,0.3829,0.1793,1.0,0.4166,2.0,0.0,0.0,0.0,1.0,0.0,1.0,2.0,1.0,0.4597410073100534,11.411385922603671,18.249453508462118,183.2371935982999,2,8,8,1027,876.6,0.46,0
0.2261,0.0,0.3528,0.1147,0.3326,0.3101,0.0511,0.6667,0.2747,2.0,1.0,0.0,0.0,1.0,0.0,1.0,2.0,1.0,0.5188607353511759,14.145432000944176,12.429652057332277,237.55002402493645,2,8,16,1135,984.6,0.519,0
0.2456,0.0,0.1951,0.0048,0.3624,0.2054,0.3646,0.6667,0.4448,3.0,1.0,0.0,0.0,1.0,0.0,2.0,1.0,2.0,0.40631446195566095,14.156638917112375,10.427920404512388,245.01124644483522,3,12,16,1181,1072.6,0.406,0
0.2742,0.0,0.4,0.0125,0.3845,0.1189,0.1017,0.6667,0.2006,4.0,0.0,1.0,0.0,0.0,0.0,1.0,2.0,1.0,0.46640745252836163,11.29357719544449,10.344735882417769,230.35632483306424,4,16,16,1289,1138.1,0.466,0
0.17,0.0,0.4,0.0516,0.3778,0.3414,0.5642,0.6667,0.3917,2.0,0.0,1.0,1.0,1.0,0.0,3.0,1.0,2.0,0.47013290326292817,14.08300739465955,10.741722182562494,232.93417810846387,2,8,24,1119,1118.2,0.47,0
0.1989,0.0,0.3679,0.0048,0.3907,0.4379,0.447,0.6667,0.6818,3.0,0.0,1.0,0.0,1.0,1.0,1.0,2.0,2.0,0.307584625945534,11.404732997185526,11.47033472762635,134.7803902259639,3,12,16,1307,1156.4,0.308,0
0.1911,0.0,0.2843,0.0616,0.4272,0.3599,0.3229,0.3333,0.3714,3.0,1.0,1.0,0.0,1.0,1.0,2.0,2.0,2.0,0.43693437684038144,8.911598143264486,10.408800946193224,189.8745860569635,3,12,24,1523,1264.4,0.437,0
0.4315,0.0,0.2062,0.0058,0.3326,0.5009,0.3278,1.0,0.6453,2.0,1.0,0.0,0.0,1.0,0.0,2.0,2.0,2.0,0.36446890846543256,13.042372370688412,11.440752186666646,134.51401650770413,2,8,16,1243,984.6,0.364,0
0.1678,0.1667,0.2971,0.0753,0.3205,0.2684,0.4518,0.6667,0.7878,2.0,1.0,0.0,0.0,0.0,0.0,1.0,1.0,2.0,0.305088089651213,11.259766727268548,10.356789219231834,245.06953966651537,2,8,16,1057,948.6,0.305,0
0.334,0.0,0.177,0.006,0.3205,0.444,0.4766,1.0,0.4291,2.0,1.0,0.0,0.0,0.0,0.0,2.0,2.0,2.0,0.45456018303014833,11.390885161035632,11.623799681963385,150.22030713083223,2,8,16,1207,948.6,0.455,0
0.1359,0.0,0.4,0.1404,0.2961,0.2981,0.0402,1.0,0.7818,2.0,0.0,0.0,0.0,1.0,0.0,1.0,1.0,2.0,0.30759722351473523,11.417023511572934,12.238817762817645,229.05235445298814,2,8,8,877,876.6,0.308,0
0.2688,0.1667,0.3535,0.0874,0.3615,0.3343,0.0343,0.6667,0.6084,2.0,1.0,1.0,0.0,0.0,0.0,3.0,1.0,2.0,0.3798328939870791,12.298235588496272,10.419156607102734,224.50020045369354,2,8,24,1179,1070.1,0.38,0
0.1893,0.0,0.3607,0.1072,0.3488,0.3228,0.1767,0.6667,0.2813,2.0,0.0,1.0,0.0,0.0,1.0,2.0,2.0,1.0,0.516136216543141,11.403598632783169,11.421405242700567,230.69615057984342,2,8,16,1183,1032.4,0.516,0
0.1757,0.0,0.2825,0.0027,0.3853,0.4935,0.5949,0.6667,0.4395,2.0,1.0,1.0,0.0,0.0,1.0,1.0,2.0,1.0,0.4501904493811977,13.118090325086108,10.365805782663521,150.75834444704805,2,8,24,1291,1140.4,0.45,0
0.2633,0.0,0.2114,0.0061,0.3912,0.4087,0.3355,0.3333,0.5427,3.0,1.0,1.0,0.0,0.0,0.0,2.0,2.0,2.0,0.36553773825342306,14.156638917112375,11.460067918141945,135.2308374888573,3,12,24,1417,1158.1,0.366,0
0.2712,0.0,0.3807,0.1037,0.284,0.2817,0.0674,1.0,0.2884,2.0,0.0,0.0,0.0,0.0,0.0,1.0,2.0,2.0,0.5131796053683338,12.020533087021242,16.54645068025821,219.10649070546125,2,8,8,991,840.6,0.513,0
0.2424,0.0,0.1865,0.0074,0.3624,0.2053,0.421,0.6667,0.6878,3.0,1.0,0.0,0.0,1.0,0.0,1.0,1.0,2.0,0.305088089651213,11.250802049958802,10.427863873406952,245.06953966651537,3,12,16,1181,1072.6,0.305,0
0.3305,0.1667,0.1653,0.04,0.284,0.4084,0.3231,1.0,0.706,2.0,0.0,0.0,0.0,0.0,0.0,0.0,2.0,1.0,0.33915481317048146,11.424026034535217,16.795502941650717,150.74007598965423,2,8,8,991,840.6,0.339,0
0.2831,0.0,0.3418,0.0243,0.2961,0.2982,0.2844,1.0,0.7471,2.0,0.0,0.0,0.0,1.0,0.0,1.0,1.0,2.0,0.322049386839489,13.963238116236347,19.14970905777298,228.96763576386377,2,8,8,877,876.6,0.322,0
0.2142,0.0,0.3513,0.0173,0.3375,0.2718,0.4013,1.0,0.2978,3.0,0.0,0.0,0.0,0.0,1.0,2.0,2.0,2.0,0.46757557338931893,12.37057064921784,10.65036967163288,190.74079511440252,3,12,8,1149,998.9,0.468,0
0.2936,0.0,0.4,0.0496,0.3434,0.0767,0.0488,1.0,0.5823,4.0,0.0,0.0,0.0,0.0,0.0,1.0,2.0,2.0,0.307394205991013,11.439664997906199,11.445526928540842,228.55815849219152,4,16,8,1167,1016.6,0.307,0
0.1504,0.0,0.2441,0.0428,0.3077,0.2909,0.4677,1.0,0.5502,2.0,0.0,0.0,0.0,0.0,1.0,3.0,2.0,1.0,0.40407176390952676,14.141370501309733,19.394020944862117,232.92852597008454,2,8,8,1061,910.9,0.404,0
0.2984,0.0,0.3399,0.0258,0.2961,0.2982,0.2861,1.0,0.7479,2.0,0.0,0.0,0.0,1.0,0.0,1.0,1.0,2.0,0.32170112073457385,13.963238116236347,19.14970905777298,228.96763576386377,2,8,8,877,876.6,0.322,0
0.1978,0.0,0.2637,0.0345,0.3137,0.0912,0.3234,1.0,0.4502,3.0,0.0,0.0,0.0,0.0,0.0,3.0,2.0,1.0,0.40407176390952676,14.141370501309733,19.394020944862117,265.7375202200174,3,12,8,1079,928.6,0.404,0
0.2728,0.0,0.2562,0.0092,0.4318,0.4083,0.2157,0.3333,0.3433,3.0,1.0,1.0,1.0,0.0,0.0,1.0,2.0,1.0,0.4486200583440209,13.125965325049728,10.475798652989807,150.75834444704805,3,12,32,1429,1278.2,0.449,0
0.3119,0.0,0.3305,0.0577,0.3205,0.2907,0.2746,0.6667,0.4077,2.0,1.0,0.0,0.0,0.0,0.0,3.0,1.0,1.0,0.4634432996996112,11.631290498202976,10.116555601263702,233.01167773045242,2,8,16,949,948.6,0.463,0
0.2316,0.0,0.1616,0.0079,0.3326,0.5011,0.5874,1.0,0.5605,2.0,1.0,0.0,0.0,1.0,0.0,2.0,1.0,1.0,0.3997972264206223,14.162682943694758,10.205449085047121,134.40661753642968,2,8,16,985,984.6,0.4,0
0.1987,0.0,0.2285,0.0671,0.4272,0.2821,0.2906,0.6667,0.1735,3.0,1.0,1.0,0.0,1.0,1.0,1.0,2.0,2.0,0.5193575719944853,10.006641495488854,10.408800946193224,231.90287444056978,3,12,24,1523,1264.4,0.519,0
0.1979,0.0,0.4,0.0042,0.3615,0.552,0.4189,0.3333,0.3567,2.0,1.0,1.0,0.0,0.0,0.0,2.0,2.0,1.0,0.4847047512325445,11.444160194652925,10.099744315717908,106.91807886350843,2,8,24,1221,1070.1,0.485,0
0.2728,0.0,0.2562,0.0092,0.4318,0.4083,0.2157,0.3333,0.3433,3.0,1.0,1.0,1.0,0.0,0.0,1.0,2.0,1.0,0.4486200583440209,13.125965325049728,10.475798652989807,150.75834444704805,3,12,32,1429,1278.2,0.449,0
0.4531,0.0,0.1936,0.0058,0.3326,0.5011,0.3373,1.0,0.5593,2.0,1.0,0.0,0.0,1.0,0.0,2.0,1.0,2.0,0.4002871393432815,13.088224464873097,11.440752186666646,134.40661753642968,2,8,16,1093,984.6,0.4,0
0.1823,0.0,0.2376,0.0047,0.3609,0.5248,0.6981,0.6667,0.7737,2.0,0.0,1.0,0.0,1.0,1.0,1.0,1.0,2.0,0.31095885265897383,11.90373643164295,11.445526928540842,133.85982038119636,2,8,16,1069,1068.4,0.311,0
0.2914,0.0,0.3101,0.0051,0.3624,0.242,0.3294,0.6667,0.1833,3.0,1.0,0.0,0.0,1.0,0.0,2.0,2.0,2.0,0.5153077564359344,13.126120920328809,10.460583728896843,225.2460591605926,3,12,16,1331,1072.6,0.515,0
0.2677,0.0,0.337,0.1014,0.3615,0.3932,0.0949,0.3333,0.4762,2.0,1.0,1.0,0.0,0.0,0.0,1.0,2.0,2.0,0.4349303870797427,11.822385305374791,11.64409598308599,192.64690685361967,2,8,24,1329,1070.1,0.435,0
0.1515,0.0,0.337,0.0971,0.3615,0.3348,0.095,0.6667,0.4718,2.0,1.0,1.0,0.0,0.0,0.0,1.0,2.0,1.0,0.43675050754901634,11.414689137192141,11.620912168035941,224.2188627613737,2,8,24,1221,1070.1,0.437,0
0.362,0.0,0.2748,0.0031,0.2961,0.476,0.5304,1.0,0.7737,2.0,0.0,0.0,0.0,1.0,0.0,2.0,2.0,1.0,0.31095885265897383,11.90373643164295,14.625070557659994,132.93635897867134,2,8,8,1027,876.6,0.311,0
0.3088,0.0,0.2784,0.0082,0.3375,0.3481,0.0638,1.0,0.3291,3.0,0.0,0.0,0.0,0.0,1.0,2.0,2.0,2.0,0.45456018303014833,11.390885161035632,11.623799681963385,149.54633109673088,3,12,8,1149,998.9,0.455,0
0.2752,0.1667,0.3691,0.0036,0.284,0.4861,0.4947,1.0,0.6344,2.0,0.0,0.0,0.0,0.0,0.0,2.0,2.0,2.0,0.3689968456859206,14.268779550897923,10.364866284168196,108.73175915145022,2,8,8,991,840.6,0.369,0
0.1721,0.0,0.1809,0.0074,0.3372,0.484,0.4577,0.6667,0.6461,2.0,0.0,1.0,0.0,1.0,0.0,2.0,2.0,2.0,0.3641245055133708,11.29357719544449,16.4910878060322,143.65525250648648,2,8,16,1149,998.1,0.364,0
0.1295,0.0,0.3142,0.0595,0.3205,0.2799,0.1132,0.6667,0.4718,2.0,1.0,0.0,0.0,0.0,0.0,2.0,2.0,2.0,0.43675050754901634,11.551575375671995,11.620912168035941,238.8717509830249,2,8,16,1207,948.6,0.437,0
0.3433,0.0,0.2173,0.0047,0.3912,0.2437,0.3512,1.0,0.1726,3.0,1.0,1.0,0.0,0.0,0.0,2.0,2.0,2.0,0.5197643485756395,13.125485929208706,11.620654887391623,224.31841354873703,3,12,24,1417,1158.1,0.52,0
0.2378,0.0,0.4,0.0863,0.3845,0.0965,0.171,0.6667,0.5955,4.0,0.0,1.0,0.0,0.0,0.0,1.0,2.0,1.0,0.30188713105873843,11.417023511572934,11.539564537366052,242.44740238052722,4,16,16,1289,1138.1,0.302,0
0.2829,0.0,0.3672,0.0828,0.3205,0.2923,0.0183,0.6667,0.4938,2.0,1.0,0.0,0.0,0.0,0.0,2.0,2.0,2.0,0.42758512540822025,14.062113411687937,10.004087952374181,232.1760138824791,2,8,16,1207,948.6,0.428,0
0.1502,0.0,0.2461,0.0433,0.3077,0.2909,0.4674,1.0,0.5592,2.0,0.0,0.0,0.0,0.0,1.0,1.0,2.0,1.0,0.40034851642815167,14.141370501309733,19.59152964991724,232.92852597008454,2,8,8,1061,910.9,0.4,0
0.2409,0.1667,0.1623,0.0082,0.3205,0.2684,0.5023,0.6667,0.7878,2.0,1.0,0.0,0.0,0.0,0.0,1.0,1.0,2.0,0.305088089651213,11.259766727268548,10.437154635500278,245.06953966651537,2,8,16,1057,948.6,0.305,0
0.2968,0.0,0.2119,0.0036,0.3974,0.5051,0.6433,1.0,0.2871,2.0,1.0,1.0,0.0,1.0,1.0,2.0,2.0,1.0,0.5137044530848444,13.126094496373144,10.460583728896843,154.72707400819888,2,8,24,1327,1176.4,0.514,0
0.2785,0.0,0.3864,0.0253,0.3205,0.2824,0.5525,0.6667,0.4077,2.0,1.0,0.0,0.0,0.0,0.0,2.0,1.0,1.0,0.4634432996996112,11.631290498202976,20.19373488312614,237.51722091807403,2,8,16,949,948.6,0.463,0
0.3278,0.0,0.4,0.0672,0.3672,0.103,0.0,1.0,0.2163,4.0,0.0,0.0,0.0,0.0,1.0,1.0,2.0,1.0,0.4598681141846494,11.317227378623741,18.233958482955256,238.94164689451316,4,16,8,1237,1086.9,0.46,0
0.2788,0.0,0.2815,0.0205,0.3326,0.4783,0.5923,0.6667,0.5656,2.0,1.0,0.0,0.0,1.0,0.0,2.0,1.0,2.0,0.39767863119413177,12.37057064921784,10.654072022615079,146.72576583337695,2,8,16,1093,984.6,0.398,0
