norm_F1_safeguarding,norm_F2_privacy_agency,norm_F3_everyday_life,norm_F4_service_separation,norm_F5_site_efficiency,norm_F6_adaptability,norm_F7_domestic_scale,norm_F8_community_connection,norm_F9_landscape_buffer
0.5938786800017453,0.0,1.0,0.0014576109333137002,0.0,0.31540555993520286,0.6671755270627044,1.0,0.357917563509988
0.5575856803833009,1.0,0.930267405430071,0.0027845219239330385,0.6651764482069819,0.6633051881586406,0.6530666744472527,0.0,0.7262344581102927
0.5934200228590504,1.0,0.1090482755913063,0.06609720947042098,0.3391990868448587,0.641055101409739,0.0,1.0,0.7262345396327514
0.5929020629894501,1.0,0.7766792391672296,0.06627272436520523,0.0,0.30910757197743643,0.0,1.0,0.7262345396327514
0.357220110704208,1.0,0.468395723399091,0.0748732963606368,0.43403405307714277,0.9394882773157036,0.8201632927847685,0.33333333333333337,0.8250199338478216
0.3671488688831183,1.0,0.039891359247190915,0.1161793564716801,0.20545990678207937,0.5622782562942581,0.7320666197807653,0.6666666666666667,0.7271535562268677
0.5081480294791848,1.0,1.0,0.0,0.36488157519261843,0.6249548026658273,0.8408411230777906,0.6666666666666667,0.7262510263074281
0.6549883360844284,0.0,1.0,0.556175922420857,0.1674117758965092,0.3459008838902035,0.48237505767001726,1.0,0.17881528366915123
0.3464238181724815,1.0,0.8363116155912023,0.003814489606613668,0.6651764482069819,1.0,0.4552083909007717,0.0,0.7962436238386146
0.012107684995819597,0.0,0.9383841292507159,0.10451078446062388,0.2739465423761057,0.5974081857759901,0.0,0.6666666666666667,0.7290215818889018
0.557317896253467,0.0,0.20290032871589458,0.5623013981982113,0.20545990678207937,0.5624321045504519,0.0,1.0,0.645012827613119
0.29431595104483327,1.0,0.3554580969647448,0.02261885126666997,0.3391990868448587,0.6033039828946409,0.9898501266853323,0.6666666666666667,0.7361398655812863
0.21305584057170754,0.0,0.5931616226046644,0.05319497836626893,0.8674022638637876,0.8234657649715413,0.0,0.0,0.7262346979690418
0.9002919391005715,0.0,0.1542784715493125,0.27753684278654417,0.43660230191191846,0.46364107604822236,0.512222947438959,0.6666666666666667,0.6760488488485998
0.07713876631699709,0.0,0.7912695669843414,0.062410332338768915,0.06848663559402636,0.6838709566197783,0.19382946673205756,1.0,0.32615630041549415
0.33285006070891715,1.0,0.6639085521805813,0.013658802118871083,0.3391990868448587,0.6033039828946409,0.6823892139550604,0.6666666666666667,0.7361398655812863
0.40287501983075014,0.0,0.9701015430009557,0.11665571302616985,0.2739465423761057,0.7260437544974816,0.05006342732413088,0.6666666666666667,0.4505705827750436
0.3525286429945591,0.0,0.7909918010871924,0.0037630465904221725,0.5050889375059449,0.9889952721518559,0.4532984751292146,0.33333333333333337,0.7962436238386146
0.25035699437782993,0.0,0.8223096599941015,0.055115630931202884,0.8674022638637876,0.82244773573759,0.0,0.0,0.4425073202998267
0.37897247319553196,0.0,0.9395961422410009,0.0030902681898393224,0.40768572243888507,0.4708665156636313,0.5136431787645975,0.6666666666666667,0.46452853305662334
0.1846635088714205,0.0,0.8307053149669988,0.04269796843648525,0.4333682107866451,0.9694022549321445,0.08876007917189635,0.6666666666666667,0.771834440758007
0.11732874578058293,0.0,0.7075049963706895,0.10888846136631357,0.5703414819746978,0.6496911461577939,0.19878555278591806,0.33333333333333337,0.3741794025587591
0.7890645656193503,0.0,0.2522625954662716,0.12614076169787022,0.43660230191191846,0.7535952970810086,0.7749474196399977,0.6666666666666667,0.2613264089603897
0.8685070796663277,0.0,0.24353027735133062,0.2976501754158945,0.43660230191191846,0.7503324461136535,0.4637094303030253,0.6666666666666667,0.25275225683198177
0.06767385188851677,1.0,0.8502582158169683,0.04390141550910115,0.13373918006277966,0.38428021334623563,0.041717614576143675,1.0,0.7262970871145715
0.16322580436164758,0.0,0.8922807176669533,0.081815927048607,0.5050889375059449,0.7670967382387306,0.0,0.6666666666666667,0.7262449457469894
0.5511256667396476,0.0,1.0,0.41070971029623465,0.1674117758965092,0.3495594827216772,0.5377165410643185,1.0,0.5575394545172216
0.3454552069092861,0.0,0.5804935273264312,0.08790161577655567,0.3391990868448587,0.4750909239930276,0.3834932067743299,1.0,0.381674792185308
0.6549883360844284,0.0,1.0,0.556175922420857,0.1674117758965092,0.3459008838902035,0.48237505767001726,1.0,0.17881528366915123
0.1354359342349556,0.0,0.630209786667943,0.061209746934846765,0.29962903072386576,0.9127494268030656,0.0988308494808842,0.6666666666666667,0.7403865477397874
0.7422499501615771,0.0,0.6865632861989097,0.5543255879917571,0.0,0.5184551228860416,0.0,1.0,0.30393020185332065
0.26912269422636725,1.0,0.13478220973018895,0.02261885126666997,0.43660230191191846,0.6001430138549774,0.9898501266853323,0.33333333333333337,0.7361398655812863
0.4484436952338395,0.0,0.3929782089705751,0.4945417921091043,0.20545990678207937,0.5796318013827948,0.329847674350722,1.0,0.6826543727013911
0.3158102537128818,0.0,0.7870096227724062,0.10371382789718397,0.20545990678207937,0.4958288498789138,0.11590547566547833,0.6666666666666667,0.3951118158092325
0.2358650987075159,0.0,0.34381944993659225,0.1726153525054962,0.20545990678207937,0.6076544624833199,0.8889710325808534,1.0,0.6570763854761263
0.3527058997346567,0.0,0.796544626791197,0.0031406592513865184,0.5050889375059449,0.9889952721518559,0.45266622755876784,0.6666666666666667,0.7959927984623867
0.38424373893515285,0.0,0.7351076025877978,0.036366597552066206,0.22857414629506342,0.5730094608785115,0.15717711938041312,0.6666666666666667,0.6885595658707065
0.07713876631699709,0.0,0.7912695669843414,0.062410332338768915,0.06848663559402636,0.6838709566197783,0.19382946673205756,1.0,0.32615630041549415
0.6195124313927779,0.0,1.0,0.3083527836045767,0.1674117758965092,0.32548899063869524,0.38764211594410997,1.0,0.5983647894409986
0.5703364914273605,0.0,0.23465515805172507,0.47182834371304405,0.20545990678207937,0.7103850797550092,0.0,1.0,0.6356395781333724
0.18530814737181814,0.0,0.8485026838803202,0.04243806949774588,0.20222581565680603,0.9317540573330524,0.08876007917189635,1.0,0.7718484378493079
0.20130588398719934,1.0,0.9296126593298365,0.08560414665095761,0.5703414819746978,0.7655454609729383,0.0,0.33333333333333337,0.7262346979690418
0.5903871316201599,0.0,0.3899284151247148,0.527543522272333,0.20545990678207937,0.5754520482942361,0.28439393699085014,1.0,0.30155540639210676
0.7377758291039284,0.0,0.5468829623240836,0.12106837688537368,0.5703414819746978,0.6388099559733175,0.2047802872422272,1.0,0.36154690236958736
0.23123779549349702,0.0,0.5270333310612763,0.08181583401142196,0.43660230191191846,0.445291710975208,0.7415289662277905,0.33333333333333337,0.31876445960460653
0.5675914760954285,0.0,0.5206308047699583,0.34987614667347955,0.43660230191191846,0.45997360231889367,0.0,1.0,0.6541753468631714
0.5101481326675883,1.0,1.0,0.05331307043617169,0.0,0.30910757197743643,0.41864688200517236,1.0,0.7263777086134722
0.12888019102226653,0.0,0.643411855482257,0.0690896306429382,0.6362598687339485,0.6648786041085347,0.0,0.33333333333333337,0.729011334110954
0.29230167737992896,1.0,0.06510920374254536,0.20300361932481492,0.43660230191191846,0.6008455900773628,0.6599296623419248,0.33333333333333337,0.7301910902296348
0.5063526064814644,1.0,0.23285647529276945,0.33194356594871305,0.20545990678207937,0.6923041266363024,0.48831320988714566,1.0,0.7085110883979174
0.8433686731895961,0.0,0.5280072322162448,0.14128206266095003,0.5703414819746978,0.6633009102691324,0.21649841008585982,1.0,0.36154690236958736
0.3032836478371463,1.0,0.8023935212955153,0.011510942924412017,0.0,0.8541694365779168,0.0,1.0,0.7261660017609611
0.4383431198172539,1.0,0.4927763111386945,0.04674047213275314,0.23114239512983942,0.866682263687412,0.0,0.6666666666666667,0.7268487628971851
0.09720841201675007,0.0,0.7478986132490577,0.11790437194751456,0.20545990678207937,0.6136386827592588,0.017763317861367676,0.6666666666666667,0.39212314762225947
0.8536440478878853,0.0,1.0,0.3169072011711971,0.06848663559402636,0.3666256516427158,0.373687113757183,1.0,0.7262345396327514
0.4748042591471888,0.0,0.78810762949627,0.2202898060605821,0.43660230191191846,0.41982776277970424,0.35506241693430524,0.6666666666666667,0.2807952229485966
0.6307180883994821,0.0,0.2104509910034405,0.28160825409315077,0.20545990678207937,0.5754520482942361,0.3583007837711928,0.6666666666666667,0.30916831702413045
0.05126339775617274,0.0,0.6493581138414307,0.10883834198777602,0.20545990678207937,0.5798306347672694,0.14117161040824777,0.6666666666666667,0.3741794025587591
0.1311918643987388,0.0,0.86972370299326,0.06165512604926456,0.29962903072386576,0.9127494268030656,0.10151043025501849,0.6666666666666667,0.7403865477397874
0.8248237520914745,0.0,0.2089246362806499,0.2921300257705527,0.20545990678207937,0.6109505326653699,0.5267656692871853,1.0,0.6772269169987319
0.32121114637636417,1.0,0.07849157387678193,0.1325311332862082,0.20545990678207937,0.5622629351984153,0.8144797830815146,0.6666666666666667,0.7025662044502468
0.8788166950754909,0.0,0.18093578907835606,0.31939181430167846,0.5050889375059449,0.5012892736473142,0.49122832410329603,1.0,0.676184698043284
0.3898311831076141,0.0,0.2892033244907636,0.38306362980528336,0.5703414819746978,0.7913134970141004,0.36338317092280364,1.0,0.6280629561166811
0.47499414493914605,0.0,1.0,0.3856467157369466,0.0,0.5066907270273078,0.35487765972687446,1.0,0.2807952229485966
0.28800642812775784,0.0,0.6374285905893131,0.05336344567520699,0.6388281175687242,0.7969189589721818,0.0,0.33333333333333337,0.7262346979690418
0.4622793268973008,0.0,1.0,0.41070971029623465,0.0,0.5221137217175152,0.3313588325948012,1.0,0.6826543727013911
0.5561588380389032,1.0,0.2284689710661884,0.5610048948971451,0.20545990678207937,0.5832334189209609,0.0,1.0,0.7412654605303228
0.5237738878349912,1.0,0.454359604303138,0.33840961910869954,0.43660230191191846,0.6024237772660885,0.22551931262539324,0.6666666666666667,0.7304459980463863
0.29501167577619686,0.0,0.4131618514204575,0.09896200785640585,0.5050889375059449,0.6353073578177438,0.8467242459489812,0.33333333333333337,0.7257038204414509
0.28144584527335276,0.0,0.65892529909481,0.02807990958578987,0.29962903072386576,0.7246255228512727,0.1624613580397269,0.6666666666666667,0.2938287940715127
0.45714979376418435,1.0,1.0,0.0015164806476158383,0.23114239512983942,0.9024457337744826,0.6815758559813055,0.6666666666666667,0.7267455200175439
0.18088249899177533,0.0,0.6821143999151534,0.06574032643294385,0.5050889375059449,0.7675336179510938,0.01836279164845037,0.33333333333333337,0.32615630041549415
0.6704496066961739,0.0,0.32909414106680646,0.1540677220972902,0.3391990868448587,0.4350020258075252,0.0,1.0,0.26495214171746767
0.2258464412195846,0.0,0.9516965625852697,0.0488070597229199,0.06848663559402636,0.492854806960777,0.017876721135850312,1.0,0.7718484378493079
0.534716164203241,0.0,0.2921265380992635,0.25126100748508345,0.43660230191191846,0.7522910414217199,0.0,0.6666666666666667,0.26074630890630074
0.2354396511658107,0.0,0.37013088217712337,0.16803215828207974,0.20545990678207937,0.5903562359978588,0.8889710325808534,0.6666666666666667,0.6570763854761263
0.33809830418558895,0.0,0.11993602353892312,0.06798078468534496,0.43660230191191846,0.6007573223762344,0.928624107644361,0.33333333333333337,0.6240230075819637
0.5575851187336512,1.0,1.0,0.0027920305172657437,0.6651764482069819,0.6609255264677407,0.6530605706904155,0.0,0.7262344581102927
0.4445066757024636,1.0,0.9885878084295866,0.003003132525053758,0.20545990678207937,0.8869412646506691,0.7032083090684051,0.6666666666666667,0.8052049163681906
0.24161103021466257,1.0,0.9185869130665119,0.07860920116538636,0.0,0.8282215139355495,0.0,1.0,0.771834440758007
0.425238935565261,0.0,1.0,0.003109200300966669,0.13373918006277966,0.3872038543323161,0.4483651421680321,1.0,0.26500181913157445
0.42780399356174365,0.0,0.7800007627016413,0.03712979122553184,0.2739465423761057,0.7260437544974816,0.053113391923468437,0.6666666666666667,0.4505705827750436
0.4809068271771162,0.0,1.0,0.3658197454267297,0.06848663559402636,0.5545477021547053,0.42533099568731564,1.0,0.6148636012320202
0.24938642814904427,0.0,1.0,0.06699067837442316,0.3391990868448587,0.7240844739101988,0.0,0.6666666666666667,0.42878934957055476
0.4216950069134483,0.0,0.8871039632803348,0.0020285021839294487,0.5703414819746978,0.5047989075547786,0.714871292795883,0.33333333333333337,0.39190851167222557
0.6165799229066643,0.0,0.3090307540267965,0.2906062058685755,0.3391990868448587,0.634821007372211,0.3405403705617782,1.0,0.30155540639210676
0.602420869427152,0.0,0.2749700308100656,0.2982919463237099,0.20545990678207937,0.5617218590335317,0.31518841996213,1.0,0.30817494392521466
0.5440409266620894,0.0,0.30065916133944665,0.2673027917563982,0.20545990678207937,0.5058548712547642,0.2681176977664432,1.0,0.5703673558937846
0.39203333823388364,0.0,0.28530372636381873,0.37489867771269086,0.40768572243888507,0.6388908356431264,0.47059088523022685,1.0,0.7262145540415628
0.8713283693039773,0.0,0.24335115547926406,0.29922591768588885,0.43660230191191846,0.7503092041763509,0.46220580849316156,0.6666666666666667,0.26074630890630074
0.2688584208582006,1.0,1.0,0.10402696677172175,0.0,0.5388475744917136,0.04797597851420886,1.0,0.8100756699297139
0.48986961498038956,0.0,0.46285193351551807,0.10885839612062434,0.6651764482069819,0.6570685351184054,0.09503636225509716,0.0,0.40022215095252356
0.5995377798654695,0.0,1.0,0.008888935694385338,0.20545990678207937,0.420063175839388,0.7769910956741162,0.6666666666666667,0.4023423977123377
0.3861361670789822,0.0,0.0,0.08555310556459393,0.5050889375059449,0.8291773259649076,0.8104820598614132,0.33333333333333337,0.3772935595513583
0.5267016523174518,0.0,0.4905532452593333,0.035086388962361034,0.3391990868448587,0.646123294100691,1.0,0.6666666666666667,0.33784159146571074
0.5189614972042024,0.0,1.0,0.9885943006135748,0.3348235517930181,0.397250843033976,0.0,1.0,0.14819430893789767
0.06634357866784611,0.0,0.9822766489428262,0.49371916356130385,0.30115095595928854,0.42089121531907836,0.4213757510305845,1.0,0.7457231815798411
0.517364240981806,0.0,1.0,0.9203221308126467,0.3348235517930181,0.0,0.0,1.0,0.5600510973122044
0.33841068938310015,0.0,0.1907917700014659,0.13636962905452335,0.7336630838010082,0.8810642328091258,0.5490695580947812,0.0,0.3738273440995753
0.26260783679651184,1.0,0.9210487198012182,0.45152988962750795,0.13373918006277966,0.6154648077610837,0.0,1.0,0.9997600406856674
0.5943807223890389,0.0,1.0,0.5962066098835745,0.3348235517930181,0.397250843033976,0.0,1.0,0.0
0.8555965977040235,0.0,1.0,0.020826043993247324,0.23114239512983942,0.6465158498502427,0.3856536272271303,0.6666666666666667,0.37381559126779623
0.4449834917228252,1.0,0.3762641389927352,0.11773503605862853,0.23114239512983942,0.3697778430900423,0.24089789203657574,0.6666666666666667,0.8102809336805433
0.3407665198911135,0.0,0.7126173405659256,0.32360912560701927,0.9736516693617423,0.4647910211095429,0.35963426545850125,0.6666666666666667,0.01614683036798128
0.7261840258651147,0.0,1.0,0.022278778023144975,0.0,0.35560766105670205,0.8848381151380761,1.0,0.28867408038152037
0.4372582113997025,0.0,0.5669126187281075,0.13056250964175192,0.8674022638637876,0.7528475895603322,0.0,0.0,0.9416466605047928
0.27683931508440174,0.0,1.0,0.13953378250056528,0.5066108627413676,0.6647757397261111,0.6770123650124318,0.6666666666666667,0.19957760738150007
0.5941174642572912,0.0,0.19977800375839772,0.03624783860270688,0.5025206886711692,0.8385748688628131,0.8606556459476118,0.33333333333333337,0.3727670448653336
0.41549159060243024,0.0,0.9315749807597903,0.8580147671602517,0.6087700941691239,0.1402416924370245,0.0,0.6666666666666667,0.5959131995318775
0.4390066384379576,0.0,0.09222284482966597,0.10365816821682787,0.3391990868448587,0.7927704415834882,0.5430848202248574,0.6666666666666667,0.41370965816706695
0.2655619131772609,0.0,0.8778971445621863,0.30252547508220784,0.3348235517930181,0.04417469185309645,0.5596726762629054,1.0,0.10420754267168601
0.3580459105529319,0.0,0.7474420404183988,0.14793391320271287,0.8062398934652334,0.728611475153286,0.19966021840946566,0.6666666666666667,0.16213483687504476
0.2179336202038291,0.0,0.9447288394508421,0.5664328523440053,0.1674117758965092,0.35022136914914676,0.24561350298837542,1.0,0.6614140705200846
0.3887943262987758,1.0,0.5058990257159016,0.10889652162788598,0.43660230191191846,0.5725322242312954,0.0071047050355653426,0.33333333333333337,0.8519964192820213
0.7977356177449656,0.0,0.9807518234287993,0.01676322238227969,0.5050889375059449,0.4568308367784808,0.37716939975534297,0.6666666666666667,0.2963083034241363
0.1514641269018657,0.0,0.6054635380535563,0.19985962242541766,0.2739465423761057,0.6222072373441148,0.49207281735969655,0.6666666666666667,0.9263812741086696
0.46033074232014537,0.0,0.8461118270308946,0.7458049515216425,0.0,0.5440007653441453,0.0,1.0,0.33434967481723066
0.543250791492459,0.0,0.6410899110248727,0.9746734423247376,0.5402834585750975,0.46054886468581635,0.0,1.0,0.14819430893789767
0.3407665198911135,0.0,0.7126173405659256,0.32360912560701927,0.9736516693617423,0.4647910211095429,0.35963426545850125,0.6666666666666667,0.01614683036798128
0.8309132587945446,0.0,0.4304607030053904,0.022670946857508544,0.0,0.5440007653441453,0.734662374942591,1.0,0.33434967481723066
0.6076912508277295,0.0,0.20131417395947915,0.03843477931759405,0.29706078188908974,0.8009266712637212,0.8880333719523335,0.6666666666666667,0.3139654746189351
0.5791816092311636,0.0,0.19027965537869593,0.037921316331155384,0.06848663559402636,0.7657323793231112,0.9893119250381665,1.0,0.7626260179854744
0.6575569169963646,0.0,0.29738547687009975,0.032473635565667666,0.36963759155331494,0.41362111464622436,0.8254832664554577,1.0,0.6167919106754919
0.24753494773407736,0.0,0.786806237020566,0.5231723741643313,0.7714258537049365,0.3804403344139028,0.3888110527040703,0.33333333333333337,0.7495302043173284
0.6258179156285062,0.0,0.6529563978423278,0.12252081186196617,0.3728716826785883,0.22210266163137687,0.03352142645780643,0.6666666666666667,0.8266088435432225
0.38881340843833834,0.0,0.003986937004233792,0.08620406387974813,0.2739465423761057,0.7918559210364271,0.7816892978714215,0.6666666666666667,0.2683187267964897
0.7669508246636645,0.0,0.7098402247820961,0.42338084592853015,0.6740226386378768,0.1530809660330415,0.0,0.6666666666666667,0.7470365088268587
0.46898059487176186,0.0,0.7674293540200017,0.11131979203366461,0.06848663559402636,0.7455146646335923,0.0,1.0,0.4701835657746749
0.09593362792949169,0.0,0.7433266035209407,0.6683918545301707,0.06848663559402636,0.7464561632297106,0.1660134404919534,1.0,0.2872497550592143
0.4943066929660514,0.0,1.0,0.7241776440065313,0.5659659469228572,0.08348293575525477,0.0,0.6666666666666667,0.5477291555665129
0.4963973928824605,0.0,0.2084356794490196,0.03140155047525779,0.2739465423761057,0.7835877758248228,0.6293522706225273,0.6666666666666667,0.8967380677183419
0.40969547322348243,0.0,0.8117703705010059,0.4268658597398445,0.6344525825168839,0.5052353299366914,0.23570523051490674,1.0,0.04175461507053136
0.3587035539488605,0.0,0.7976458052040662,0.5599331151036853,0.8399124892989629,0.5583289419354106,0.3105066601767517,0.6666666666666667,0.041943113997302536
0.5143051936041109,1.0,0.1107973395591444,0.0602391028163184,0.20545990678207937,0.6343247934911647,0.8631861131075598,0.6666666666666667,0.7750362687413814
0.20604411655649457,0.0,0.6345015187287001,0.2563866615857485,0.3985541710263483,0.5943552841123944,0.39669903754076263,0.6666666666666667,0.7473397363811018
0.3459667075642373,0.0,0.5945278668884377,0.11961348683850967,0.4033101873870445,0.2332387468513335,0.43238236339400354,1.0,0.4951679350946687
0.11830393167886472,0.0,0.9542348321127109,0.692597260359921,0.1674117758965092,0.17690881307104875,0.3182132232840493,1.0,0.6785023786429131
0.35300892054269284,0.0,0.5341922850617904,0.4670234089952672,0.3348235517930181,0.05102839400390234,0.4473342053675055,1.0,0.5980054885963609
0.1220609451526593,0.0,0.8560122427713039,0.692597260359921,0.23589841149053556,0.25391408759317313,0.3181729564824911,1.0,0.20052219053516931
0.5955031999377043,0.0,0.15892738320115954,0.03441177967775976,0.06848663559402636,0.5927978422783575,0.9450640150550201,1.0,0.7626260179854744
0.5126769892131482,0.0,0.9364054055006261,0.020811736178999368,0.20545990678207937,0.42992037809270517,0.9311018153251532,0.6666666666666667,0.4121167604000612
0.4886681478826699,1.0,0.28857947098825903,0.09572123502792186,0.0,0.7076474467499426,0.7863608277996083,1.0,0.8119275307630848
0.5599243711773789,0.0,0.47330263816597745,0.03136796276249157,0.4333682107866451,0.8093315911668202,0.7629425522360848,0.6666666666666667,0.3354375349754725
0.5941174642572912,0.0,0.19977800375839772,0.03624783860270688,0.5025206886711692,0.8385748688628131,0.8606556459476118,0.33333333333333337,0.3727670448653336
0.6753903776711281,0.0,0.586675640744367,0.10896898583159202,0.36963759155331494,0.2700829190926335,0.2627410891941034,1.0,0.6648311573332991
0.29212704178139776,0.0,0.7957466051335372,0.39009440510936494,0.1674117758965092,0.5397766659233854,0.1534931964282395,1.0,0.7447084280630188
0.4189568460938456,0.0,0.6622303924493124,0.476767261569067,0.5659659469228572,0.1075244615693475,0.28571978192312514,0.6666666666666667,0.140733284759371
0.35699704846013736,0.0,0.6057096829477978,0.20580544658572522,0.6040140778084276,0.49699325966477353,0.7044420154102508,0.6666666666666667,0.18097822440209774
0.5957309825476078,0.0,0.16424238559205404,0.03751317440063433,0.06848663559402636,0.7526258274031654,0.9378356954048324,1.0,0.3139654746189351
0.19921404457525757,0.0,0.3007197458538607,0.14759658077742338,0.6388281175687242,0.8627274141247272,0.1557733112790133,0.33333333333333337,0.31669939111687734
0.4746136003398034,0.0,0.8758193149825753,0.23495630391532818,0.4033101873870445,0.27802346345975454,0.46096390903869366,1.0,0.06146026037726176
0.36930389858353463,0.0,0.40217183705038484,0.12906686709289739,0.40768572243888507,0.4809929664841256,0.7310322403014118,0.6666666666666667,0.26490690260583866
0.40788846327119366,0.0,0.8579683610585042,0.24903740815772918,0.1674117758965092,0.20900343576567004,0.10585055508712214,1.0,0.710377876541017
0.28042032472357314,0.0,0.7378904842403593,0.6317673234397795,0.3348235517930181,0.008186540557070748,0.5258761378187569,1.0,0.599044169908419
0.4727830581171738,0.0,0.5940903130788661,0.6043590915374899,0.6087700941691239,0.404252474830047,0.0,1.0,0.5248064323730425
0.28455994848045146,0.0,0.8382944338407415,0.5903333544131415,0.6725007134024541,0.6918291350409927,0.33743072649795336,0.6666666666666667,0.18097822440209774
0.2564188907710617,0.0,0.8379353811870994,0.5020842405493828,0.5659659469228572,0.3176933384154161,0.36221785607043755,1.0,0.5889593205345168
0.25592156420054557,0.0,0.3579535314631281,0.15632445655747784,0.575097498335394,0.5426916354461504,0.22623009141130804,0.6666666666666667,0.23889992823543116
0.7518053895588462,0.0,0.562825606787532,0.4486290970255803,0.5402834585750975,0.3086995303498207,0.11798711107084857,1.0,0.0852076986071337
0.4720179116830443,0.0,0.4730621847279836,0.12195667970661092,0.46856273185579744,0.47248705861575574,0.48981554736255856,1.0,0.048829286736398525
0.3382518891024909,0.0,0.18147539779828648,0.13949246378271135,0.0,0.7021941169041875,0.6068074625025514,1.0,0.39255532353438566
0.3074400805519401,0.0,0.8880221078791989,0.5396242263025689,0.3728716826785883,0.21722538699019306,0.4231584826771306,0.6666666666666667,0.7214640544200691
0.7144132729343982,1.0,0.40089879457078037,0.05795267387425487,0.0,0.6958685101809536,0.7674074297645546,1.0,0.8036172968270826
0.3378050954463319,0.0,0.23763045256752932,0.10248363977398728,0.29962903072386576,0.6731538106577694,0.5490695685350915,0.6666666666666667,0.3804876125291608
0.6322106968549256,0.0,0.41319139442586267,0.07082604348168939,0.3728716826785883,0.4094444211438303,0.6428679963836761,0.6666666666666667,0.14172009017220158
0.12945535158152455,0.0,0.6605975815593089,0.24372487417760533,0.46704080662037467,0.6511639467832299,0.35738699501195087,0.6666666666666667,0.20728922333305277
0.6712215661684944,0.0,0.5694409611227297,0.37910529629016476,0.5402834585750975,0.3086995303498207,0.1005460023563506,1.0,0.08411983844889168
0.0867188271865314,0.0,0.7846721983497718,0.3396135682839902,0.3728716826785883,0.25864854142685684,0.45288277094409696,0.6666666666666667,0.7892872690292724
0.3375866747213202,0.0,0.6857937122145638,0.21672622694090043,0.6997051269856366,0.16466209077597607,0.33888550422598435,1.0,0.031168474808858725
0.4192475499512467,0.0,0.3407166471256816,0.38175645101699146,0.3728716826785883,0.4411069185515556,0.1868620362851876,0.6666666666666667,0.2298437494519026
0.3375866747213202,0.0,0.6857937122145638,0.21672622694090043,0.6997051269856366,0.16466209077597607,0.33888550422598435,1.0,0.031168474808858725
0.39281499633531186,0.0,0.7331628636648653,0.13123876764139403,0.5050889375059449,0.6975124764410435,0.0,0.33333333333333337,0.9416466605047928
0.5087648670374975,0.0,0.7832581442663387,0.5395085090205685,0.3348235517930181,0.07132349481495391,0.21873314317742537,1.0,0.7495302043173284
0.6159549748892619,0.0,0.7644187571206477,0.17025384356530404,0.5322933510891277,0.4923981540706968,0.04710442517186053,0.6666666666666667,0.1873262144679011
0.45658403024691646,0.0,0.39200234224354746,0.0602391028163184,0.2739465423761057,0.6803392572233882,0.8631861131075598,0.6666666666666667,0.2962574695307917
0.4668159293777558,0.0,0.7030625833976573,0.11921642663108366,0.6040140778084276,0.6494469452191505,0.08214000679160328,0.33333333333333337,0.16213483687504476
0.517364240981806,0.0,1.0,0.9203221308126467,0.3348235517930181,0.0,0.0,1.0,0.5600510973122044
0.11830393167886472,0.0,0.9542348321127109,0.692597260359921,0.1674117758965092,0.17690881307104875,0.3182132232840493,1.0,0.6785023786429131
0.3490177835914708,0.0,0.6333597960716287,0.2839722290313599,0.8399124892989629,0.5920252098483197,0.3454800814368074,0.33333333333333337,0.6237081751038146
0.39166759595331263,0.0,0.32402993656129325,0.3527254503655936,0.3728716826785883,0.43709866276528686,0.2538457727856608,0.6666666666666667,0.23824795574842092
0.7402773845337545,0.0,1.0,0.023030925401099682,0.0,0.35477232204560505,0.9380632175299066,1.0,0.35443737904002487
0.2943841931246198,0.0,0.5816791029374276,0.4714829827456937,0.3348235517930181,0.1517896302584585,0.5035323946797066,1.0,0.0006664865776365559
0.19062905193225388,0.0,0.7881715071908902,0.48388648463034545,0.5402834585750975,0.2305235194805382,0.3440401767298921,1.0,0.5891914871776283
0.3212621003712797,1.0,1.0,0.13432947184345126,0.0,0.6257502060793331,0.20394974913419145,1.0,0.7001256227138157
0.030868095403126607,0.0,1.0,0.09506422467740831,0.13373918006277966,0.817740886603432,0.5869508407628163,1.0,0.38982642901806863
0.443239054866793,1.0,1.0,0.0035188248686302583,0.20545990678207937,0.636568880860807,0.0,0.6666666666666667,0.9287959501228849
0.2409294113527798,0.0,0.09491393881818157,0.1110619148283769,0.3728716826785883,0.4745694616181357,0.5760200774836458,1.0,0.5106926439280256
0.5515710347735151,0.0,0.6899153499567715,0.23898408767882975,0.6087700941691239,0.18551074280662327,0.009281875208330266,1.0,0.04969727238022699
0.48295397917748517,0.0,1.0,0.3847520217595337,0.3348235517930181,0.05424743402484494,0.017603166660680555,1.0,0.7404014574059518
0.48905469057647394,0.0,0.8219072702443421,0.5526427851483325,1.0,0.494471153093316,0.3039471121535034,0.33333333333333337,0.21371801692662373
0.1932548223455614,1.0,0.5078322904419834,0.057587946860317145,0.20545990678207937,0.8070825011037723,0.4852612959838728,1.0,0.9998740168804451
0.48905469057647394,0.0,0.8219072702443421,0.5526427851483325,1.0,0.494471153093316,0.3039471121535034,0.33333333333333337,0.21371801692662373
0.7259856192859743,0.0,0.9118771466036321,0.10657392933690663,0.43660230191191846,0.8694260897189422,0.0,0.6666666666666667,0.6749044490260578
0.25212732671945254,0.0,0.6859523796738907,1.0,0.5402834585750975,0.1284432759720338,0.5632938900675852,1.0,0.7399305644680794
0.7229923248621182,0.0,0.6955286911279874,0.10852416596381265,0.5050889375059449,0.9032502486126183,0.0,0.6666666666666667,0.4808544045164459
0.2711110557433319,0.0,1.0,0.4499979953770519,0.1674117758965092,0.1634076830086617,0.6364884896072699,1.0,0.2659071978460887
0.5515710347735151,0.0,0.6899153499567715,0.23898408767882975,0.6087700941691239,0.18551074280662327,0.009281875208330266,1.0,0.04969727238022699
0.21010182896035845,0.0,0.7934494853391312,0.08895445602369334,0.6271283173214117,0.7018329809400403,0.43522734591382684,0.33333333333333337,0.30766405635395233
0.7059182930328708,0.0,0.9567667028406763,0.1745776557631156,0.3391990868448587,0.7690456778967849,0.0,0.6666666666666667,0.4155201633284094
0.6105093437122837,0.0,0.5948211900868122,0.28194438142535205,0.5402834585750975,0.12276374680813655,0.0,1.0,0.12096500469381313
0.24768764848604372,0.0,0.3255156663838108,0.8841301095383901,0.5066108627413676,0.5663499006594337,0.4590011614596329,0.6666666666666667,0.5956592283248108
0.25212732671945254,0.0,0.6859523796738907,1.0,0.5402834585750975,0.1284432759720338,0.5632938900675852,1.0,0.7399305644680794
0.21685261939501735,0.0,1.0,0.4927875030977151,0.06848663559402636,0.4068991746314673,0.6867707369178112,1.0,0.3910219443937355
0.3370320315352261,0.0,0.9193969398696474,0.02716971288026091,0.29962903072386576,0.7893834892600701,0.2015434801932229,0.6666666666666667,0.49031038376556746
0.46573594765254545,0.0,0.5675006360442649,0.40400531521303124,0.737753257871207,0.5749186047583925,0.007779542716757427,0.33333333333333337,0.36321028941551514
0.3096371723801786,0.0,0.21853178910280663,0.7988312586832763,0.5066108627413676,0.45692478283605303,0.7503615575718876,1.0,0.26517161059301997
0.5356063889393051,0.0,0.4557070673379216,0.853242625150845,0.0,0.6134112978856807,0.36248931233962983,1.0,0.4866595657050749
0.15968367597338307,0.0,0.9076162448668058,0.01450011173601042,0.40768572243888507,0.8970393260518151,0.5052261474969306,1.0,0.9981694379958095
0.2497095977334234,0.0,0.5927883862576431,0.033818477014943914,0.46704080662037467,0.3194972120334565,0.1390450218126476,0.6666666666666667,0.3082582865213319
0.43683289933779734,0.0,0.3325362117719652,0.2857367686107229,0.6040140778084276,0.48380858212960626,0.2828033917856828,1.0,0.7677020049636009
0.22394153663924826,1.0,1.0,0.3234707223591097,0.0,0.36655745903232145,0.3483552215417344,1.0,0.920055792710638
0.40350929430642807,0.0,1.0,0.3911328215296056,0.06848663559402636,0.41229087770461176,0.07343833305846001,1.0,0.7841517139161398
0.48295397917748517,0.0,1.0,0.3847520217595337,0.3348235517930181,0.05424743402484494,0.017603166660680555,1.0,0.7404014574059518
0.4945578511450217,0.0,1.0,0.6296841763909479,0.5659659469228572,0.37157179078171576,0.03811379659710136,0.6666666666666667,0.1650429444121635
0.23174972040512937,0.0,0.4164850241097731,0.12201286124462266,0.20545990678207937,0.6714723468683024,0.8459406061893971,1.0,0.47191418064600515
0.35146667913387436,0.0,1.0,0.5289940628350661,0.1674117758965092,0.18220028672830782,0.603016623068465,1.0,0.266259133098319
0.4475486105380248,0.0,0.14135725743975933,0.42394029793952853,0.3728716826785883,0.5104217238055202,0.39614049654371747,1.0,0.42640628890066756
0.2967897784843659,0.0,0.8890414747094496,0.47315147946297326,0.0,0.6071027768770906,0.19635264905717364,1.0,0.3932304068346581
0.46444287442470567,0.0,0.19946700131131068,0.18771261017343852,0.6725007134024541,0.5817152032138913,0.18564997000592226,1.0,0.506320852242891
0.20293293253815084,0.0,0.262538961863401,0.3363868903647751,0.20545990678207937,0.6629466030596405,0.7939432940550919,1.0,0.6501540188102056
0.04619078965554042,1.0,0.6157681979802686,0.09724781320302923,0.3391990868448587,0.6798362518019515,0.5615859748821336,0.6666666666666667,0.9513118761785319
0.10532734593194482,0.0,0.3421797544155716,0.06290988974844465,0.3391990868448587,0.8694212041115921,0.5258833844449431,1.0,0.685256167671145
0.2838506251971953,0.0,0.8079255550297071,0.033366003815453855,0.3985541710263483,0.2630249156348188,0.0807804836174166,1.0,0.7954017597510931
0.19314790717878577,0.0,0.832213101129138,0.017205449150945445,0.2739465423761057,0.8530969648359956,0.4852612959838728,1.0,0.998357165730088
0.28876008245330487,0.0,0.5091813176012003,0.18551948404277288,0.44135831827261496,0.3107356106060817,0.4761896292261189,1.0,0.5689835350655286
0.4771240078721354,0.0,0.27342704887785657,0.2770997156639513,0.44135831827261496,0.481236094821642,0.17048485481029405,1.0,0.2935951742465152
0.27248403142775596,0.0,0.3808488149773106,0.0200809692728526,0.6388281175687242,0.5391116980281595,0.11551950806972591,0.6666666666666667,0.41777080554461515
0.06468184903849661,1.0,0.7048447560117087,0.09188717229565008,0.3391990868448587,0.6798362518019515,0.5600282728364079,0.6666666666666667,0.9438893188803814
0.2991276578447537,0.0,0.4880320478677344,0.04350007438390219,0.3728716826785883,0.5121921721965701,0.12809047653857125,0.6666666666666667,0.8447560572758326
0.35015283702353045,0.0,0.1977719079750104,0.7520507443295142,0.2739465423761057,0.44702964990076605,0.7091130761477534,1.0,0.39028652877718956
0.4225091104270856,0.0,0.7554833054768785,0.20154876304062377,0.5402834585750975,0.3789602701073593,0.32173334420933086,1.0,0.172635664895624
0.3784491658714478,1.0,1.0,0.02181307878769706,0.0,0.3648450642173536,0.1084253380330307,1.0,0.9906312937742907
0.4816146089200129,0.0,0.43319534024982814,0.3768707600636932,0.3728716826785883,0.5030917789547366,0.15260428872903709,0.6666666666666667,0.31756316595840023
0.25426589606484434,0.0,0.9740206281369427,0.8432823888833141,0.20545990678207937,0.6575540969431461,0.23673136445682125,1.0,0.34943517485670805
0.5938409058387372,1.0,1.0,0.01026231752198166,0.13373918006277966,0.4223631438826331,0.08999634078744162,1.0,0.9906312937742907
0.4626439908133664,0.0,0.2947028226496026,0.15812513667762879,0.3728716826785883,0.6588850425394788,0.08076734813752336,1.0,0.5110472771811304
0.3764936810018842,0.0,1.0,0.06939641935104264,0.3728716826785883,0.24369815219878327,0.45549096816151435,0.6666666666666667,0.21087591620777513
0.6654037496783397,0.0,0.6506700828388944,0.22837909972336287,0.3728716826785883,0.2545324384049584,0.0,0.6666666666666667,0.24607992287798255
0.21588449343720303,0.0,0.307481860496852,0.7745726998814616,0.5066108627413676,0.3139772006335999,0.4921158404753726,0.6666666666666667,0.2501790251172035
0.24077377310683573,0.0,0.12812436655110315,0.11858928059248428,0.3728716826785883,0.2749777733165369,0.5834719681408507,0.6666666666666667,0.5106926439280256
0.6196376636404941,0.0,0.5586519501570306,0.2564484987894672,0.5402834585750975,0.12276374680813655,0.0,1.0,0.12096500469381313
0.4219495467920483,0.0,0.8386204072367662,0.19306866065908615,0.5402834585750975,0.3793462322913878,0.3150970338163621,0.6666666666666667,0.16728673781974882
0.645235408777206,0.0,1.0,0.040903747485434946,0.1674117758965092,0.43431878678020247,0.05518274568071801,1.0,0.280426820873347
0.127445744629358,1.0,0.8768408064674553,0.03642409496782171,0.3391990868448587,0.859391128452723,0.4973564457677133,1.0,0.9928489940408991
0.39857378402502674,0.0,0.479497384372167,0.4598885539389779,0.5402834585750975,0.3427429130086151,0.28387000097027043,1.0,0.23936103947433418
0.4092053402328679,0.0,1.0,0.5585320465995813,0.3348235517930181,0.3028136676931721,0.2689844524921655,1.0,0.23642972933673606
0.08858638989781635,0.0,0.6247623334952725,0.3111951410764137,0.3391990868448587,0.6829056522150675,0.8086686417484586,0.6666666666666667,0.6050431530474236
0.27613164213325153,0.0,0.43419384234453445,0.8407213706220216,0.3728716826785883,0.4760212017902626,0.3985862931935756,1.0,0.5929647508054543
0.2767864286347805,0.0,0.782067187093796,0.3478341640499684,0.7714258537049365,0.4431704765982349,0.15179161619496326,0.33333333333333337,0.7271668488301269
0.34568886789542586,0.0,0.17450494815317935,0.751897349393636,0.20545990678207937,0.6696766839712844,0.7098001718454782,1.0,0.39028652877718956
0.3978571328818691,0.0,1.0,0.3521565789553989,0.4033101873870445,0.34477295400244934,0.23510023933395005,1.0,0.25073980363534204
0.5791462258540848,0.0,0.995020027331823,0.27129552427517467,0.6040140778084276,0.3070009406402321,0.0,0.33333333333333337,0.3615446475209055
0.22808324780387132,0.0,0.3076466472356605,0.5515391786086135,0.20545990678207937,0.8101775307119221,0.82693327793616,1.0,0.4715247473164405
0.3185407271367834,0.0,1.0,0.03459140838959038,0.23114239512983942,0.6643911054413199,0.0,0.6666666666666667,0.41527278078050245
0.3087176672283429,0.0,1.0,0.42461965797718604,0.06848663559402636,0.3934800016697793,0.6645381905226081,1.0,0.39102211603025827
0.49004916132659304,0.0,0.6303535817564635,0.5664466317019949,0.5066108627413676,0.5267838406749303,0.0,1.0,0.33022883542291326
0.3006785644853736,1.0,0.404228745380548,0.24891225332293834,0.43660230191191846,0.729282749476836,0.2510925796098705,1.0,0.7001256227138157
0.24257061806662003,0.0,0.3344117825605641,0.5456116663810973,0.575097498335394,0.358909010935138,0.4567095511516542,0.6666666666666667,0.5956592283248108
0.1713885391783818,0.0,0.5624729084507797,0.05964113092571148,0.3391990868448587,0.8534475823391088,0.42308335129542846,1.0,0.46098605483063976
0.6021986792140505,0.0,1.0,0.05800769596857896,0.1674117758965092,0.1933706595371972,0.051745063251966816,1.0,0.8655163755901212
0.3723133831425005,0.0,0.4333992252097697,0.2824974365649579,0.20545990678207937,0.6328782799925214,0.896266960704076,0.6666666666666667,0.4387543843372367
0.5737771763266571,0.0,0.8791622053932343,0.055671817325906224,0.3728716826785883,0.2546353160801392,0.04653377159361238,0.6666666666666667,0.2524692578635582
0.20813150644543277,0.0,0.7435009062757656,0.11845634074281315,0.1674117758965092,0.20595607771820154,0.5900141566290701,1.0,0.26387326916773396
0.4942613813343765,0.0,1.0,0.44074094140165476,0.1674117758965092,0.1634076830086617,0.6338064286364807,1.0,0.2662593047348418
0.3240463617724012,0.0,0.288419700302481,0.8415536303517891,0.20545990678207937,0.8101775307119221,0.7129159100477573,1.0,0.4715247473164405
0.37270968869190557,0.0,0.37226387319477094,0.6780213209915806,0.6040140778084276,0.3649539659476328,0.12519544374429661,0.33333333333333337,0.5789714281194558
0.40701462950795053,0.0,0.050626942704305296,0.2038621571940936,0.0,0.39619704783131215,0.7339492680059245,1.0,0.5202722096150952
0.3653609494722601,0.0,0.8166570819063576,0.5863680595926317,0.5066108627413676,0.3917172791724991,0.0,0.6666666666666667,0.7414667020356791
0.43097723928667714,0.0,0.48858260379545526,0.985380340153903,0.30115095595928854,0.31226629186445887,0.1481631675083858,1.0,0.5572798772441293
0.7402548871733697,0.0,0.25163610526855446,0.027311820456059923,0.06848663559402636,0.4967826113582313,0.7809603876748618,1.0,0.5900723268451954
1.0,0.0,0.12347386376898163,0.2661087972753094,0.0,0.5159728196132142,0.6508384550577293,1.0,0.5619668570542397
0.39569906969211177,0.0,0.035625277057951855,0.20480369393831147,0.0,0.42013741509885527,0.7128139894358837,1.0,0.5659290544998024
0.024418407085281313,1.0,0.7552814113124511,0.3732758465526849,0.0,0.4185292538340496,0.21279036235749074,1.0,0.9576610024566643
0.6271426913561441,0.0,0.557354355478642,0.7985856615829887,0.5402834585750975,0.2034762911770393,0.0,0.6666666666666667,0.05722153393546854
0.482171781655615,0.0,0.846739799519824,0.7401515291301156,0.3348235517930181,0.0261102088437619,0.03624276478630575,1.0,0.7475907381447354
0.5123221159389096,1.0,0.8101533489541513,0.3792932867362892,0.0,0.3369042539345311,0.1863206114893724,1.0,1.0
0.7336652677052894,0.0,0.18951635235688696,0.07235636002994962,0.20545990678207937,0.41205424214449515,0.9159865600503846,0.6666666666666667,0.6746323795314424
0.03636398281898346,1.0,0.7286358371911582,0.4296022180387491,0.3391990868448587,0.8653325580534877,0.28806256200806657,1.0,0.9565114305506996
0.6289771585262441,0.0,0.5819169974665492,0.6694216775501906,0.5402834585750975,0.5284514632772442,0.0,1.0,0.05722153393546854
0.7412842420549118,0.0,0.2140022737929369,0.062227350970623256,0.43660230191191846,0.863242078081364,0.913807921384066,0.33333333333333337,0.38350835446715287
0.23307309336675563,0.0,0.9096324893871923,0.5927142908925522,0.5322933510891277,0.3814563499262385,0.0,0.6666666666666667,0.46953845003505607
0.9200695970554215,0.0,0.07826966982577652,0.2886284092228376,0.23114239512983942,0.5741598692986053,0.6635506602196392,1.0,0.5610026108101348
0.48375136294639537,0.0,0.734199027672399,0.8893811999743559,0.5659659469228572,0.18090121246699847,0.05201787020296289,1.0,0.2079669248834068
0.31942801818552635,0.0,0.4575202430834054,0.5278520133606177,0.6344525825168839,0.623488858622578,0.22128079127475836,0.6666666666666667,0.13232746319533667
0.5506152092479887,0.0,0.5170747870262677,0.7199986817124604,0.8399124892989629,0.7075754814978983,0.033578212294192715,0.33333333333333337,0.2778264274257262
0.3584176197038527,0.0,0.4225614391271537,0.9385018590117834,0.6740226386378768,0.2472231745792053,0.19249532695925464,1.0,0.17480453112544897
0.7399006913808257,0.0,0.6565643068128164,0.13086366230572488,0.0,0.39619704783131215,0.6028942162719736,1.0,0.518721756537695
0.40238304687077003,0.0,0.4397470491962062,0.4866442406806571,0.6997051269856366,0.5909436366609571,0.21215516618753852,1.0,0.2754509948746973
0.7550306026019366,0.0,0.23594427522575356,0.05138926771113126,0.06848663559402636,0.8172276143491407,0.8945596278668692,1.0,0.6770761407867489
0.6158187935890348,0.0,0.3463508764057509,0.541685166607087,0.3728716826785883,0.6159586944638507,0.07427833530040857,0.6666666666666667,0.391601061521647
0.39484823408059183,0.0,0.6352762657200739,0.8809886740057531,0.46704080662037467,0.3064544392908769,0.13023015981921698,0.6666666666666667,0.24717166202708932
0.2971528637666205,0.0,1.0,0.865762807208631,0.1674117758965092,0.1831984457192899,0.0,1.0,0.7852951800880762
0.30752162025108104,0.0,0.32220306570360074,0.7016694302803304,0.44135831827261496,0.6844866892918328,0.18497740149477818,0.6666666666666667,0.46711883834335716
0.37675991373547846,0.0,0.5452916608919569,0.6718741792125317,0.3348235517930181,0.03921557090450515,0.1915702884371903,1.0,0.12786100631073954
0.23860733449111216,0.0,0.2679487345294063,0.4645178487361058,0.06848663559402636,0.44340982552913927,0.3540035417447419,1.0,0.8695367374822717
0.7602265419528967,1.0,0.2209793842055672,0.0392987389536819,0.43660230191191846,0.49271322952508434,0.8255592714893712,0.6666666666666667,0.9122254642224307
0.4234092704828866,1.0,0.07052317300181753,0.07589905923999275,0.7989156282697613,0.9419231870456718,0.7457022000306817,0.6666666666666667,0.7038699853338038
0.4413047675418271,0.0,0.9731294428951465,0.6077282909486793,0.23589841149053556,0.28271069943260047,0.10440891490777617,1.0,0.860633735169643
0.5554686451867529,0.0,0.6752459154907042,0.4074714896049738,0.6997051269856366,0.6544818694991791,0.019560181129294793,0.6666666666666667,0.20753308107377694
0.2822817428585083,0.0,0.09647744129608507,0.12592905059510504,0.29962903072386576,0.5437058993762627,0.5711852477978979,1.0,0.8742814239493455
0.8237903115080921,0.0,0.7684793634887733,0.07384936250540405,0.2739465423761057,0.5028431673538056,0.4535511555951732,1.0,0.6733505119014499
0.14290610621482172,0.0,0.8645200329595955,0.34623394835092663,0.0,0.7777424546196162,0.11133253046602998,1.0,0.5129434793922107
0.5791968969073586,0.0,0.9340516074321396,0.48261518794021574,0.600779986683154,0.3831338657479418,0.0,0.6666666666666667,0.769154327712248
0.4602631431484244,0.0,0.18974523025448276,0.3609983970669522,0.4333682107866451,0.6571535606098091,0.431470774575617,1.0,0.8950785564752233
0.9985325367372767,0.0,0.12234843300765263,0.4009815975475402,0.06848663559402636,0.47473058236146476,0.6499617809125074,1.0,0.5658094485361347
0.1820212410546588,0.0,0.9615441729296388,0.9589498229703682,0.3728716826785883,0.25162855057099487,0.0,0.6666666666666667,0.3878285612080413
0.3615252477555069,0.0,0.41102572291320266,0.8406960982976391,0.46856273185579744,0.5275235176901624,0.2624180259460944,1.0,0.0861038734235906
0.40405632536489183,0.0,0.5702721629268828,0.6625933303036381,0.30115095595928854,0.7361586251357094,0.10986951912367128,1.0,0.8491717895703684
0.34300391786642864,0.0,0.5876216094810853,0.6875495395018938,0.1674117758965092,0.23396260309308886,0.10633954078055523,1.0,0.8491717895703684
0.3202821016592088,0.0,0.5636767287804185,0.5124884102720951,0.3985541710263483,0.6336619809036004,0.11633216653457011,0.6666666666666667,0.5489465872941547
0.42475565655648895,0.0,0.5223873231814297,0.6465520088079079,0.5402834585750975,0.10712754630624918,0.12940863575576295,1.0,0.29916209119940723
0.43060791196040343,0.0,0.14529683459159812,0.1717450339205616,0.40768572243888507,0.6318997481385626,0.5231200667739144,1.0,0.9269497327689334
0.6165239697827897,0.0,0.6940524295778691,0.24162537226748174,0.20545990678207937,0.505758793153919,0.39077939746170925,1.0,0.37736065895797116
0.42528939370016505,0.0,0.08466051169690023,0.09547075389337703,0.5703414819746978,0.9105496890464284,0.7457021840254837,0.6666666666666667,0.668507378260106
0.4722118351138485,0.0,0.414479436024441,0.2940525141405545,0.23114239512983942,0.8101343370014238,0.6008471702618349,1.0,0.4580969022443966
0.5155544533620553,0.0,0.8442029557830059,0.7594995195731137,0.46856273185579744,0.1335673099600425,0.013751340371749039,1.0,0.5448039245815072
0.40427506946950803,0.0,0.10520148101494155,0.1670266443729131,0.0,0.4100168322957457,0.676702983599002,1.0,0.6823947954282988
0.5913722294708836,0.0,0.5126822119993967,0.6240696683324415,0.6087700941691239,0.22690884540937334,0.0,1.0,0.07745699292729019
0.3519931399982649,0.0,0.6135995621474735,0.5463399968675628,0.3348235517930181,0.07564561263759473,0.17749402649381119,1.0,0.31958335497397095
0.10326699599442697,1.0,0.7790226750472529,0.5024896039879242,0.13373918006277966,0.4760473334993291,0.1898832351749903,1.0,0.9869275504322683
0.24840512927036118,0.0,0.5964884815505895,0.6346748762990435,0.1674117758965092,0.24752920175161894,0.1661933257145455,1.0,0.44077218063924234
0.11722371350842711,0.0,0.11447814841486723,0.11630003185757361,0.40768572243888507,0.6320009523948158,0.47692142440194013,1.0,0.41271131098448194
0.441347391300632,0.0,0.4257843430367855,0.600112998345126,0.7714258537049365,0.21677890758065205,0.14656116942790925,0.6666666666666667,0.06741452827957468
0.22165154380233887,0.0,0.8889796854414783,0.5489890245900492,0.5066108627413676,0.37853808031259095,0.002931936888084531,0.6666666666666667,0.44183438670105696
0.2888985188996625,0.0,0.1331973773391349,0.2668067582438424,0.13373918006277966,0.477655850647831,0.5811190919591789,1.0,0.5650895909921309
0.2904898014054489,0.0,0.1426539834251289,0.32740717058297286,0.5050889375059449,0.8727276772872924,0.5606667521177882,0.6666666666666667,0.5922337565275265
0.19943065761311407,0.0,0.7965697360786338,0.8395579750788312,0.3728716826785883,0.6757097612045366,0.0,0.6666666666666667,0.7541100108899188
0.6915902807670911,0.0,0.7133110386762771,0.17073395754046017,0.0,0.4284271332514521,0.46757998328689176,1.0,0.5684398059582737
0.47960284535303804,0.0,0.5352227040271194,0.6124783043873068,0.1674117758965092,0.26948495693177504,0.07645717978611609,1.0,0.3449661833335402
0.30270636639593557,0.0,0.8984085234952378,0.840222313736796,0.3348235517930181,0.4686446744095307,0.0,1.0,0.6289950927057494
0.4922433708275779,0.0,0.8764773752074283,0.4935049566780457,0.3348235517930181,0.13497370343743653,0.01834757791343697,1.0,0.7475907381447354
0.5424265255127804,0.0,0.173436097384185,0.14872334008802865,0.06848663559402636,0.496185176231235,0.6566407574675851,1.0,0.47063900455340824
0.42302909444905995,0.0,0.5717440077649103,0.5888835614152963,0.5370493674498238,0.24324459626612346,0.11778060274247369,1.0,0.22307390186436007
0.4897122049322452,0.0,0.3027346199040697,0.8294608306557578,0.5402834585750975,0.1844758226970224,0.07542600615630356,1.0,0.1756439946331268
0.36190823849489373,0.0,0.8841139697219452,0.6141010480009688,0.3348235517930181,0.026306623742022497,0.011239816959169533,1.0,0.6337157701971259
0.3867786217352675,0.0,0.394533574518436,0.25035575830086,0.3348235517930181,0.07466542054743307,0.29204781637646704,1.0,0.45364014896546495
0.5257719143189222,0.0,0.9143951271118416,0.39030376831171426,0.36963759155331494,0.7141627010955053,0.0,1.0,0.19055837868152722
0.6084448530006005,0.0,0.37953591114172214,0.5451189345617471,0.3728716826785883,0.6426553137366969,0.07714483358707377,0.6666666666666667,0.5499264169234288
0.4678517112268716,0.0,0.21089983174729185,0.17790949562715133,0.20545990678207937,0.49629560583664345,0.7106001549640878,1.0,0.30745137030380737
0.3867786217352675,0.0,0.394533574518436,0.25035575830086,0.3348235517930181,0.07466542054743307,0.29204781637646704,1.0,0.45364014896546495
0.5675656528553197,0.0,0.9420770824832425,0.4848119941650266,0.5322933510891277,0.33937362563425577,0.0,0.6666666666666667,0.7675877571171082
0.48479976379834666,0.0,0.5773513528093711,0.4865636168582316,0.2739465423761057,0.4462996046418991,0.45329479882487156,1.0,0.5465832955006359
0.5076171583005625,1.0,0.2650481602297216,0.3441381172848634,0.5703414819746978,0.984638462170436,0.45871387462550567,0.6666666666666667,0.7040863463036252
0.8419658883699479,0.0,0.7501751580926788,0.057813841974153644,0.2739465423761057,0.5028431673538056,0.5000918318850563,1.0,0.9222258191970798
0.46443270235925543,1.0,0.13124909305596716,0.2122232841902838,0.0,0.37132843773833774,0.726583616782615,1.0,0.9100053572845768
0.4198738203769483,0.0,0.42316023796759006,0.5940561350027238,0.7714258537049365,0.21677890758065205,0.18192738291564406,0.6666666666666667,0.2048786884174964
0.9994405985068632,0.0,0.12263206547822102,0.2685628983141113,0.20222581565680603,0.619505363010717,0.6518744099155047,1.0,0.5619668570542397
0.8411395900492759,1.0,0.725726773278338,0.057476893259130156,0.20545990678207937,0.5750869158425274,0.513525954542928,1.0,0.9203146206159165
0.48130603883450856,1.0,0.0932694226861146,0.19645990003332237,0.36488157519261843,0.47505971047094264,0.6667357606358835,1.0,0.7950337609498461
0.4319623604829044,0.0,0.8181156593193788,0.2372936735876435,0.3348235517930181,0.3734642380798457,0.07223762860594317,1.0,0.6324695702310451
0.3898618332006856,0.0,0.5302607037383897,0.018697819238922928,0.45971654142490254,0.7770163194638887,0.7880042220023897,0.33333333333333337,0.5541755704599332
0.455258205045278,0.0,1.0,0.039439102259740656,0.3985541710263483,0.31626312973779785,0.0,0.6666666666666667,0.5750057535401168
0.3615385130776669,0.0,0.3375785849527988,0.01824821145502221,0.0,0.5447426105334049,0.917513021184554,1.0,0.698402461954805
0.4174418924154809,0.0,1.0,0.06169489434925387,0.3348235517930181,0.07969171098166825,0.24256608555164547,1.0,0.19348434398271855
0.0,0.0,0.5610920991853676,0.2997715224888945,0.0,0.42141598689558696,0.6888158595819582,1.0,0.4400856362279372
0.30251524523604273,0.0,0.7608053666995406,0.7915856840594496,0.6740226386378768,0.2527680862421243,0.22221297324350137,1.0,0.10116468820766492
0.3168944567385526,0.0,0.07717766922613209,0.024119721434933024,0.43660230191191846,0.5186755135940512,0.7016553164167625,0.33333333333333337,0.6810352314865371
0.9069446504593756,0.0,0.2124238790033408,0.037209831005794634,0.2739465423761057,0.8271773824564135,0.4269802942609382,1.0,0.6991338228989561
0.4702138164274573,1.0,1.0,0.9746774344029362,0.0,0.4340311035256672,0.0,1.0,0.9800217501624922
0.3628262126069079,1.0,0.36637387073259114,0.022073179336959386,0.0,0.46485136436217567,0.8328339937845716,1.0,0.9955949066067332
0.35923902679158537,0.0,0.33752283350802587,0.01802459774287333,0.0,0.5447426105334049,0.9179959788620969,1.0,0.6872224506585254
0.508553686536605,0.0,0.7454300223780884,0.01913633655107518,0.9663274041662702,0.4522290953725187,0.5511209712577845,0.6666666666666667,0.4289388260871801
0.3069111750767269,1.0,0.9647650618050675,0.8227851388390676,0.23114239512983942,0.4505214432879233,0.14037178126336514,0.6666666666666667,0.9888823955827866
0.23409289935187647,0.0,1.0,0.0217394922404731,0.5703414819746978,0.9513899131524677,0.5442932736710987,0.33333333333333337,0.44386597663401745
0.5131901887653114,0.0,1.0,0.016083354462808286,0.06848663559402636,0.7098699812467396,0.9144217774452617,1.0,0.6937025998728975
0.20730621143108346,0.0,0.5638488910134708,0.07509485021643501,0.13373918006277966,0.613393325281489,0.5537740992641148,1.0,0.4970829368090955
0.5864911912747984,0.0,0.5918922642513963,0.5026054388705489,0.5402834585750975,0.18701090742429657,0.0,0.6666666666666667,0.28842437438423346
0.1317038587687239,0.0,0.627770740281846,0.6888827892162925,0.30115095595928854,0.32371326077987067,0.2851458339727977,1.0,0.39549332488130456
0.4039117962131777,0.0,1.0,0.17522149996588665,0.7425092742319032,0.29946682828476323,0.17681912478522321,0.6666666666666667,0.44889876262455763
0.10889228315283764,1.0,0.9157001158954344,0.7747382495830548,0.23114239512983942,0.5040513329894679,0.045919096044856854,0.6666666666666667,0.7513503057775386
0.6176625035964973,0.0,0.8503216118024767,0.28577252468003495,0.905165033767716,0.3051379005710486,0.0,0.6666666666666667,0.2719166948687635
0.4591473628476027,0.0,0.6519968934938927,0.5621602919887128,0.7425092742319032,0.30584576269083613,0.20055032315561416,1.0,0.10116468820766492
0.7883569599317224,0.0,0.6947552082561964,0.027482823447405443,0.23114239512983942,0.7369371957230167,0.42864254044399075,0.6666666666666667,0.6897694114335196
0.6919468958500243,1.0,0.25438457863448605,0.022701110199038553,0.43660230191191846,0.5116668774926684,0.8039183194406458,0.6666666666666667,0.9759086000175657
0.14138811136938884,0.0,0.41940535653165323,0.02696172621203805,0.06848663559402636,0.7828402905820813,0.8938389320316716,1.0,0.4232269520951576
0.562318861778342,0.0,0.5956416392528473,0.5059454007206603,0.905165033767716,0.2835093242521619,0.0,1.0,0.2845457904707471
0.7721682776826461,1.0,0.6115986692075129,0.04386043110059259,0.0,0.5604778919132235,0.6274530779570365,1.0,0.7034594521888624
0.6547943391910329,1.0,0.5619281143255216,0.10012852167726703,0.22857414629506342,0.7301391668589003,0.4345449421972128,0.6666666666666667,0.82451864282362
0.30089167101307646,1.0,0.17891025444910733,0.13057758841920414,0.0,0.6843066552627678,0.32292966231867776,1.0,0.8677822008561519
0.02391943540265703,0.0,0.8069742558679065,0.6138367885521336,0.23114239512983942,0.4857821965087088,0.2671604593862383,0.6666666666666667,0.5992567588696258
0.4534998926269331,0.0,0.3510439947069597,0.06962229049414727,0.3728716826785883,0.3442960905475817,0.614684813464125,1.0,0.22853701694146458
0.21008513719175578,0.0,0.43164885826880445,0.2023273392926018,0.1674117758965092,0.260312720546726,0.5540410111709845,1.0,0.5626545928836608
0.3148550628369129,0.0,1.0,0.895536806710037,0.3348235517930181,0.11509989894947166,0.17856196554636222,1.0,0.7272235654589498
0.4707387389141451,0.0,0.6059359822417746,0.030784666448351088,0.6725007134024541,0.4280505591994826,0.5365283634064337,0.6666666666666667,0.3242250080938863
0.4639701591917916,0.0,0.6476674200741133,0.2508186131987481,0.4033101873870445,0.22851565459389697,0.22680117905107927,1.0,0.1912168047904973
0.11363973662090396,0.0,0.5370659351346293,0.08125013415108095,0.6388281175687242,0.8978764499126399,0.6643111370401025,0.33333333333333337,0.4921381464088589
0.22171824476583335,0.0,0.5819297089494972,0.3784206912314951,0.8062398934652334,0.5933097930054024,0.408813443066106,0.33333333333333337,0.4639761178077748
0.30727253738317195,0.0,0.8958510498514765,0.8382186814433038,0.46856273185579744,0.1903943918027561,0.18883398341836533,1.0,0.27037840669713525
0.22915105310828218,1.0,0.7787543963404551,0.34035564123119744,0.0,0.4034764138329134,0.34062546883926886,1.0,0.7151994978752555
0.4592484620658218,0.0,1.0,0.25452619614435384,0.4033101873870445,0.22851565459389697,0.0,1.0,0.10991522692261187
0.2764204677824574,0.0,0.8180948806472389,0.10625226883088486,0.1674117758965092,0.3782781353266548,0.5045769203141399,1.0,0.37196801862492607
0.8380942813518948,0.0,0.29851651377232447,0.03255080693580955,0.2739465423761057,0.8271773824564135,0.4233315540856311,1.0,0.8066873035177662
0.3052669658948622,0.0,1.0,0.7790757887799579,0.0,0.6916184816481217,0.14750021372372293,1.0,0.4970829368090955
0.5092722468078595,0.0,0.680543995441579,0.08275456505294852,0.6087700941691239,0.21907140008468717,0.07952839661476695,1.0,0.454209174800983
0.36211652377504067,0.0,0.6865175658337499,0.5780677191353477,0.6740226386378768,0.25305623685990164,0.22055766755027767,0.6666666666666667,0.2709882423076261
0.5202311857791606,0.0,0.7367606381666651,0.3544270334688398,0.20545990678207937,0.47867898765008504,0.37931732284850944,0.6666666666666667,0.5094911548395525
0.049935313434500604,0.0,0.9093186530250452,0.6605388285017927,0.06848663559402636,0.6313687339760228,0.22692778481095763,1.0,0.5206082430654742
0.31322979396188877,0.0,0.8295384110226494,0.7066192297186674,0.2739465423761057,0.5107714799841883,0.06468263695368359,0.6666666666666667,0.3430860045790246
0.36408088378330994,0.0,0.25952916733743386,0.02734241130269945,0.44135831827261496,0.3372904130252548,0.46161893559381917,0.6666666666666667,0.5559203133023677
0.4389990695456776,0.0,1.0,0.07483924057179032,0.5659659469228572,0.1940053156300227,0.1287874698550963,0.6666666666666667,0.2503606847435061
0.16634089394484539,0.0,1.0,0.31636230395229387,0.5282031770189292,0.5625793892177507,0.7142966431676747,0.6666666666666667,0.4894038939793382
0.24194967246759955,0.0,0.8840530208113121,0.027643608742041505,0.600779986683154,0.7224982424011327,0.5658747755537065,0.6666666666666667,0.8523821218162116
0.22171824476583335,0.0,0.5819297089494972,0.3784206912314951,0.8062398934652334,0.5933097930054024,0.408813443066106,0.33333333333333337,0.4639761178077748
0.8505986974781767,0.0,0.29948512651286185,0.03392747974168965,0.2739465423761057,0.8268479220518411,0.41491588652513495,1.0,0.8066873035177662
0.16061912326614866,1.0,0.627889603255897,0.4630304012027612,0.20545990678207937,0.4416899176004101,0.5719663179681047,0.6666666666666667,0.9849935344213679
0.5954294780687187,0.0,0.19392654739759924,0.03518459853645077,0.20545990678207937,0.7326523556365717,0.6033047013820089,1.0,0.5361650048072393
0.07710270513018391,0.0,1.0,0.8654348412738013,0.06848663559402636,0.4908247301404204,0.05084494611906439,1.0,0.9774592125482228
0.42479944336006425,1.0,0.8318225081817833,0.5376656967339472,0.43660230191191846,0.5508035222129128,0.04345414648313418,0.6666666666666667,0.7605529725212006
0.21683627259865157,0.0,0.8579326764132688,0.6603556031903607,0.36488157519261843,0.5317966340551535,0.22375176097442992,0.6666666666666667,0.3512670753252291
0.18134916947892904,0.0,0.5753793962037757,0.014524660567135719,0.5703414819746978,0.8146645170629807,0.753134564496048,0.6666666666666667,0.549286257638641
0.410508348172676,0.0,0.318407193010086,0.03537494834729888,0.6040140778084276,0.674056189452822,0.4247610690408648,0.33333333333333337,0.678362948098143
0.4312703587038929,0.0,0.9301212753966808,0.6382856095289726,0.0,0.46381688958822176,0.08536949825904988,1.0,0.36014506329095086
0.3559219656254867,0.0,0.22828092600055244,0.04360601039591519,0.44135831827261496,0.33711159093626575,0.5329936210877937,0.6666666666666667,0.8598786162371985
0.5862294464579337,1.0,0.15164623121599782,0.24524245579329002,0.0,0.6735398169510652,0.4090831934068678,1.0,0.882699406599384
0.462195068813886,0.0,0.7896271045860668,0.1478443231578959,0.06848663559402636,0.4910846158102975,0.3600877608584221,1.0,0.9340628629811629
0.28213428957641984,0.0,0.8239053425424072,0.1048766162443366,0.30115095595928854,0.44729983092499,0.5080346608982265,1.0,0.37196801862492607
0.48983176108457743,0.0,1.0,0.3041763721537357,0.3348235517930181,0.12422503109027823,0.061719385106654666,1.0,0.7278389886807749
0.11521998918954456,0.0,0.4364407169003624,0.2621858462817327,0.13373918006277966,0.47893406656086634,0.5920314086577378,1.0,0.6877695110678302
0.5022529040444056,0.0,0.7826732800822487,0.1575156017494647,0.06848663559402636,0.4910846158102975,0.3621749610902512,1.0,0.9351086218265097
0.23911962768050324,0.0,0.5072260077671344,0.21101344864934055,0.1674117758965092,0.14821586283279772,0.4094370687584158,1.0,0.5626545928836608
0.43524957397541775,0.0,0.4801610959887754,0.05493556521622683,0.8325882241034911,0.6734837760663859,0.27300424802321205,0.33333333333333337,0.4288868437616762
0.5377140706382226,0.0,0.7487737232526018,0.3544270334688398,0.20545990678207937,0.47867898765008504,0.34767023119548374,0.6666666666666667,0.5094911548395525
0.3275140500383178,0.0,0.13839159204674795,0.04638773336908,0.2739465423761057,0.8271773824564135,0.7435913012885726,1.0,0.7006049128646169
0.2414535615264145,0.0,0.3799867431659489,0.41246089907080535,0.8062398934652334,0.46438251623507704,0.36787463513885604,0.6666666666666667,0.21647920617137012
0.23952306602914977,0.0,1.0,0.024042122428444515,0.43660230191191846,0.9115020735108774,0.5302655951112097,0.33333333333333337,0.4456481603830814
0.43524957397541775,0.0,0.4801610959887754,0.05493556521622683,0.8325882241034911,0.6734837760663859,0.27300424802321205,0.33333333333333337,0.4288868437616762
0.9069422989260572,0.0,0.2538573057136269,0.03337570552833632,0.2739465423761057,0.8271773824564135,0.4269794201077901,1.0,0.6991338228989561
0.19870254172844734,0.0,0.41303858989440323,0.027099116620237763,0.4333682107866451,0.8665029519133965,0.883740708581562,0.6666666666666667,0.9673650536198963
0.48408950085015734,0.0,0.6749514013353036,0.02918000252607438,0.44135831827261496,0.3979227125886805,0.4170544654298939,0.6666666666666667,0.2286398223858278
0.42187293511471885,0.0,0.7722848714424364,0.6245649466403798,0.43660230191191846,0.6485176704204105,0.12010812658619595,0.33333333333333337,0.595108532350606
0.11798806303423948,0.0,0.7722346870709198,0.5977304627931137,0.43660230191191846,0.5516665624155634,0.12021901547975267,0.6666666666666667,0.5896431509842417
0.6687284304871447,0.0,0.5475282646235735,0.017036588868144083,0.06848663559402636,0.785673129329721,0.6715035422687606,1.0,0.9673650536198963
0.5294762478769782,0.0,0.5606143884422137,0.048264940802051674,0.30115095595928854,0.5736692422922924,0.08071907372912938,1.0,0.4110500866230697
0.4416596629490065,1.0,0.888374754160134,0.020118776226203217,0.0,0.8024058283912848,0.6262982728081281,1.0,0.7930910036405403
0.17202283449820063,0.0,0.20816797698399048,0.04327547529808349,0.29962903072386576,0.7988059838962634,0.5794391280191719,0.6666666666666667,0.8077214622498365
0.060423193391156,0.0,0.6899776519736174,0.36538822014670735,0.20545990678207937,0.4607024457735072,0.1433411000356962,0.6666666666666667,0.5896431509842417
0.619748088841253,0.0,0.33977410580805995,0.02661615741049739,0.6040140778084276,0.4007683869462196,0.44454828215488745,1.0,0.21525775452328197
0.3436939965675272,0.0,1.0,0.5307834595557658,0.5659659469228572,0.1569143523439401,0.2165362209076164,0.6666666666666667,0.7443754021908299
0.4617335527996473,0.0,0.8814115982078176,0.5096483410307584,0.20545990678207937,0.4812424959050784,0.02313781460197076,0.6666666666666667,0.6171645758643781
0.11451377830500387,0.0,0.4436536252277923,0.2651260767419694,0.13373918006277966,0.47893406656086634,0.5916861933182872,1.0,0.6989495223641101
0.35184161506086153,1.0,0.14069913015834892,0.048304458366605914,0.20545990678207937,0.4416899176004101,0.6358791654812356,0.6666666666666667,0.9849935344213679
0.4980040763596897,0.0,0.32001825521814353,0.019843980512200054,0.6388281175687242,0.8338634175652522,0.8144248515983706,1.0,0.35856907259230225
0.4501584817948746,0.0,0.9509548249551885,0.15419633904573074,0.20545990678207937,0.4648576440766997,0.6993732539075773,0.6666666666666667,0.5094911548395525
0.5792764820643475,0.0,1.0,0.4132436322384742,0.46856273185579744,0.16766871625495597,0.0,1.0,0.26999673550795783
0.45091112342903555,0.0,0.5716940081730877,0.1246585272820214,0.2739465423761057,0.7893867822882958,0.749857179098413,0.6666666666666667,0.7069665417068824
